solid OpenSCAD_Model
  facet normal -0.989209 -0.146513 0
    outer loop
      vertex -18.9101 -12.2942 0
      vertex -18.9403 -12.0903 14
      vertex -18.9403 -12.0903 0
    endloop
  endfacet
  facet normal -0.989209 -0.146513 0
    outer loop
      vertex -18.9403 -12.0903 14
      vertex -18.9101 -12.2942 0
      vertex -18.9101 -12.2942 14
    endloop
  endfacet
  facet normal -0.998798 -0.0490178 0
    outer loop
      vertex -18.9 -12.5 0
      vertex -18.9101 -12.2942 14
      vertex -18.9101 -12.2942 0
    endloop
  endfacet
  facet normal -0.998798 -0.0490178 0
    outer loop
      vertex -18.9101 -12.2942 14
      vertex -18.9 -12.5 0
      vertex -18.9 -12.5 14
    endloop
  endfacet
  facet normal -0.97 -0.243106 0
    outer loop
      vertex -18.9403 -12.0903 0
      vertex -18.9904 -11.8904 14
      vertex -18.9904 -11.8904 0
    endloop
  endfacet
  facet normal -0.97 -0.243106 0
    outer loop
      vertex -18.9904 -11.8904 14
      vertex -18.9403 -12.0903 0
      vertex -18.9403 -12.0903 14
    endloop
  endfacet
  facet normal -0.998798 0.0490178 0
    outer loop
      vertex -18.9101 -12.7058 0
      vertex -18.9 -12.5 14
      vertex -18.9 -12.5 0
    endloop
  endfacet
  facet normal -0.998798 0.0490178 0
    outer loop
      vertex -18.9 -12.5 14
      vertex -18.9101 -12.7058 0
      vertex -18.9101 -12.7058 14
    endloop
  endfacet
  facet normal -0.337258 0.941412 0
    outer loop
      vertex -20.1964 -14.4401 0
      vertex -20.3904 -14.5096 14
      vertex -20.1964 -14.4401 14
    endloop
  endfacet
  facet normal -0.337258 0.941412 0
    outer loop
      vertex -20.3904 -14.5096 14
      vertex -20.1964 -14.4401 0
      vertex -20.3904 -14.5096 0
    endloop
  endfacet
  facet normal 0.427502 0.904014 -0
    outer loop
      vertex -21.8036 -14.4401 0
      vertex -21.9899 -14.352 14
      vertex -21.8036 -14.4401 14
    endloop
  endfacet
  facet normal 0.427502 0.904014 0
    outer loop
      vertex -21.9899 -14.352 14
      vertex -21.8036 -14.4401 0
      vertex -21.9899 -14.352 0
    endloop
  endfacet
  facet normal 0.989138 0.146988 0
    outer loop
      vertex -23.0596 -12.9097 14
      vertex -23.0899 -12.7058 0
      vertex -23.0899 -12.7058 14
    endloop
  endfacet
  facet normal 0.989138 0.146988 0
    outer loop
      vertex -23.0899 -12.7058 0
      vertex -23.0596 -12.9097 14
      vertex -23.0596 -12.9097 0
    endloop
  endfacet
  facet normal 0.671561 -0.740949 0
    outer loop
      vertex -22.4849 -11.0151 0
      vertex -22.3322 -10.8767 14
      vertex -22.4849 -11.0151 14
    endloop
  endfacet
  facet normal 0.671561 -0.740949 0
    outer loop
      vertex -22.3322 -10.8767 14
      vertex -22.4849 -11.0151 0
      vertex -22.3322 -10.8767 0
    endloop
  endfacet
  facet normal 0.24265 0.970114 -0
    outer loop
      vertex -21.4097 -14.5596 0
      vertex -21.6096 -14.5096 14
      vertex -21.4097 -14.5596 14
    endloop
  endfacet
  facet normal 0.24265 0.970114 0
    outer loop
      vertex -21.6096 -14.5096 14
      vertex -21.4097 -14.5596 0
      vertex -21.6096 -14.5096 0
    endloop
  endfacet
  facet normal 0.970114 -0.24265 0
    outer loop
      vertex -23.0596 -12.0903 14
      vertex -23.0096 -11.8904 0
      vertex -23.0096 -11.8904 14
    endloop
  endfacet
  facet normal 0.970114 -0.24265 0
    outer loop
      vertex -23.0096 -11.8904 0
      vertex -23.0596 -12.0903 14
      vertex -23.0596 -12.0903 0
    endloop
  endfacet
  facet normal -0.803076 -0.595877 0
    outer loop
      vertex -19.2539 -11.3333 0
      vertex -19.3767 -11.1678 14
      vertex -19.3767 -11.1678 0
    endloop
  endfacet
  facet normal -0.803076 -0.595877 0
    outer loop
      vertex -19.3767 -11.1678 14
      vertex -19.2539 -11.3333 0
      vertex -19.2539 -11.3333 14
    endloop
  endfacet
  facet normal 0.0490178 -0.998798 0
    outer loop
      vertex -21.2058 -10.4101 0
      vertex -21 -10.4 14
      vertex -21.2058 -10.4101 14
    endloop
  endfacet
  facet normal 0.0490178 -0.998798 0
    outer loop
      vertex -21 -10.4 14
      vertex -21.2058 -10.4101 0
      vertex -21 -10.4 0
    endloop
  endfacet
  facet normal 0.740949 0.671561 0
    outer loop
      vertex -22.4849 -13.9849 14
      vertex -22.6233 -13.8322 0
      vertex -22.6233 -13.8322 14
    endloop
  endfacet
  facet normal 0.740949 0.671561 0
    outer loop
      vertex -22.6233 -13.8322 0
      vertex -22.4849 -13.9849 14
      vertex -22.4849 -13.9849 0
    endloop
  endfacet
  facet normal 0.595877 0.803076 -0
    outer loop
      vertex -22.1667 -14.2461 0
      vertex -22.3322 -14.1233 14
      vertex -22.1667 -14.2461 14
    endloop
  endfacet
  facet normal 0.595877 0.803076 0
    outer loop
      vertex -22.3322 -14.1233 14
      vertex -22.1667 -14.2461 0
      vertex -22.3322 -14.1233 0
    endloop
  endfacet
  facet normal -0.0490178 -0.998798 0
    outer loop
      vertex -21 -10.4 0
      vertex -20.7942 -10.4101 14
      vertex -21 -10.4 14
    endloop
  endfacet
  facet normal -0.0490178 -0.998798 -0
    outer loop
      vertex -20.7942 -10.4101 14
      vertex -21 -10.4 0
      vertex -20.7942 -10.4101 0
    endloop
  endfacet
  facet normal 0.803076 0.595877 0
    outer loop
      vertex -22.6233 -13.8322 14
      vertex -22.7461 -13.6667 0
      vertex -22.7461 -13.6667 14
    endloop
  endfacet
  facet normal 0.803076 0.595877 0
    outer loop
      vertex -22.7461 -13.6667 0
      vertex -22.6233 -13.8322 14
      vertex -22.6233 -13.8322 0
    endloop
  endfacet
  facet normal -0.989209 0.146513 0
    outer loop
      vertex -18.9403 -12.9097 0
      vertex -18.9101 -12.7058 14
      vertex -18.9101 -12.7058 0
    endloop
  endfacet
  facet normal -0.989209 0.146513 0
    outer loop
      vertex -18.9101 -12.7058 14
      vertex -18.9403 -12.9097 0
      vertex -18.9403 -12.9097 14
    endloop
  endfacet
  facet normal 0.740949 -0.671561 0
    outer loop
      vertex -22.6233 -11.1678 14
      vertex -22.4849 -11.0151 0
      vertex -22.4849 -11.0151 14
    endloop
  endfacet
  facet normal 0.740949 -0.671561 0
    outer loop
      vertex -22.4849 -11.0151 0
      vertex -22.6233 -11.1678 14
      vertex -22.6233 -11.1678 0
    endloop
  endfacet
  facet normal -0.941412 0.337258 0
    outer loop
      vertex -19.0599 -13.3036 0
      vertex -18.9904 -13.1096 14
      vertex -18.9904 -13.1096 0
    endloop
  endfacet
  facet normal -0.941412 0.337258 0
    outer loop
      vertex -18.9904 -13.1096 14
      vertex -19.0599 -13.3036 0
      vertex -19.0599 -13.3036 14
    endloop
  endfacet
  facet normal -0.941412 -0.337258 0
    outer loop
      vertex -18.9904 -11.8904 0
      vertex -19.0599 -11.6964 14
      vertex -19.0599 -11.6964 0
    endloop
  endfacet
  facet normal -0.941412 -0.337258 0
    outer loop
      vertex -19.0599 -11.6964 14
      vertex -18.9904 -11.8904 0
      vertex -18.9904 -11.8904 14
    endloop
  endfacet
  facet normal 0.904014 -0.427502 0
    outer loop
      vertex -22.9401 -11.6964 14
      vertex -22.852 -11.5101 0
      vertex -22.852 -11.5101 14
    endloop
  endfacet
  facet normal 0.904014 -0.427502 0
    outer loop
      vertex -22.852 -11.5101 0
      vertex -22.9401 -11.6964 14
      vertex -22.9401 -11.6964 0
    endloop
  endfacet
  facet normal -0.97 0.243106 0
    outer loop
      vertex -18.9904 -13.1096 0
      vertex -18.9403 -12.9097 14
      vertex -18.9403 -12.9097 0
    endloop
  endfacet
  facet normal -0.97 0.243106 0
    outer loop
      vertex -18.9403 -12.9097 14
      vertex -18.9904 -13.1096 0
      vertex -18.9904 -13.1096 14
    endloop
  endfacet
  facet normal -0.0490178 0.998798 0
    outer loop
      vertex -20.7942 -14.5899 0
      vertex -21 -14.6 14
      vertex -20.7942 -14.5899 14
    endloop
  endfacet
  facet normal -0.0490178 0.998798 0
    outer loop
      vertex -21 -14.6 14
      vertex -20.7942 -14.5899 0
      vertex -21 -14.6 0
    endloop
  endfacet
  facet normal -0.904014 -0.427502 0
    outer loop
      vertex -19.0599 -11.6964 0
      vertex -19.148 -11.5101 14
      vertex -19.148 -11.5101 0
    endloop
  endfacet
  facet normal -0.904014 -0.427502 0
    outer loop
      vertex -19.148 -11.5101 14
      vertex -19.0599 -11.6964 0
      vertex -19.0599 -11.6964 14
    endloop
  endfacet
  facet normal 0.941412 0.337258 0
    outer loop
      vertex -22.9401 -13.3036 14
      vertex -23.0096 -13.1096 0
      vertex -23.0096 -13.1096 14
    endloop
  endfacet
  facet normal 0.941412 0.337258 0
    outer loop
      vertex -23.0096 -13.1096 0
      vertex -22.9401 -13.3036 14
      vertex -22.9401 -13.3036 0
    endloop
  endfacet
  facet normal -0.427502 0.904014 0
    outer loop
      vertex -20.0101 -14.352 0
      vertex -20.1964 -14.4401 14
      vertex -20.0101 -14.352 14
    endloop
  endfacet
  facet normal -0.427502 0.904014 0
    outer loop
      vertex -20.1964 -14.4401 14
      vertex -20.0101 -14.352 0
      vertex -20.1964 -14.4401 0
    endloop
  endfacet
  facet normal -0.427502 -0.904014 0
    outer loop
      vertex -20.1964 -10.5599 0
      vertex -20.0101 -10.648 14
      vertex -20.1964 -10.5599 14
    endloop
  endfacet
  facet normal -0.427502 -0.904014 -0
    outer loop
      vertex -20.0101 -10.648 14
      vertex -20.1964 -10.5599 0
      vertex -20.0101 -10.648 0
    endloop
  endfacet
  facet normal 0.427502 -0.904014 0
    outer loop
      vertex -21.9899 -10.648 0
      vertex -21.8036 -10.5599 14
      vertex -21.9899 -10.648 14
    endloop
  endfacet
  facet normal 0.427502 -0.904014 0
    outer loop
      vertex -21.8036 -10.5599 14
      vertex -21.9899 -10.648 0
      vertex -21.8036 -10.5599 0
    endloop
  endfacet
  facet normal -0.595877 0.803076 0
    outer loop
      vertex -19.6678 -14.1233 0
      vertex -19.8333 -14.2461 14
      vertex -19.6678 -14.1233 14
    endloop
  endfacet
  facet normal -0.595877 0.803076 0
    outer loop
      vertex -19.8333 -14.2461 14
      vertex -19.6678 -14.1233 0
      vertex -19.8333 -14.2461 0
    endloop
  endfacet
  facet normal -0.740949 0.671561 0
    outer loop
      vertex -19.5151 -13.9849 0
      vertex -19.3767 -13.8322 14
      vertex -19.3767 -13.8322 0
    endloop
  endfacet
  facet normal -0.740949 0.671561 0
    outer loop
      vertex -19.3767 -13.8322 14
      vertex -19.5151 -13.9849 0
      vertex -19.5151 -13.9849 14
    endloop
  endfacet
  facet normal 0.904014 0.427502 0
    outer loop
      vertex -22.852 -13.4899 14
      vertex -22.9401 -13.3036 0
      vertex -22.9401 -13.3036 14
    endloop
  endfacet
  facet normal 0.904014 0.427502 0
    outer loop
      vertex -22.9401 -13.3036 0
      vertex -22.852 -13.4899 14
      vertex -22.852 -13.4899 0
    endloop
  endfacet
  facet normal -0.146988 0.989138 0
    outer loop
      vertex -20.5903 -14.5596 0
      vertex -20.7942 -14.5899 14
      vertex -20.5903 -14.5596 14
    endloop
  endfacet
  facet normal -0.146988 0.989138 0
    outer loop
      vertex -20.7942 -14.5899 14
      vertex -20.5903 -14.5596 0
      vertex -20.7942 -14.5899 0
    endloop
  endfacet
  facet normal -0.24265 -0.970114 0
    outer loop
      vertex -20.5903 -10.4404 0
      vertex -20.3904 -10.4904 14
      vertex -20.5903 -10.4404 14
    endloop
  endfacet
  facet normal -0.24265 -0.970114 -0
    outer loop
      vertex -20.3904 -10.4904 14
      vertex -20.5903 -10.4404 0
      vertex -20.3904 -10.4904 0
    endloop
  endfacet
  facet normal -0.857878 0.513853 0
    outer loop
      vertex -19.2539 -13.6667 0
      vertex -19.148 -13.4899 14
      vertex -19.148 -13.4899 0
    endloop
  endfacet
  facet normal -0.857878 0.513853 0
    outer loop
      vertex -19.148 -13.4899 14
      vertex -19.2539 -13.6667 0
      vertex -19.2539 -13.6667 14
    endloop
  endfacet
  facet normal -0.671561 -0.740949 0
    outer loop
      vertex -19.6678 -10.8767 0
      vertex -19.5151 -11.0151 14
      vertex -19.6678 -10.8767 14
    endloop
  endfacet
  facet normal -0.671561 -0.740949 -0
    outer loop
      vertex -19.5151 -11.0151 14
      vertex -19.6678 -10.8767 0
      vertex -19.5151 -11.0151 0
    endloop
  endfacet
  facet normal 0.989138 -0.146988 0
    outer loop
      vertex -23.0899 -12.2942 14
      vertex -23.0596 -12.0903 0
      vertex -23.0596 -12.0903 14
    endloop
  endfacet
  facet normal 0.989138 -0.146988 0
    outer loop
      vertex -23.0596 -12.0903 0
      vertex -23.0899 -12.2942 14
      vertex -23.0899 -12.2942 0
    endloop
  endfacet
  facet normal -0.595877 -0.803076 0
    outer loop
      vertex -19.8333 -10.7539 0
      vertex -19.6678 -10.8767 14
      vertex -19.8333 -10.7539 14
    endloop
  endfacet
  facet normal -0.595877 -0.803076 -0
    outer loop
      vertex -19.6678 -10.8767 14
      vertex -19.8333 -10.7539 0
      vertex -19.6678 -10.8767 0
    endloop
  endfacet
  facet normal -0.513853 -0.857878 0
    outer loop
      vertex -20.0101 -10.648 0
      vertex -19.8333 -10.7539 14
      vertex -20.0101 -10.648 14
    endloop
  endfacet
  facet normal -0.513853 -0.857878 -0
    outer loop
      vertex -19.8333 -10.7539 14
      vertex -20.0101 -10.648 0
      vertex -19.8333 -10.7539 0
    endloop
  endfacet
  facet normal -0.803076 0.595877 0
    outer loop
      vertex -19.3767 -13.8322 0
      vertex -19.2539 -13.6667 14
      vertex -19.2539 -13.6667 0
    endloop
  endfacet
  facet normal -0.803076 0.595877 0
    outer loop
      vertex -19.2539 -13.6667 14
      vertex -19.3767 -13.8322 0
      vertex -19.3767 -13.8322 14
    endloop
  endfacet
  facet normal -0.337258 -0.941412 0
    outer loop
      vertex -20.3904 -10.4904 0
      vertex -20.1964 -10.5599 14
      vertex -20.3904 -10.4904 14
    endloop
  endfacet
  facet normal -0.337258 -0.941412 -0
    outer loop
      vertex -20.1964 -10.5599 14
      vertex -20.3904 -10.4904 0
      vertex -20.1964 -10.5599 0
    endloop
  endfacet
  facet normal 0.857878 0.513853 0
    outer loop
      vertex -22.7461 -13.6667 14
      vertex -22.852 -13.4899 0
      vertex -22.852 -13.4899 14
    endloop
  endfacet
  facet normal 0.857878 0.513853 0
    outer loop
      vertex -22.852 -13.4899 0
      vertex -22.7461 -13.6667 14
      vertex -22.7461 -13.6667 0
    endloop
  endfacet
  facet normal -0.24265 0.970114 0
    outer loop
      vertex -20.3904 -14.5096 0
      vertex -20.5903 -14.5596 14
      vertex -20.3904 -14.5096 14
    endloop
  endfacet
  facet normal -0.24265 0.970114 0
    outer loop
      vertex -20.5903 -14.5596 14
      vertex -20.3904 -14.5096 0
      vertex -20.5903 -14.5596 0
    endloop
  endfacet
  facet normal -0.740949 -0.671561 0
    outer loop
      vertex -19.3767 -11.1678 0
      vertex -19.5151 -11.0151 14
      vertex -19.5151 -11.0151 0
    endloop
  endfacet
  facet normal -0.740949 -0.671561 0
    outer loop
      vertex -19.5151 -11.0151 14
      vertex -19.3767 -11.1678 0
      vertex -19.3767 -11.1678 14
    endloop
  endfacet
  facet normal -0.857878 -0.513853 0
    outer loop
      vertex -19.148 -11.5101 0
      vertex -19.2539 -11.3333 14
      vertex -19.2539 -11.3333 0
    endloop
  endfacet
  facet normal -0.857878 -0.513853 0
    outer loop
      vertex -19.2539 -11.3333 14
      vertex -19.148 -11.5101 0
      vertex -19.148 -11.5101 14
    endloop
  endfacet
  facet normal 0.513853 -0.857878 0
    outer loop
      vertex -22.1667 -10.7539 0
      vertex -21.9899 -10.648 14
      vertex -22.1667 -10.7539 14
    endloop
  endfacet
  facet normal 0.513853 -0.857878 0
    outer loop
      vertex -21.9899 -10.648 14
      vertex -22.1667 -10.7539 0
      vertex -21.9899 -10.648 0
    endloop
  endfacet
  facet normal 0.24265 -0.970114 0
    outer loop
      vertex -21.6096 -10.4904 0
      vertex -21.4097 -10.4404 14
      vertex -21.6096 -10.4904 14
    endloop
  endfacet
  facet normal 0.24265 -0.970114 0
    outer loop
      vertex -21.4097 -10.4404 14
      vertex -21.6096 -10.4904 0
      vertex -21.4097 -10.4404 0
    endloop
  endfacet
  facet normal 0.146988 -0.989138 0
    outer loop
      vertex -21.4097 -10.4404 0
      vertex -21.2058 -10.4101 14
      vertex -21.4097 -10.4404 14
    endloop
  endfacet
  facet normal 0.146988 -0.989138 0
    outer loop
      vertex -21.2058 -10.4101 14
      vertex -21.4097 -10.4404 0
      vertex -21.2058 -10.4101 0
    endloop
  endfacet
  facet normal 0.337258 -0.941412 0
    outer loop
      vertex -21.8036 -10.5599 0
      vertex -21.6096 -10.4904 14
      vertex -21.8036 -10.5599 14
    endloop
  endfacet
  facet normal 0.337258 -0.941412 0
    outer loop
      vertex -21.6096 -10.4904 14
      vertex -21.8036 -10.5599 0
      vertex -21.6096 -10.4904 0
    endloop
  endfacet
  facet normal 0.998798 -0.0490178 0
    outer loop
      vertex -23.1 -12.5 14
      vertex -23.0899 -12.2942 0
      vertex -23.0899 -12.2942 14
    endloop
  endfacet
  facet normal 0.998798 -0.0490178 0
    outer loop
      vertex -23.0899 -12.2942 0
      vertex -23.1 -12.5 14
      vertex -23.1 -12.5 0
    endloop
  endfacet
  facet normal 0.803076 -0.595877 0
    outer loop
      vertex -22.7461 -11.3333 14
      vertex -22.6233 -11.1678 0
      vertex -22.6233 -11.1678 14
    endloop
  endfacet
  facet normal 0.803076 -0.595877 0
    outer loop
      vertex -22.6233 -11.1678 0
      vertex -22.7461 -11.3333 14
      vertex -22.7461 -11.3333 0
    endloop
  endfacet
  facet normal 0.970114 0.24265 0
    outer loop
      vertex -23.0096 -13.1096 14
      vertex -23.0596 -12.9097 0
      vertex -23.0596 -12.9097 14
    endloop
  endfacet
  facet normal 0.970114 0.24265 0
    outer loop
      vertex -23.0596 -12.9097 0
      vertex -23.0096 -13.1096 14
      vertex -23.0096 -13.1096 0
    endloop
  endfacet
  facet normal -0.904014 0.427502 0
    outer loop
      vertex -19.148 -13.4899 0
      vertex -19.0599 -13.3036 14
      vertex -19.0599 -13.3036 0
    endloop
  endfacet
  facet normal -0.904014 0.427502 0
    outer loop
      vertex -19.0599 -13.3036 14
      vertex -19.148 -13.4899 0
      vertex -19.148 -13.4899 14
    endloop
  endfacet
  facet normal -0.513853 0.857878 0
    outer loop
      vertex -19.8333 -14.2461 0
      vertex -20.0101 -14.352 14
      vertex -19.8333 -14.2461 14
    endloop
  endfacet
  facet normal -0.513853 0.857878 0
    outer loop
      vertex -20.0101 -14.352 14
      vertex -19.8333 -14.2461 0
      vertex -20.0101 -14.352 0
    endloop
  endfacet
  facet normal 0.941412 -0.337258 0
    outer loop
      vertex -23.0096 -11.8904 14
      vertex -22.9401 -11.6964 0
      vertex -22.9401 -11.6964 14
    endloop
  endfacet
  facet normal 0.941412 -0.337258 0
    outer loop
      vertex -22.9401 -11.6964 0
      vertex -23.0096 -11.8904 14
      vertex -23.0096 -11.8904 0
    endloop
  endfacet
  facet normal 0.0490178 0.998798 -0
    outer loop
      vertex -21 -14.6 0
      vertex -21.2058 -14.5899 14
      vertex -21 -14.6 14
    endloop
  endfacet
  facet normal 0.0490178 0.998798 0
    outer loop
      vertex -21.2058 -14.5899 14
      vertex -21 -14.6 0
      vertex -21.2058 -14.5899 0
    endloop
  endfacet
  facet normal 0.146988 0.989138 -0
    outer loop
      vertex -21.2058 -14.5899 0
      vertex -21.4097 -14.5596 14
      vertex -21.2058 -14.5899 14
    endloop
  endfacet
  facet normal 0.146988 0.989138 0
    outer loop
      vertex -21.4097 -14.5596 14
      vertex -21.2058 -14.5899 0
      vertex -21.4097 -14.5596 0
    endloop
  endfacet
  facet normal 0.595877 -0.803076 0
    outer loop
      vertex -22.3322 -10.8767 0
      vertex -22.1667 -10.7539 14
      vertex -22.3322 -10.8767 14
    endloop
  endfacet
  facet normal 0.595877 -0.803076 0
    outer loop
      vertex -22.1667 -10.7539 14
      vertex -22.3322 -10.8767 0
      vertex -22.1667 -10.7539 0
    endloop
  endfacet
  facet normal -0.671561 0.740949 0
    outer loop
      vertex -19.5151 -13.9849 0
      vertex -19.6678 -14.1233 14
      vertex -19.5151 -13.9849 14
    endloop
  endfacet
  facet normal -0.671561 0.740949 0
    outer loop
      vertex -19.6678 -14.1233 14
      vertex -19.5151 -13.9849 0
      vertex -19.6678 -14.1233 0
    endloop
  endfacet
  facet normal 0.337258 0.941412 -0
    outer loop
      vertex -21.6096 -14.5096 0
      vertex -21.8036 -14.4401 14
      vertex -21.6096 -14.5096 14
    endloop
  endfacet
  facet normal 0.337258 0.941412 0
    outer loop
      vertex -21.8036 -14.4401 14
      vertex -21.6096 -14.5096 0
      vertex -21.8036 -14.4401 0
    endloop
  endfacet
  facet normal -0.146988 -0.989138 0
    outer loop
      vertex -20.7942 -10.4101 0
      vertex -20.5903 -10.4404 14
      vertex -20.7942 -10.4101 14
    endloop
  endfacet
  facet normal -0.146988 -0.989138 -0
    outer loop
      vertex -20.5903 -10.4404 14
      vertex -20.7942 -10.4101 0
      vertex -20.5903 -10.4404 0
    endloop
  endfacet
  facet normal 0.671561 0.740949 -0
    outer loop
      vertex -22.3322 -14.1233 0
      vertex -22.4849 -13.9849 14
      vertex -22.3322 -14.1233 14
    endloop
  endfacet
  facet normal 0.671561 0.740949 0
    outer loop
      vertex -22.4849 -13.9849 14
      vertex -22.3322 -14.1233 0
      vertex -22.4849 -13.9849 0
    endloop
  endfacet
  facet normal 0.857878 -0.513853 0
    outer loop
      vertex -22.852 -11.5101 14
      vertex -22.7461 -11.3333 0
      vertex -22.7461 -11.3333 14
    endloop
  endfacet
  facet normal 0.857878 -0.513853 0
    outer loop
      vertex -22.7461 -11.3333 0
      vertex -22.852 -11.5101 14
      vertex -22.852 -11.5101 0
    endloop
  endfacet
  facet normal 0.513853 0.857878 -0
    outer loop
      vertex -21.9899 -14.352 0
      vertex -22.1667 -14.2461 14
      vertex -21.9899 -14.352 14
    endloop
  endfacet
  facet normal 0.513853 0.857878 0
    outer loop
      vertex -22.1667 -14.2461 14
      vertex -21.9899 -14.352 0
      vertex -22.1667 -14.2461 0
    endloop
  endfacet
  facet normal 0.998798 0.0490178 0
    outer loop
      vertex -23.0899 -12.7058 14
      vertex -23.1 -12.5 0
      vertex -23.1 -12.5 14
    endloop
  endfacet
  facet normal 0.998798 0.0490178 0
    outer loop
      vertex -23.1 -12.5 0
      vertex -23.0899 -12.7058 14
      vertex -23.0899 -12.7058 0
    endloop
  endfacet
  facet normal -0.989209 -0.146513 0
    outer loop
      vertex -18.9101 12.7058 0
      vertex -18.9403 12.9097 14
      vertex -18.9403 12.9097 0
    endloop
  endfacet
  facet normal -0.989209 -0.146513 0
    outer loop
      vertex -18.9403 12.9097 14
      vertex -18.9101 12.7058 0
      vertex -18.9101 12.7058 14
    endloop
  endfacet
  facet normal -0.998798 -0.0490178 0
    outer loop
      vertex -18.9 12.5 0
      vertex -18.9101 12.7058 14
      vertex -18.9101 12.7058 0
    endloop
  endfacet
  facet normal -0.998798 -0.0490178 0
    outer loop
      vertex -18.9101 12.7058 14
      vertex -18.9 12.5 0
      vertex -18.9 12.5 14
    endloop
  endfacet
  facet normal -0.97 -0.243106 0
    outer loop
      vertex -18.9403 12.9097 0
      vertex -18.9904 13.1096 14
      vertex -18.9904 13.1096 0
    endloop
  endfacet
  facet normal -0.97 -0.243106 0
    outer loop
      vertex -18.9904 13.1096 14
      vertex -18.9403 12.9097 0
      vertex -18.9403 12.9097 14
    endloop
  endfacet
  facet normal 0.24265 -0.970114 0
    outer loop
      vertex -21.6096 14.5096 0
      vertex -21.4097 14.5596 14
      vertex -21.6096 14.5096 14
    endloop
  endfacet
  facet normal 0.24265 -0.970114 0
    outer loop
      vertex -21.4097 14.5596 14
      vertex -21.6096 14.5096 0
      vertex -21.4097 14.5596 0
    endloop
  endfacet
  facet normal 0.904014 0.427502 0
    outer loop
      vertex -22.852 11.5101 14
      vertex -22.9401 11.6964 0
      vertex -22.9401 11.6964 14
    endloop
  endfacet
  facet normal 0.904014 0.427502 0
    outer loop
      vertex -22.9401 11.6964 0
      vertex -22.852 11.5101 14
      vertex -22.852 11.5101 0
    endloop
  endfacet
  facet normal -0.427502 0.904014 0
    outer loop
      vertex -20.0101 10.648 0
      vertex -20.1964 10.5599 14
      vertex -20.0101 10.648 14
    endloop
  endfacet
  facet normal -0.427502 0.904014 0
    outer loop
      vertex -20.1964 10.5599 14
      vertex -20.0101 10.648 0
      vertex -20.1964 10.5599 0
    endloop
  endfacet
  facet normal 0.24265 0.970114 -0
    outer loop
      vertex -21.4097 10.4404 0
      vertex -21.6096 10.4904 14
      vertex -21.4097 10.4404 14
    endloop
  endfacet
  facet normal 0.24265 0.970114 0
    outer loop
      vertex -21.6096 10.4904 14
      vertex -21.4097 10.4404 0
      vertex -21.6096 10.4904 0
    endloop
  endfacet
  facet normal -0.513853 0.857878 0
    outer loop
      vertex -19.8333 10.7539 0
      vertex -20.0101 10.648 14
      vertex -19.8333 10.7539 14
    endloop
  endfacet
  facet normal -0.513853 0.857878 0
    outer loop
      vertex -20.0101 10.648 14
      vertex -19.8333 10.7539 0
      vertex -20.0101 10.648 0
    endloop
  endfacet
  facet normal 0.337258 0.941412 -0
    outer loop
      vertex -21.6096 10.4904 0
      vertex -21.8036 10.5599 14
      vertex -21.6096 10.4904 14
    endloop
  endfacet
  facet normal 0.337258 0.941412 0
    outer loop
      vertex -21.8036 10.5599 14
      vertex -21.6096 10.4904 0
      vertex -21.8036 10.5599 0
    endloop
  endfacet
  facet normal -0.337258 0.941412 0
    outer loop
      vertex -20.1964 10.5599 0
      vertex -20.3904 10.4904 14
      vertex -20.1964 10.5599 14
    endloop
  endfacet
  facet normal -0.337258 0.941412 0
    outer loop
      vertex -20.3904 10.4904 14
      vertex -20.1964 10.5599 0
      vertex -20.3904 10.4904 0
    endloop
  endfacet
  facet normal 0.671561 -0.740949 0
    outer loop
      vertex -22.4849 13.9849 0
      vertex -22.3322 14.1233 14
      vertex -22.4849 13.9849 14
    endloop
  endfacet
  facet normal 0.671561 -0.740949 0
    outer loop
      vertex -22.3322 14.1233 14
      vertex -22.4849 13.9849 0
      vertex -22.3322 14.1233 0
    endloop
  endfacet
  facet normal -0.24265 0.970114 0
    outer loop
      vertex -20.3904 10.4904 0
      vertex -20.5903 10.4404 14
      vertex -20.3904 10.4904 14
    endloop
  endfacet
  facet normal -0.24265 0.970114 0
    outer loop
      vertex -20.5903 10.4404 14
      vertex -20.3904 10.4904 0
      vertex -20.5903 10.4404 0
    endloop
  endfacet
  facet normal 0.857878 -0.513853 0
    outer loop
      vertex -22.852 13.4899 14
      vertex -22.7461 13.6667 0
      vertex -22.7461 13.6667 14
    endloop
  endfacet
  facet normal 0.857878 -0.513853 0
    outer loop
      vertex -22.7461 13.6667 0
      vertex -22.852 13.4899 14
      vertex -22.852 13.4899 0
    endloop
  endfacet
  facet normal 0.989138 -0.146988 0
    outer loop
      vertex -23.0899 12.7058 14
      vertex -23.0596 12.9097 0
      vertex -23.0596 12.9097 14
    endloop
  endfacet
  facet normal 0.989138 -0.146988 0
    outer loop
      vertex -23.0596 12.9097 0
      vertex -23.0899 12.7058 14
      vertex -23.0899 12.7058 0
    endloop
  endfacet
  facet normal -0.904014 -0.427502 0
    outer loop
      vertex -19.0599 13.3036 0
      vertex -19.148 13.4899 14
      vertex -19.148 13.4899 0
    endloop
  endfacet
  facet normal -0.904014 -0.427502 0
    outer loop
      vertex -19.148 13.4899 14
      vertex -19.0599 13.3036 0
      vertex -19.0599 13.3036 14
    endloop
  endfacet
  facet normal -0.803076 0.595877 0
    outer loop
      vertex -19.3767 11.1678 0
      vertex -19.2539 11.3333 14
      vertex -19.2539 11.3333 0
    endloop
  endfacet
  facet normal -0.803076 0.595877 0
    outer loop
      vertex -19.2539 11.3333 14
      vertex -19.3767 11.1678 0
      vertex -19.3767 11.1678 14
    endloop
  endfacet
  facet normal 0.595877 -0.803076 0
    outer loop
      vertex -22.3322 14.1233 0
      vertex -22.1667 14.2461 14
      vertex -22.3322 14.1233 14
    endloop
  endfacet
  facet normal 0.595877 -0.803076 0
    outer loop
      vertex -22.1667 14.2461 14
      vertex -22.3322 14.1233 0
      vertex -22.1667 14.2461 0
    endloop
  endfacet
  facet normal -0.595877 -0.803076 0
    outer loop
      vertex -19.8333 14.2461 0
      vertex -19.6678 14.1233 13.4
      vertex -19.8333 14.2461 13.4
    endloop
  endfacet
  facet normal -0.595877 -0.803076 -0
    outer loop
      vertex -19.6678 14.1233 13.4
      vertex -19.8333 14.2461 0
      vertex -19.6678 14.1233 0
    endloop
  endfacet
  facet normal -0.146988 -0.989138 0
    outer loop
      vertex -20.7942 14.5899 0
      vertex -20.5903 14.5596 14
      vertex -20.7942 14.5899 14
    endloop
  endfacet
  facet normal -0.146988 -0.989138 -0
    outer loop
      vertex -20.5903 14.5596 14
      vertex -20.7942 14.5899 0
      vertex -20.5903 14.5596 0
    endloop
  endfacet
  facet normal -0.803076 -0.595877 0
    outer loop
      vertex -19.2539 13.6667 0
      vertex -19.3767 13.8322 14
      vertex -19.3767 13.8322 0
    endloop
  endfacet
  facet normal -0.803076 -0.595877 0
    outer loop
      vertex -19.3767 13.8322 14
      vertex -19.2539 13.6667 0
      vertex -19.2539 13.6667 14
    endloop
  endfacet
  facet normal 0.513853 -0.857878 0
    outer loop
      vertex -22.1667 14.2461 0
      vertex -21.9899 14.352 14
      vertex -22.1667 14.2461 14
    endloop
  endfacet
  facet normal 0.513853 -0.857878 0
    outer loop
      vertex -21.9899 14.352 14
      vertex -22.1667 14.2461 0
      vertex -21.9899 14.352 0
    endloop
  endfacet
  facet normal -0.513478 -0.858103 0
    outer loop
      vertex -20.0101 14.352 14
      vertex -19.9481 14.3149 13.4
      vertex -19.9481 14.3149 14
    endloop
  endfacet
  facet normal -0.513478 -0.858103 0
    outer loop
      vertex -20.0101 14.352 0
      vertex -19.9481 14.3149 13.4
      vertex -20.0101 14.352 14
    endloop
  endfacet
  facet normal -0.514056 -0.857757 3.63551e-06
    outer loop
      vertex -20.0101 14.352 0
      vertex -19.8333 14.2461 13.4
      vertex -19.9481 14.3149 13.4
    endloop
  endfacet
  facet normal -0.513853 -0.857878 -0
    outer loop
      vertex -19.8333 14.2461 13.4
      vertex -20.0101 14.352 0
      vertex -19.8333 14.2461 0
    endloop
  endfacet
  facet normal -0.671561 -0.740949 0
    outer loop
      vertex -19.6678 14.1233 0
      vertex -19.5151 13.9849 13.4
      vertex -19.6678 14.1233 13.4
    endloop
  endfacet
  facet normal -0.671561 -0.740949 -0
    outer loop
      vertex -19.5151 13.9849 13.4
      vertex -19.6678 14.1233 0
      vertex -19.5151 13.9849 0
    endloop
  endfacet
  facet normal 0.941412 0.337258 0
    outer loop
      vertex -22.9401 11.6964 14
      vertex -23.0096 11.8904 0
      vertex -23.0096 11.8904 14
    endloop
  endfacet
  facet normal 0.941412 0.337258 0
    outer loop
      vertex -23.0096 11.8904 0
      vertex -22.9401 11.6964 14
      vertex -22.9401 11.6964 0
    endloop
  endfacet
  facet normal -0.998798 0.0490178 0
    outer loop
      vertex -18.9101 12.2942 0
      vertex -18.9 12.5 14
      vertex -18.9 12.5 0
    endloop
  endfacet
  facet normal -0.998798 0.0490178 0
    outer loop
      vertex -18.9 12.5 14
      vertex -18.9101 12.2942 0
      vertex -18.9101 12.2942 14
    endloop
  endfacet
  facet normal 0.427502 -0.904014 0
    outer loop
      vertex -21.9899 14.352 0
      vertex -21.8036 14.4401 14
      vertex -21.9899 14.352 14
    endloop
  endfacet
  facet normal 0.427502 -0.904014 0
    outer loop
      vertex -21.8036 14.4401 14
      vertex -21.9899 14.352 0
      vertex -21.8036 14.4401 0
    endloop
  endfacet
  facet normal -0.904014 0.427502 0
    outer loop
      vertex -19.148 11.5101 0
      vertex -19.0599 11.6964 14
      vertex -19.0599 11.6964 0
    endloop
  endfacet
  facet normal -0.904014 0.427502 0
    outer loop
      vertex -19.0599 11.6964 14
      vertex -19.148 11.5101 0
      vertex -19.148 11.5101 14
    endloop
  endfacet
  facet normal 0.595877 0.803076 -0
    outer loop
      vertex -22.1667 10.7539 0
      vertex -22.3322 10.8767 14
      vertex -22.1667 10.7539 14
    endloop
  endfacet
  facet normal 0.595877 0.803076 0
    outer loop
      vertex -22.3322 10.8767 14
      vertex -22.1667 10.7539 0
      vertex -22.3322 10.8767 0
    endloop
  endfacet
  facet normal 0.803076 -0.595877 0
    outer loop
      vertex -22.7461 13.6667 14
      vertex -22.6233 13.8322 0
      vertex -22.6233 13.8322 14
    endloop
  endfacet
  facet normal 0.803076 -0.595877 0
    outer loop
      vertex -22.6233 13.8322 0
      vertex -22.7461 13.6667 14
      vertex -22.7461 13.6667 0
    endloop
  endfacet
  facet normal 0.941412 -0.337258 0
    outer loop
      vertex -23.0096 13.1096 14
      vertex -22.9401 13.3036 0
      vertex -22.9401 13.3036 14
    endloop
  endfacet
  facet normal 0.941412 -0.337258 0
    outer loop
      vertex -22.9401 13.3036 0
      vertex -23.0096 13.1096 14
      vertex -23.0096 13.1096 0
    endloop
  endfacet
  facet normal -0.857878 -0.513853 0
    outer loop
      vertex -19.148 13.4899 0
      vertex -19.2539 13.6667 14
      vertex -19.2539 13.6667 0
    endloop
  endfacet
  facet normal -0.857878 -0.513853 0
    outer loop
      vertex -19.2539 13.6667 14
      vertex -19.148 13.4899 0
      vertex -19.148 13.4899 14
    endloop
  endfacet
  facet normal -0.941412 -0.337258 0
    outer loop
      vertex -18.9904 13.1096 0
      vertex -19.0599 13.3036 14
      vertex -19.0599 13.3036 0
    endloop
  endfacet
  facet normal -0.941412 -0.337258 0
    outer loop
      vertex -19.0599 13.3036 14
      vertex -18.9904 13.1096 0
      vertex -18.9904 13.1096 14
    endloop
  endfacet
  facet normal -0.97 0.243106 0
    outer loop
      vertex -18.9904 11.8904 0
      vertex -18.9403 12.0903 14
      vertex -18.9403 12.0903 0
    endloop
  endfacet
  facet normal -0.97 0.243106 0
    outer loop
      vertex -18.9403 12.0903 14
      vertex -18.9904 11.8904 0
      vertex -18.9904 11.8904 14
    endloop
  endfacet
  facet normal -0.989209 0.146513 0
    outer loop
      vertex -18.9403 12.0903 0
      vertex -18.9101 12.2942 14
      vertex -18.9101 12.2942 0
    endloop
  endfacet
  facet normal -0.989209 0.146513 0
    outer loop
      vertex -18.9101 12.2942 14
      vertex -18.9403 12.0903 0
      vertex -18.9403 12.0903 14
    endloop
  endfacet
  facet normal 0.513853 0.857878 -0
    outer loop
      vertex -21.9899 10.648 0
      vertex -22.1667 10.7539 14
      vertex -21.9899 10.648 14
    endloop
  endfacet
  facet normal 0.513853 0.857878 0
    outer loop
      vertex -22.1667 10.7539 14
      vertex -21.9899 10.648 0
      vertex -22.1667 10.7539 0
    endloop
  endfacet
  facet normal -0.337258 -0.941412 0
    outer loop
      vertex -20.3904 14.5096 0
      vertex -20.1964 14.4401 14
      vertex -20.3904 14.5096 14
    endloop
  endfacet
  facet normal -0.337258 -0.941412 -0
    outer loop
      vertex -20.1964 14.4401 14
      vertex -20.3904 14.5096 0
      vertex -20.1964 14.4401 0
    endloop
  endfacet
  facet normal 0.337258 -0.941412 0
    outer loop
      vertex -21.8036 14.4401 0
      vertex -21.6096 14.5096 14
      vertex -21.8036 14.4401 14
    endloop
  endfacet
  facet normal 0.337258 -0.941412 0
    outer loop
      vertex -21.6096 14.5096 14
      vertex -21.8036 14.4401 0
      vertex -21.6096 14.5096 0
    endloop
  endfacet
  facet normal -0.146988 0.989138 0
    outer loop
      vertex -20.5903 10.4404 0
      vertex -20.7942 10.4101 14
      vertex -20.5903 10.4404 14
    endloop
  endfacet
  facet normal -0.146988 0.989138 0
    outer loop
      vertex -20.7942 10.4101 14
      vertex -20.5903 10.4404 0
      vertex -20.7942 10.4101 0
    endloop
  endfacet
  facet normal -0.857878 0.513853 0
    outer loop
      vertex -19.2539 11.3333 0
      vertex -19.148 11.5101 14
      vertex -19.148 11.5101 0
    endloop
  endfacet
  facet normal -0.857878 0.513853 0
    outer loop
      vertex -19.148 11.5101 14
      vertex -19.2539 11.3333 0
      vertex -19.2539 11.3333 14
    endloop
  endfacet
  facet normal 0.0490178 -0.998798 0
    outer loop
      vertex -21.2058 14.5899 0
      vertex -21 14.6 14
      vertex -21.2058 14.5899 14
    endloop
  endfacet
  facet normal 0.0490178 -0.998798 0
    outer loop
      vertex -21 14.6 14
      vertex -21.2058 14.5899 0
      vertex -21 14.6 0
    endloop
  endfacet
  facet normal 0.998798 0.0490178 0
    outer loop
      vertex -23.0899 12.2942 14
      vertex -23.1 12.5 0
      vertex -23.1 12.5 14
    endloop
  endfacet
  facet normal 0.998798 0.0490178 0
    outer loop
      vertex -23.1 12.5 0
      vertex -23.0899 12.2942 14
      vertex -23.0899 12.2942 0
    endloop
  endfacet
  facet normal -0.941412 0.337258 0
    outer loop
      vertex -19.0599 11.6964 0
      vertex -18.9904 11.8904 14
      vertex -18.9904 11.8904 0
    endloop
  endfacet
  facet normal -0.941412 0.337258 0
    outer loop
      vertex -18.9904 11.8904 14
      vertex -19.0599 11.6964 0
      vertex -19.0599 11.6964 14
    endloop
  endfacet
  facet normal -0.427502 -0.904014 0
    outer loop
      vertex -20.1964 14.4401 0
      vertex -20.0101 14.352 14
      vertex -20.1964 14.4401 14
    endloop
  endfacet
  facet normal -0.427502 -0.904014 -0
    outer loop
      vertex -20.0101 14.352 14
      vertex -20.1964 14.4401 0
      vertex -20.0101 14.352 0
    endloop
  endfacet
  facet normal -0.740635 -0.671908 0
    outer loop
      vertex -19.5151 13.9849 0
      vertex -19.432 13.8933 13.4
      vertex -19.5151 13.9849 13.4
    endloop
  endfacet
  facet normal -0.740949 -0.671561 4.32001e-06
    outer loop
      vertex -19.3767 13.8322 0
      vertex -19.432 13.8933 13.4
      vertex -19.5151 13.9849 0
    endloop
  endfacet
  facet normal -0.741421 -0.67104 -0
    outer loop
      vertex -19.3767 13.8322 14
      vertex -19.432 13.8933 13.4
      vertex -19.3767 13.8322 0
    endloop
  endfacet
  facet normal -0.741421 -0.67104 0
    outer loop
      vertex -19.432 13.8933 13.4
      vertex -19.3767 13.8322 14
      vertex -19.432 13.8933 14
    endloop
  endfacet
  facet normal -0.0490178 -0.998798 0
    outer loop
      vertex -21 14.6 0
      vertex -20.7942 14.5899 14
      vertex -21 14.6 14
    endloop
  endfacet
  facet normal -0.0490178 -0.998798 -0
    outer loop
      vertex -20.7942 14.5899 14
      vertex -21 14.6 0
      vertex -20.7942 14.5899 0
    endloop
  endfacet
  facet normal 0.857878 0.513853 0
    outer loop
      vertex -22.7461 11.3333 14
      vertex -22.852 11.5101 0
      vertex -22.852 11.5101 14
    endloop
  endfacet
  facet normal 0.857878 0.513853 0
    outer loop
      vertex -22.852 11.5101 0
      vertex -22.7461 11.3333 14
      vertex -22.7461 11.3333 0
    endloop
  endfacet
  facet normal 0.146988 0.989138 -0
    outer loop
      vertex -21.2058 10.4101 0
      vertex -21.4097 10.4404 14
      vertex -21.2058 10.4101 14
    endloop
  endfacet
  facet normal 0.146988 0.989138 0
    outer loop
      vertex -21.4097 10.4404 14
      vertex -21.2058 10.4101 0
      vertex -21.4097 10.4404 0
    endloop
  endfacet
  facet normal -0.671519 0.740987 0
    outer loop
      vertex -19.5151 11.0151 13.4
      vertex -19.5151 11.0151 0
      vertex -19.6431 10.8991 13.4
    endloop
  endfacet
  facet normal -0.671777 0.740754 0
    outer loop
      vertex -19.6431 10.8991 13.4
      vertex -19.6678 10.8767 14
      vertex -19.6431 10.8991 14
    endloop
  endfacet
  facet normal -0.671561 0.740949 -7.24227e-07
    outer loop
      vertex -19.6678 10.8767 0
      vertex -19.6431 10.8991 13.4
      vertex -19.5151 11.0151 0
    endloop
  endfacet
  facet normal -0.671777 0.740754 0
    outer loop
      vertex -19.6431 10.8991 13.4
      vertex -19.6678 10.8767 0
      vertex -19.6678 10.8767 14
    endloop
  endfacet
  facet normal 0.0490178 0.998798 -0
    outer loop
      vertex -21 10.4 0
      vertex -21.2058 10.4101 14
      vertex -21 10.4 14
    endloop
  endfacet
  facet normal 0.0490178 0.998798 0
    outer loop
      vertex -21.2058 10.4101 14
      vertex -21 10.4 0
      vertex -21.2058 10.4101 0
    endloop
  endfacet
  facet normal 0.740949 -0.671561 0
    outer loop
      vertex -22.6233 13.8322 14
      vertex -22.4849 13.9849 0
      vertex -22.4849 13.9849 14
    endloop
  endfacet
  facet normal 0.740949 -0.671561 0
    outer loop
      vertex -22.4849 13.9849 0
      vertex -22.6233 13.8322 14
      vertex -22.6233 13.8322 0
    endloop
  endfacet
  facet normal 0.146988 -0.989138 0
    outer loop
      vertex -21.4097 14.5596 0
      vertex -21.2058 14.5899 14
      vertex -21.4097 14.5596 14
    endloop
  endfacet
  facet normal 0.146988 -0.989138 0
    outer loop
      vertex -21.2058 14.5899 14
      vertex -21.4097 14.5596 0
      vertex -21.2058 14.5899 0
    endloop
  endfacet
  facet normal 0.904014 -0.427502 0
    outer loop
      vertex -22.9401 13.3036 14
      vertex -22.852 13.4899 0
      vertex -22.852 13.4899 14
    endloop
  endfacet
  facet normal 0.904014 -0.427502 0
    outer loop
      vertex -22.852 13.4899 0
      vertex -22.9401 13.3036 14
      vertex -22.9401 13.3036 0
    endloop
  endfacet
  facet normal 0.671561 0.740949 -0
    outer loop
      vertex -22.3322 10.8767 0
      vertex -22.4849 11.0151 14
      vertex -22.3322 10.8767 14
    endloop
  endfacet
  facet normal 0.671561 0.740949 0
    outer loop
      vertex -22.4849 11.0151 14
      vertex -22.3322 10.8767 0
      vertex -22.4849 11.0151 0
    endloop
  endfacet
  facet normal 0.970114 -0.24265 0
    outer loop
      vertex -23.0596 12.9097 14
      vertex -23.0096 13.1096 0
      vertex -23.0096 13.1096 14
    endloop
  endfacet
  facet normal 0.970114 -0.24265 0
    outer loop
      vertex -23.0096 13.1096 0
      vertex -23.0596 12.9097 14
      vertex -23.0596 12.9097 0
    endloop
  endfacet
  facet normal -0.24265 -0.970114 0
    outer loop
      vertex -20.5903 14.5596 0
      vertex -20.3904 14.5096 14
      vertex -20.5903 14.5596 14
    endloop
  endfacet
  facet normal -0.24265 -0.970114 -0
    outer loop
      vertex -20.3904 14.5096 14
      vertex -20.5903 14.5596 0
      vertex -20.3904 14.5096 0
    endloop
  endfacet
  facet normal 0.970114 0.24265 0
    outer loop
      vertex -23.0096 11.8904 14
      vertex -23.0596 12.0903 0
      vertex -23.0596 12.0903 14
    endloop
  endfacet
  facet normal 0.970114 0.24265 0
    outer loop
      vertex -23.0596 12.0903 0
      vertex -23.0096 11.8904 14
      vertex -23.0096 11.8904 0
    endloop
  endfacet
  facet normal 0.427502 0.904014 -0
    outer loop
      vertex -21.8036 10.5599 0
      vertex -21.9899 10.648 14
      vertex -21.8036 10.5599 14
    endloop
  endfacet
  facet normal 0.427502 0.904014 0
    outer loop
      vertex -21.9899 10.648 14
      vertex -21.8036 10.5599 0
      vertex -21.9899 10.648 0
    endloop
  endfacet
  facet normal 0.740949 0.671561 0
    outer loop
      vertex -22.4849 11.0151 14
      vertex -22.6233 11.1678 0
      vertex -22.6233 11.1678 14
    endloop
  endfacet
  facet normal 0.740949 0.671561 0
    outer loop
      vertex -22.6233 11.1678 0
      vertex -22.4849 11.0151 14
      vertex -22.4849 11.0151 0
    endloop
  endfacet
  facet normal -0.0490178 0.998798 0
    outer loop
      vertex -20.7942 10.4101 0
      vertex -21 10.4 14
      vertex -20.7942 10.4101 14
    endloop
  endfacet
  facet normal -0.0490178 0.998798 0
    outer loop
      vertex -21 10.4 14
      vertex -20.7942 10.4101 0
      vertex -21 10.4 0
    endloop
  endfacet
  facet normal 0.989138 0.146988 0
    outer loop
      vertex -23.0596 12.0903 14
      vertex -23.0899 12.2942 0
      vertex -23.0899 12.2942 14
    endloop
  endfacet
  facet normal 0.989138 0.146988 0
    outer loop
      vertex -23.0899 12.2942 0
      vertex -23.0596 12.0903 14
      vertex -23.0596 12.0903 0
    endloop
  endfacet
  facet normal -0.595877 0.803076 0
    outer loop
      vertex -19.6678 10.8767 0
      vertex -19.8333 10.7539 14
      vertex -19.6678 10.8767 14
    endloop
  endfacet
  facet normal -0.595877 0.803076 0
    outer loop
      vertex -19.8333 10.7539 14
      vertex -19.6678 10.8767 0
      vertex -19.8333 10.7539 0
    endloop
  endfacet
  facet normal 0.803076 0.595877 0
    outer loop
      vertex -22.6233 11.1678 14
      vertex -22.7461 11.3333 0
      vertex -22.7461 11.3333 14
    endloop
  endfacet
  facet normal 0.803076 0.595877 0
    outer loop
      vertex -22.7461 11.3333 0
      vertex -22.6233 11.1678 14
      vertex -22.6233 11.1678 0
    endloop
  endfacet
  facet normal 0.998798 -0.0490178 0
    outer loop
      vertex -23.1 12.5 14
      vertex -23.0899 12.7058 0
      vertex -23.0899 12.7058 14
    endloop
  endfacet
  facet normal 0.998798 -0.0490178 0
    outer loop
      vertex -23.0899 12.7058 0
      vertex -23.1 12.5 14
      vertex -23.1 12.5 0
    endloop
  endfacet
  facet normal -0.74069 0.671847 0
    outer loop
      vertex -19.3767 11.1678 0
      vertex -19.4294 11.1097 13.4
      vertex -19.3767 11.1678 14
    endloop
  endfacet
  facet normal -0.740949 0.671561 -2.26321e-06
    outer loop
      vertex -19.5151 11.0151 0
      vertex -19.4294 11.1097 13.4
      vertex -19.3767 11.1678 0
    endloop
  endfacet
  facet normal -0.741109 0.671385 0
    outer loop
      vertex -19.4294 11.1097 13.4
      vertex -19.5151 11.0151 0
      vertex -19.5151 11.0151 13.4
    endloop
  endfacet
  facet normal -0.74069 0.671847 0
    outer loop
      vertex -19.3767 11.1678 14
      vertex -19.4294 11.1097 13.4
      vertex -19.4294 11.1097 14
    endloop
  endfacet
  facet normal -0.989138 -0.146988 0
    outer loop
      vertex 23.0899 -12.2942 0
      vertex 23.0596 -12.0903 14
      vertex 23.0596 -12.0903 0
    endloop
  endfacet
  facet normal -0.989138 -0.146988 0
    outer loop
      vertex 23.0596 -12.0903 14
      vertex 23.0899 -12.2942 0
      vertex 23.0899 -12.2942 14
    endloop
  endfacet
  facet normal -0.998798 -0.0490178 0
    outer loop
      vertex 23.1 -12.5 0
      vertex 23.0899 -12.2942 14
      vertex 23.0899 -12.2942 0
    endloop
  endfacet
  facet normal -0.998798 -0.0490178 0
    outer loop
      vertex 23.0899 -12.2942 14
      vertex 23.1 -12.5 0
      vertex 23.1 -12.5 14
    endloop
  endfacet
  facet normal -0.970114 -0.24265 0
    outer loop
      vertex 23.0596 -12.0903 0
      vertex 23.0096 -11.8904 14
      vertex 23.0096 -11.8904 0
    endloop
  endfacet
  facet normal -0.970114 -0.24265 0
    outer loop
      vertex 23.0096 -11.8904 14
      vertex 23.0596 -12.0903 0
      vertex 23.0596 -12.0903 14
    endloop
  endfacet
  facet normal -0.998798 0.0490178 0
    outer loop
      vertex 23.0899 -12.7058 0
      vertex 23.1 -12.5 14
      vertex 23.1 -12.5 0
    endloop
  endfacet
  facet normal -0.998798 0.0490178 0
    outer loop
      vertex 23.1 -12.5 14
      vertex 23.0899 -12.7058 0
      vertex 23.0899 -12.7058 14
    endloop
  endfacet
  facet normal -0.337258 0.941412 0
    outer loop
      vertex 21.8036 -14.4401 0
      vertex 21.6096 -14.5096 14
      vertex 21.8036 -14.4401 14
    endloop
  endfacet
  facet normal -0.337258 0.941412 0
    outer loop
      vertex 21.6096 -14.5096 14
      vertex 21.8036 -14.4401 0
      vertex 21.6096 -14.5096 0
    endloop
  endfacet
  facet normal 0.427502 0.904014 -0
    outer loop
      vertex 20.1964 -14.4401 0
      vertex 20.0101 -14.352 14
      vertex 20.1964 -14.4401 14
    endloop
  endfacet
  facet normal 0.427502 0.904014 0
    outer loop
      vertex 20.0101 -14.352 14
      vertex 20.1964 -14.4401 0
      vertex 20.0101 -14.352 0
    endloop
  endfacet
  facet normal 0.989209 0.146513 0
    outer loop
      vertex 18.9403 -12.9097 14
      vertex 18.9101 -12.7058 0
      vertex 18.9101 -12.7058 14
    endloop
  endfacet
  facet normal 0.989209 0.146513 0
    outer loop
      vertex 18.9101 -12.7058 0
      vertex 18.9403 -12.9097 14
      vertex 18.9403 -12.9097 0
    endloop
  endfacet
  facet normal 0.671561 -0.740949 0
    outer loop
      vertex 19.5151 -11.0151 0
      vertex 19.6678 -10.8767 14
      vertex 19.5151 -11.0151 14
    endloop
  endfacet
  facet normal 0.671561 -0.740949 0
    outer loop
      vertex 19.6678 -10.8767 14
      vertex 19.5151 -11.0151 0
      vertex 19.6678 -10.8767 0
    endloop
  endfacet
  facet normal 0.24265 0.970114 -0
    outer loop
      vertex 20.5903 -14.5596 0
      vertex 20.3904 -14.5096 14
      vertex 20.5903 -14.5596 14
    endloop
  endfacet
  facet normal 0.24265 0.970114 0
    outer loop
      vertex 20.3904 -14.5096 14
      vertex 20.5903 -14.5596 0
      vertex 20.3904 -14.5096 0
    endloop
  endfacet
  facet normal 0.97 -0.243106 0
    outer loop
      vertex 18.9403 -12.0903 14
      vertex 18.9904 -11.8904 0
      vertex 18.9904 -11.8904 14
    endloop
  endfacet
  facet normal 0.97 -0.243106 0
    outer loop
      vertex 18.9904 -11.8904 0
      vertex 18.9403 -12.0903 14
      vertex 18.9403 -12.0903 0
    endloop
  endfacet
  facet normal -0.803076 -0.595877 0
    outer loop
      vertex 22.7461 -11.3333 0
      vertex 22.6233 -11.1678 14
      vertex 22.6233 -11.1678 0
    endloop
  endfacet
  facet normal -0.803076 -0.595877 0
    outer loop
      vertex 22.6233 -11.1678 14
      vertex 22.7461 -11.3333 0
      vertex 22.7461 -11.3333 14
    endloop
  endfacet
  facet normal 0.0490178 -0.998798 0
    outer loop
      vertex 20.7942 -10.4101 0
      vertex 21 -10.4 14
      vertex 20.7942 -10.4101 14
    endloop
  endfacet
  facet normal 0.0490178 -0.998798 0
    outer loop
      vertex 21 -10.4 14
      vertex 20.7942 -10.4101 0
      vertex 21 -10.4 0
    endloop
  endfacet
  facet normal 0.740949 0.671561 0
    outer loop
      vertex 19.5151 -13.9849 14
      vertex 19.3767 -13.8322 0
      vertex 19.3767 -13.8322 14
    endloop
  endfacet
  facet normal 0.740949 0.671561 0
    outer loop
      vertex 19.3767 -13.8322 0
      vertex 19.5151 -13.9849 14
      vertex 19.5151 -13.9849 0
    endloop
  endfacet
  facet normal 0.595877 0.803076 -0
    outer loop
      vertex 19.8333 -14.2461 0
      vertex 19.6678 -14.1233 14
      vertex 19.8333 -14.2461 14
    endloop
  endfacet
  facet normal 0.595877 0.803076 0
    outer loop
      vertex 19.6678 -14.1233 14
      vertex 19.8333 -14.2461 0
      vertex 19.6678 -14.1233 0
    endloop
  endfacet
  facet normal -0.0490178 -0.998798 0
    outer loop
      vertex 21 -10.4 0
      vertex 21.2058 -10.4101 14
      vertex 21 -10.4 14
    endloop
  endfacet
  facet normal -0.0490178 -0.998798 -0
    outer loop
      vertex 21.2058 -10.4101 14
      vertex 21 -10.4 0
      vertex 21.2058 -10.4101 0
    endloop
  endfacet
  facet normal 0.803076 0.595877 0
    outer loop
      vertex 19.3767 -13.8322 14
      vertex 19.2539 -13.6667 0
      vertex 19.2539 -13.6667 14
    endloop
  endfacet
  facet normal 0.803076 0.595877 0
    outer loop
      vertex 19.2539 -13.6667 0
      vertex 19.3767 -13.8322 14
      vertex 19.3767 -13.8322 0
    endloop
  endfacet
  facet normal -0.989138 0.146988 0
    outer loop
      vertex 23.0596 -12.9097 0
      vertex 23.0899 -12.7058 14
      vertex 23.0899 -12.7058 0
    endloop
  endfacet
  facet normal -0.989138 0.146988 0
    outer loop
      vertex 23.0899 -12.7058 14
      vertex 23.0596 -12.9097 0
      vertex 23.0596 -12.9097 14
    endloop
  endfacet
  facet normal 0.740949 -0.671561 0
    outer loop
      vertex 19.3767 -11.1678 14
      vertex 19.5151 -11.0151 0
      vertex 19.5151 -11.0151 14
    endloop
  endfacet
  facet normal 0.740949 -0.671561 0
    outer loop
      vertex 19.5151 -11.0151 0
      vertex 19.3767 -11.1678 14
      vertex 19.3767 -11.1678 0
    endloop
  endfacet
  facet normal -0.941412 0.337258 0
    outer loop
      vertex 22.9401 -13.3036 0
      vertex 23.0096 -13.1096 14
      vertex 23.0096 -13.1096 0
    endloop
  endfacet
  facet normal -0.941412 0.337258 0
    outer loop
      vertex 23.0096 -13.1096 14
      vertex 22.9401 -13.3036 0
      vertex 22.9401 -13.3036 14
    endloop
  endfacet
  facet normal 0.337258 -0.941412 0
    outer loop
      vertex 20.1964 -10.5599 0
      vertex 20.3904 -10.4904 14
      vertex 20.1964 -10.5599 14
    endloop
  endfacet
  facet normal 0.337258 -0.941412 0
    outer loop
      vertex 20.3904 -10.4904 14
      vertex 20.1964 -10.5599 0
      vertex 20.3904 -10.4904 0
    endloop
  endfacet
  facet normal -0.941412 -0.337258 0
    outer loop
      vertex 23.0096 -11.8904 0
      vertex 22.9401 -11.6964 14
      vertex 22.9401 -11.6964 0
    endloop
  endfacet
  facet normal -0.941412 -0.337258 0
    outer loop
      vertex 22.9401 -11.6964 14
      vertex 23.0096 -11.8904 0
      vertex 23.0096 -11.8904 14
    endloop
  endfacet
  facet normal 0.904014 -0.427502 0
    outer loop
      vertex 19.0599 -11.6964 14
      vertex 19.148 -11.5101 0
      vertex 19.148 -11.5101 14
    endloop
  endfacet
  facet normal 0.904014 -0.427502 0
    outer loop
      vertex 19.148 -11.5101 0
      vertex 19.0599 -11.6964 14
      vertex 19.0599 -11.6964 0
    endloop
  endfacet
  facet normal -0.970114 0.24265 0
    outer loop
      vertex 23.0096 -13.1096 0
      vertex 23.0596 -12.9097 14
      vertex 23.0596 -12.9097 0
    endloop
  endfacet
  facet normal -0.970114 0.24265 0
    outer loop
      vertex 23.0596 -12.9097 14
      vertex 23.0096 -13.1096 0
      vertex 23.0096 -13.1096 14
    endloop
  endfacet
  facet normal 0.595877 -0.803076 0
    outer loop
      vertex 19.6678 -10.8767 0
      vertex 19.8333 -10.7539 14
      vertex 19.6678 -10.8767 14
    endloop
  endfacet
  facet normal 0.595877 -0.803076 0
    outer loop
      vertex 19.8333 -10.7539 14
      vertex 19.6678 -10.8767 0
      vertex 19.8333 -10.7539 0
    endloop
  endfacet
  facet normal -0.0490178 0.998798 0
    outer loop
      vertex 21.2058 -14.5899 0
      vertex 21 -14.6 14
      vertex 21.2058 -14.5899 14
    endloop
  endfacet
  facet normal -0.0490178 0.998798 0
    outer loop
      vertex 21 -14.6 14
      vertex 21.2058 -14.5899 0
      vertex 21 -14.6 0
    endloop
  endfacet
  facet normal -0.904014 -0.427502 0
    outer loop
      vertex 22.9401 -11.6964 0
      vertex 22.852 -11.5101 14
      vertex 22.852 -11.5101 0
    endloop
  endfacet
  facet normal -0.904014 -0.427502 0
    outer loop
      vertex 22.852 -11.5101 14
      vertex 22.9401 -11.6964 0
      vertex 22.9401 -11.6964 14
    endloop
  endfacet
  facet normal 0.941412 0.337258 0
    outer loop
      vertex 19.0599 -13.3036 14
      vertex 18.9904 -13.1096 0
      vertex 18.9904 -13.1096 14
    endloop
  endfacet
  facet normal 0.941412 0.337258 0
    outer loop
      vertex 18.9904 -13.1096 0
      vertex 19.0599 -13.3036 14
      vertex 19.0599 -13.3036 0
    endloop
  endfacet
  facet normal -0.427502 0.904014 0
    outer loop
      vertex 21.9899 -14.352 0
      vertex 21.8036 -14.4401 14
      vertex 21.9899 -14.352 14
    endloop
  endfacet
  facet normal -0.427502 0.904014 0
    outer loop
      vertex 21.8036 -14.4401 14
      vertex 21.9899 -14.352 0
      vertex 21.8036 -14.4401 0
    endloop
  endfacet
  facet normal -0.427502 -0.904014 0
    outer loop
      vertex 21.8036 -10.5599 0
      vertex 21.9899 -10.648 14
      vertex 21.8036 -10.5599 14
    endloop
  endfacet
  facet normal -0.427502 -0.904014 -0
    outer loop
      vertex 21.9899 -10.648 14
      vertex 21.8036 -10.5599 0
      vertex 21.9899 -10.648 0
    endloop
  endfacet
  facet normal 0.427502 -0.904014 0
    outer loop
      vertex 20.0101 -10.648 0
      vertex 20.1964 -10.5599 14
      vertex 20.0101 -10.648 14
    endloop
  endfacet
  facet normal 0.427502 -0.904014 0
    outer loop
      vertex 20.1964 -10.5599 14
      vertex 20.0101 -10.648 0
      vertex 20.1964 -10.5599 0
    endloop
  endfacet
  facet normal -0.595877 0.803076 0
    outer loop
      vertex 22.3322 -14.1233 0
      vertex 22.1667 -14.2461 14
      vertex 22.3322 -14.1233 14
    endloop
  endfacet
  facet normal -0.595877 0.803076 0
    outer loop
      vertex 22.1667 -14.2461 14
      vertex 22.3322 -14.1233 0
      vertex 22.1667 -14.2461 0
    endloop
  endfacet
  facet normal -0.740949 0.671561 0
    outer loop
      vertex 22.4849 -13.9849 0
      vertex 22.6233 -13.8322 14
      vertex 22.6233 -13.8322 0
    endloop
  endfacet
  facet normal -0.740949 0.671561 0
    outer loop
      vertex 22.6233 -13.8322 14
      vertex 22.4849 -13.9849 0
      vertex 22.4849 -13.9849 14
    endloop
  endfacet
  facet normal 0.904014 0.427502 0
    outer loop
      vertex 19.148 -13.4899 14
      vertex 19.0599 -13.3036 0
      vertex 19.0599 -13.3036 14
    endloop
  endfacet
  facet normal 0.904014 0.427502 0
    outer loop
      vertex 19.0599 -13.3036 0
      vertex 19.148 -13.4899 14
      vertex 19.148 -13.4899 0
    endloop
  endfacet
  facet normal -0.146988 0.989138 0
    outer loop
      vertex 21.4097 -14.5596 0
      vertex 21.2058 -14.5899 14
      vertex 21.4097 -14.5596 14
    endloop
  endfacet
  facet normal -0.146988 0.989138 0
    outer loop
      vertex 21.2058 -14.5899 14
      vertex 21.4097 -14.5596 0
      vertex 21.2058 -14.5899 0
    endloop
  endfacet
  facet normal -0.24265 -0.970114 0
    outer loop
      vertex 21.4097 -10.4404 0
      vertex 21.6096 -10.4904 14
      vertex 21.4097 -10.4404 14
    endloop
  endfacet
  facet normal -0.24265 -0.970114 -0
    outer loop
      vertex 21.6096 -10.4904 14
      vertex 21.4097 -10.4404 0
      vertex 21.6096 -10.4904 0
    endloop
  endfacet
  facet normal -0.857878 0.513853 0
    outer loop
      vertex 22.7461 -13.6667 0
      vertex 22.852 -13.4899 14
      vertex 22.852 -13.4899 0
    endloop
  endfacet
  facet normal -0.857878 0.513853 0
    outer loop
      vertex 22.852 -13.4899 14
      vertex 22.7461 -13.6667 0
      vertex 22.7461 -13.6667 14
    endloop
  endfacet
  facet normal -0.671561 -0.740949 0
    outer loop
      vertex 22.3322 -10.8767 0
      vertex 22.4849 -11.0151 14
      vertex 22.3322 -10.8767 14
    endloop
  endfacet
  facet normal -0.671561 -0.740949 -0
    outer loop
      vertex 22.4849 -11.0151 14
      vertex 22.3322 -10.8767 0
      vertex 22.4849 -11.0151 0
    endloop
  endfacet
  facet normal 0.989209 -0.146513 0
    outer loop
      vertex 18.9101 -12.2942 14
      vertex 18.9403 -12.0903 0
      vertex 18.9403 -12.0903 14
    endloop
  endfacet
  facet normal 0.989209 -0.146513 0
    outer loop
      vertex 18.9403 -12.0903 0
      vertex 18.9101 -12.2942 14
      vertex 18.9101 -12.2942 0
    endloop
  endfacet
  facet normal -0.595877 -0.803076 0
    outer loop
      vertex 22.1667 -10.7539 0
      vertex 22.3322 -10.8767 14
      vertex 22.1667 -10.7539 14
    endloop
  endfacet
  facet normal -0.595877 -0.803076 -0
    outer loop
      vertex 22.3322 -10.8767 14
      vertex 22.1667 -10.7539 0
      vertex 22.3322 -10.8767 0
    endloop
  endfacet
  facet normal -0.513853 -0.857878 0
    outer loop
      vertex 21.9899 -10.648 0
      vertex 22.1667 -10.7539 14
      vertex 21.9899 -10.648 14
    endloop
  endfacet
  facet normal -0.513853 -0.857878 -0
    outer loop
      vertex 22.1667 -10.7539 14
      vertex 21.9899 -10.648 0
      vertex 22.1667 -10.7539 0
    endloop
  endfacet
  facet normal -0.803076 0.595877 0
    outer loop
      vertex 22.6233 -13.8322 0
      vertex 22.7461 -13.6667 14
      vertex 22.7461 -13.6667 0
    endloop
  endfacet
  facet normal -0.803076 0.595877 0
    outer loop
      vertex 22.7461 -13.6667 14
      vertex 22.6233 -13.8322 0
      vertex 22.6233 -13.8322 14
    endloop
  endfacet
  facet normal -0.337258 -0.941412 0
    outer loop
      vertex 21.6096 -10.4904 0
      vertex 21.8036 -10.5599 14
      vertex 21.6096 -10.4904 14
    endloop
  endfacet
  facet normal -0.337258 -0.941412 -0
    outer loop
      vertex 21.8036 -10.5599 14
      vertex 21.6096 -10.4904 0
      vertex 21.8036 -10.5599 0
    endloop
  endfacet
  facet normal -0.24265 0.970114 0
    outer loop
      vertex 21.6096 -14.5096 0
      vertex 21.4097 -14.5596 14
      vertex 21.6096 -14.5096 14
    endloop
  endfacet
  facet normal -0.24265 0.970114 0
    outer loop
      vertex 21.4097 -14.5596 14
      vertex 21.6096 -14.5096 0
      vertex 21.4097 -14.5596 0
    endloop
  endfacet
  facet normal -0.740949 -0.671561 0
    outer loop
      vertex 22.6233 -11.1678 0
      vertex 22.4849 -11.0151 14
      vertex 22.4849 -11.0151 0
    endloop
  endfacet
  facet normal -0.740949 -0.671561 0
    outer loop
      vertex 22.4849 -11.0151 14
      vertex 22.6233 -11.1678 0
      vertex 22.6233 -11.1678 14
    endloop
  endfacet
  facet normal -0.857878 -0.513853 0
    outer loop
      vertex 22.852 -11.5101 0
      vertex 22.7461 -11.3333 14
      vertex 22.7461 -11.3333 0
    endloop
  endfacet
  facet normal -0.857878 -0.513853 0
    outer loop
      vertex 22.7461 -11.3333 14
      vertex 22.852 -11.5101 0
      vertex 22.852 -11.5101 14
    endloop
  endfacet
  facet normal 0.513853 -0.857878 0
    outer loop
      vertex 19.8333 -10.7539 0
      vertex 20.0101 -10.648 14
      vertex 19.8333 -10.7539 14
    endloop
  endfacet
  facet normal 0.513853 -0.857878 0
    outer loop
      vertex 20.0101 -10.648 14
      vertex 19.8333 -10.7539 0
      vertex 20.0101 -10.648 0
    endloop
  endfacet
  facet normal 0.24265 -0.970114 0
    outer loop
      vertex 20.3904 -10.4904 0
      vertex 20.5903 -10.4404 14
      vertex 20.3904 -10.4904 14
    endloop
  endfacet
  facet normal 0.24265 -0.970114 0
    outer loop
      vertex 20.5903 -10.4404 14
      vertex 20.3904 -10.4904 0
      vertex 20.5903 -10.4404 0
    endloop
  endfacet
  facet normal 0.146988 -0.989138 0
    outer loop
      vertex 20.5903 -10.4404 0
      vertex 20.7942 -10.4101 14
      vertex 20.5903 -10.4404 14
    endloop
  endfacet
  facet normal 0.146988 -0.989138 0
    outer loop
      vertex 20.7942 -10.4101 14
      vertex 20.5903 -10.4404 0
      vertex 20.7942 -10.4101 0
    endloop
  endfacet
  facet normal 0.998798 -0.0490178 0
    outer loop
      vertex 18.9 -12.5 14
      vertex 18.9101 -12.2942 0
      vertex 18.9101 -12.2942 14
    endloop
  endfacet
  facet normal 0.998798 -0.0490178 0
    outer loop
      vertex 18.9101 -12.2942 0
      vertex 18.9 -12.5 14
      vertex 18.9 -12.5 0
    endloop
  endfacet
  facet normal 0.803076 -0.595877 0
    outer loop
      vertex 19.2539 -11.3333 14
      vertex 19.3767 -11.1678 0
      vertex 19.3767 -11.1678 14
    endloop
  endfacet
  facet normal 0.803076 -0.595877 0
    outer loop
      vertex 19.3767 -11.1678 0
      vertex 19.2539 -11.3333 14
      vertex 19.2539 -11.3333 0
    endloop
  endfacet
  facet normal 0.97 0.243106 0
    outer loop
      vertex 18.9904 -13.1096 14
      vertex 18.9403 -12.9097 0
      vertex 18.9403 -12.9097 14
    endloop
  endfacet
  facet normal 0.97 0.243106 0
    outer loop
      vertex 18.9403 -12.9097 0
      vertex 18.9904 -13.1096 14
      vertex 18.9904 -13.1096 0
    endloop
  endfacet
  facet normal -0.904014 0.427502 0
    outer loop
      vertex 22.852 -13.4899 0
      vertex 22.9401 -13.3036 14
      vertex 22.9401 -13.3036 0
    endloop
  endfacet
  facet normal -0.904014 0.427502 0
    outer loop
      vertex 22.9401 -13.3036 14
      vertex 22.852 -13.4899 0
      vertex 22.852 -13.4899 14
    endloop
  endfacet
  facet normal -0.513853 0.857878 0
    outer loop
      vertex 22.1667 -14.2461 0
      vertex 21.9899 -14.352 14
      vertex 22.1667 -14.2461 14
    endloop
  endfacet
  facet normal -0.513853 0.857878 0
    outer loop
      vertex 21.9899 -14.352 14
      vertex 22.1667 -14.2461 0
      vertex 21.9899 -14.352 0
    endloop
  endfacet
  facet normal 0.941412 -0.337258 0
    outer loop
      vertex 18.9904 -11.8904 14
      vertex 19.0599 -11.6964 0
      vertex 19.0599 -11.6964 14
    endloop
  endfacet
  facet normal 0.941412 -0.337258 0
    outer loop
      vertex 19.0599 -11.6964 0
      vertex 18.9904 -11.8904 14
      vertex 18.9904 -11.8904 0
    endloop
  endfacet
  facet normal 0.0490178 0.998798 -0
    outer loop
      vertex 21 -14.6 0
      vertex 20.7942 -14.5899 14
      vertex 21 -14.6 14
    endloop
  endfacet
  facet normal 0.0490178 0.998798 0
    outer loop
      vertex 20.7942 -14.5899 14
      vertex 21 -14.6 0
      vertex 20.7942 -14.5899 0
    endloop
  endfacet
  facet normal 0.146988 0.989138 -0
    outer loop
      vertex 20.7942 -14.5899 0
      vertex 20.5903 -14.5596 14
      vertex 20.7942 -14.5899 14
    endloop
  endfacet
  facet normal 0.146988 0.989138 0
    outer loop
      vertex 20.5903 -14.5596 14
      vertex 20.7942 -14.5899 0
      vertex 20.5903 -14.5596 0
    endloop
  endfacet
  facet normal -0.671561 0.740949 0
    outer loop
      vertex 22.4849 -13.9849 0
      vertex 22.3322 -14.1233 14
      vertex 22.4849 -13.9849 14
    endloop
  endfacet
  facet normal -0.671561 0.740949 0
    outer loop
      vertex 22.3322 -14.1233 14
      vertex 22.4849 -13.9849 0
      vertex 22.3322 -14.1233 0
    endloop
  endfacet
  facet normal 0.337258 0.941412 -0
    outer loop
      vertex 20.3904 -14.5096 0
      vertex 20.1964 -14.4401 14
      vertex 20.3904 -14.5096 14
    endloop
  endfacet
  facet normal 0.337258 0.941412 0
    outer loop
      vertex 20.1964 -14.4401 14
      vertex 20.3904 -14.5096 0
      vertex 20.1964 -14.4401 0
    endloop
  endfacet
  facet normal -0.146988 -0.989138 0
    outer loop
      vertex 21.2058 -10.4101 0
      vertex 21.4097 -10.4404 14
      vertex 21.2058 -10.4101 14
    endloop
  endfacet
  facet normal -0.146988 -0.989138 -0
    outer loop
      vertex 21.4097 -10.4404 14
      vertex 21.2058 -10.4101 0
      vertex 21.4097 -10.4404 0
    endloop
  endfacet
  facet normal 0.671561 0.740949 -0
    outer loop
      vertex 19.6678 -14.1233 0
      vertex 19.5151 -13.9849 14
      vertex 19.6678 -14.1233 14
    endloop
  endfacet
  facet normal 0.671561 0.740949 0
    outer loop
      vertex 19.5151 -13.9849 14
      vertex 19.6678 -14.1233 0
      vertex 19.5151 -13.9849 0
    endloop
  endfacet
  facet normal 0.857878 -0.513853 0
    outer loop
      vertex 19.148 -11.5101 14
      vertex 19.2539 -11.3333 0
      vertex 19.2539 -11.3333 14
    endloop
  endfacet
  facet normal 0.857878 -0.513853 0
    outer loop
      vertex 19.2539 -11.3333 0
      vertex 19.148 -11.5101 14
      vertex 19.148 -11.5101 0
    endloop
  endfacet
  facet normal 0.513853 0.857878 -0
    outer loop
      vertex 20.0101 -14.352 0
      vertex 19.8333 -14.2461 14
      vertex 20.0101 -14.352 14
    endloop
  endfacet
  facet normal 0.513853 0.857878 0
    outer loop
      vertex 19.8333 -14.2461 14
      vertex 20.0101 -14.352 0
      vertex 19.8333 -14.2461 0
    endloop
  endfacet
  facet normal 0.998798 0.0490178 0
    outer loop
      vertex 18.9101 -12.7058 14
      vertex 18.9 -12.5 0
      vertex 18.9 -12.5 14
    endloop
  endfacet
  facet normal 0.998798 0.0490178 0
    outer loop
      vertex 18.9 -12.5 0
      vertex 18.9101 -12.7058 14
      vertex 18.9101 -12.7058 0
    endloop
  endfacet
  facet normal 0.857878 0.513853 0
    outer loop
      vertex 19.2539 -13.6667 14
      vertex 19.148 -13.4899 0
      vertex 19.148 -13.4899 14
    endloop
  endfacet
  facet normal 0.857878 0.513853 0
    outer loop
      vertex 19.148 -13.4899 0
      vertex 19.2539 -13.6667 14
      vertex 19.2539 -13.6667 0
    endloop
  endfacet
  facet normal -0.989138 0.146988 0
    outer loop
      vertex 23.0596 12.0903 0
      vertex 23.0899 12.2942 14
      vertex 23.0899 12.2942 0
    endloop
  endfacet
  facet normal -0.989138 0.146988 0
    outer loop
      vertex 23.0899 12.2942 14
      vertex 23.0596 12.0903 0
      vertex 23.0596 12.0903 14
    endloop
  endfacet
  facet normal -0.337258 0.941412 0
    outer loop
      vertex 21.8036 10.5599 0
      vertex 21.6096 10.4904 14
      vertex 21.8036 10.5599 14
    endloop
  endfacet
  facet normal -0.337258 0.941412 0
    outer loop
      vertex 21.6096 10.4904 14
      vertex 21.8036 10.5599 0
      vertex 21.6096 10.4904 0
    endloop
  endfacet
  facet normal 0.857493 0.514496 0
    outer loop
      vertex 19.1902 11.4395 14
      vertex 19.2343 11.366 14
      vertex 19.1902 11.4395 13.4
    endloop
  endfacet
  facet normal 0.85835 0.513065 0
    outer loop
      vertex 19.1902 11.4395 13.4
      vertex 19.148 11.5101 0
      vertex 19.148 11.5101 13.4
    endloop
  endfacet
  facet normal 0.857493 0.514496 -0
    outer loop
      vertex 19.2343 11.366 13.4
      vertex 19.1902 11.4395 13.4
      vertex 19.2343 11.366 14
    endloop
  endfacet
  facet normal 0.857493 0.514496 1.02387e-05
    outer loop
      vertex 19.1902 11.4395 13.4
      vertex 19.2343 11.366 13.4
      vertex 19.148 11.5101 0
    endloop
  endfacet
  facet normal 0.857724 0.51411 -0
    outer loop
      vertex 19.2539 11.3333 0
      vertex 19.2343 11.366 13.4
      vertex 19.2539 11.3333 13.4
    endloop
  endfacet
  facet normal 0.857878 0.513853 8.50955e-07
    outer loop
      vertex 19.2343 11.366 13.4
      vertex 19.2539 11.3333 0
      vertex 19.148 11.5101 0
    endloop
  endfacet
  facet normal 0.24265 -0.970114 0
    outer loop
      vertex 20.3904 14.5096 0
      vertex 20.5903 14.5596 14
      vertex 20.3904 14.5096 14
    endloop
  endfacet
  facet normal 0.24265 -0.970114 0
    outer loop
      vertex 20.5903 14.5596 14
      vertex 20.3904 14.5096 0
      vertex 20.5903 14.5596 0
    endloop
  endfacet
  facet normal 0.989209 0.146513 0
    outer loop
      vertex 18.9403 12.0903 13.4
      vertex 18.9101 12.2942 0
      vertex 18.9101 12.2942 13.4
    endloop
  endfacet
  facet normal 0.989209 0.146513 0
    outer loop
      vertex 18.9101 12.2942 0
      vertex 18.9403 12.0903 13.4
      vertex 18.9403 12.0903 0
    endloop
  endfacet
  facet normal -0.513853 0.857878 0
    outer loop
      vertex 22.1667 10.7539 0
      vertex 21.9899 10.648 14
      vertex 22.1667 10.7539 14
    endloop
  endfacet
  facet normal -0.513853 0.857878 0
    outer loop
      vertex 21.9899 10.648 14
      vertex 22.1667 10.7539 0
      vertex 21.9899 10.648 0
    endloop
  endfacet
  facet normal 0.671777 0.740754 0
    outer loop
      vertex 19.6678 10.8767 14
      vertex 19.6431 10.8991 13.4
      vertex 19.6431 10.8991 14
    endloop
  endfacet
  facet normal 0.671777 0.740754 -0
    outer loop
      vertex 19.6678 10.8767 0
      vertex 19.6431 10.8991 13.4
      vertex 19.6678 10.8767 14
    endloop
  endfacet
  facet normal 0.671519 0.740987 -8.64024e-07
    outer loop
      vertex 19.6678 10.8767 0
      vertex 19.5151 11.0151 13.4
      vertex 19.6431 10.8991 13.4
    endloop
  endfacet
  facet normal 0.671561 0.740949 0
    outer loop
      vertex 19.5151 11.0151 13.4
      vertex 19.6678 10.8767 0
      vertex 19.5151 11.0151 0
    endloop
  endfacet
  facet normal -0.941412 -0.337258 0
    outer loop
      vertex 23.0096 13.1096 0
      vertex 22.9401 13.3036 14
      vertex 22.9401 13.3036 0
    endloop
  endfacet
  facet normal -0.941412 -0.337258 0
    outer loop
      vertex 22.9401 13.3036 14
      vertex 23.0096 13.1096 0
      vertex 23.0096 13.1096 14
    endloop
  endfacet
  facet normal 0.595877 -0.803076 0
    outer loop
      vertex 19.6678 14.1233 0
      vertex 19.8333 14.2461 14
      vertex 19.6678 14.1233 14
    endloop
  endfacet
  facet normal 0.595877 -0.803076 0
    outer loop
      vertex 19.8333 14.2461 14
      vertex 19.6678 14.1233 0
      vertex 19.8333 14.2461 0
    endloop
  endfacet
  facet normal -0.671561 -0.740949 0
    outer loop
      vertex 22.3322 14.1233 0
      vertex 22.4849 13.9849 14
      vertex 22.3322 14.1233 14
    endloop
  endfacet
  facet normal -0.671561 -0.740949 -0
    outer loop
      vertex 22.4849 13.9849 14
      vertex 22.3322 14.1233 0
      vertex 22.4849 13.9849 0
    endloop
  endfacet
  facet normal -0.24265 0.970114 0
    outer loop
      vertex 21.6096 10.4904 0
      vertex 21.4097 10.4404 14
      vertex 21.6096 10.4904 14
    endloop
  endfacet
  facet normal -0.24265 0.970114 0
    outer loop
      vertex 21.4097 10.4404 14
      vertex 21.6096 10.4904 0
      vertex 21.4097 10.4404 0
    endloop
  endfacet
  facet normal -0.337258 -0.941412 0
    outer loop
      vertex 21.6096 14.5096 0
      vertex 21.8036 14.4401 14
      vertex 21.6096 14.5096 14
    endloop
  endfacet
  facet normal -0.337258 -0.941412 -0
    outer loop
      vertex 21.8036 14.4401 14
      vertex 21.6096 14.5096 0
      vertex 21.8036 14.4401 0
    endloop
  endfacet
  facet normal -0.989138 -0.146988 0
    outer loop
      vertex 23.0899 12.7058 0
      vertex 23.0596 12.9097 14
      vertex 23.0596 12.9097 0
    endloop
  endfacet
  facet normal -0.989138 -0.146988 0
    outer loop
      vertex 23.0596 12.9097 14
      vertex 23.0899 12.7058 0
      vertex 23.0899 12.7058 14
    endloop
  endfacet
  facet normal 0.513853 -0.857878 0
    outer loop
      vertex 19.8333 14.2461 0
      vertex 20.0101 14.352 14
      vertex 19.8333 14.2461 14
    endloop
  endfacet
  facet normal 0.513853 -0.857878 0
    outer loop
      vertex 20.0101 14.352 14
      vertex 19.8333 14.2461 0
      vertex 20.0101 14.352 0
    endloop
  endfacet
  facet normal -0.0490178 -0.998798 0
    outer loop
      vertex 21 14.6 0
      vertex 21.2058 14.5899 14
      vertex 21 14.6 14
    endloop
  endfacet
  facet normal -0.0490178 -0.998798 -0
    outer loop
      vertex 21.2058 14.5899 14
      vertex 21 14.6 0
      vertex 21.2058 14.5899 0
    endloop
  endfacet
  facet normal -0.998798 -0.0490178 0
    outer loop
      vertex 23.1 12.5 0
      vertex 23.0899 12.7058 14
      vertex 23.0899 12.7058 0
    endloop
  endfacet
  facet normal -0.998798 -0.0490178 0
    outer loop
      vertex 23.0899 12.7058 14
      vertex 23.1 12.5 0
      vertex 23.1 12.5 14
    endloop
  endfacet
  facet normal -0.595877 0.803076 0
    outer loop
      vertex 22.3322 10.8767 0
      vertex 22.1667 10.7539 14
      vertex 22.3322 10.8767 14
    endloop
  endfacet
  facet normal -0.595877 0.803076 0
    outer loop
      vertex 22.1667 10.7539 14
      vertex 22.3322 10.8767 0
      vertex 22.1667 10.7539 0
    endloop
  endfacet
  facet normal 0.803076 0.595877 0
    outer loop
      vertex 19.3767 11.1678 13.4
      vertex 19.2539 11.3333 0
      vertex 19.2539 11.3333 13.4
    endloop
  endfacet
  facet normal 0.803076 0.595877 0
    outer loop
      vertex 19.2539 11.3333 0
      vertex 19.3767 11.1678 13.4
      vertex 19.3767 11.1678 0
    endloop
  endfacet
  facet normal 0.97 0.243106 0
    outer loop
      vertex 18.9904 11.8904 13.4
      vertex 18.9403 12.0903 0
      vertex 18.9403 12.0903 13.4
    endloop
  endfacet
  facet normal 0.97 0.243106 0
    outer loop
      vertex 18.9403 12.0903 0
      vertex 18.9904 11.8904 13.4
      vertex 18.9904 11.8904 0
    endloop
  endfacet
  facet normal 0.857564 -0.514377 0
    outer loop
      vertex 19.1902 13.5605 13.4
      vertex 19.2539 13.6667 14
      vertex 19.1902 13.5605 14
    endloop
  endfacet
  facet normal 0.857564 -0.514377 0
    outer loop
      vertex 19.2539 13.6667 14
      vertex 19.1902 13.5605 13.4
      vertex 19.2539 13.6667 0
    endloop
  endfacet
  facet normal 0.85835 -0.513065 1.41359e-05
    outer loop
      vertex 19.148 13.4899 13.4
      vertex 19.2539 13.6667 0
      vertex 19.1902 13.5605 13.4
    endloop
  endfacet
  facet normal 0.857878 -0.513853 0
    outer loop
      vertex 19.2539 13.6667 0
      vertex 19.148 13.4899 13.4
      vertex 19.148 13.4899 0
    endloop
  endfacet
  facet normal -0.427502 -0.904014 0
    outer loop
      vertex 21.8036 14.4401 0
      vertex 21.9899 14.352 14
      vertex 21.8036 14.4401 14
    endloop
  endfacet
  facet normal -0.427502 -0.904014 -0
    outer loop
      vertex 21.9899 14.352 14
      vertex 21.8036 14.4401 0
      vertex 21.9899 14.352 0
    endloop
  endfacet
  facet normal 0.146988 -0.989138 0
    outer loop
      vertex 20.5903 14.5596 0
      vertex 20.7942 14.5899 14
      vertex 20.5903 14.5596 14
    endloop
  endfacet
  facet normal 0.146988 -0.989138 0
    outer loop
      vertex 20.7942 14.5899 14
      vertex 20.5903 14.5596 0
      vertex 20.7942 14.5899 0
    endloop
  endfacet
  facet normal -0.803076 0.595877 0
    outer loop
      vertex 22.6233 11.1678 0
      vertex 22.7461 11.3333 14
      vertex 22.7461 11.3333 0
    endloop
  endfacet
  facet normal -0.803076 0.595877 0
    outer loop
      vertex 22.7461 11.3333 14
      vertex 22.6233 11.1678 0
      vertex 22.6233 11.1678 14
    endloop
  endfacet
  facet normal -0.24265 -0.970114 0
    outer loop
      vertex 21.4097 14.5596 0
      vertex 21.6096 14.5096 14
      vertex 21.4097 14.5596 14
    endloop
  endfacet
  facet normal -0.24265 -0.970114 -0
    outer loop
      vertex 21.6096 14.5096 14
      vertex 21.4097 14.5596 0
      vertex 21.6096 14.5096 0
    endloop
  endfacet
  facet normal 0.0490178 -0.998798 0
    outer loop
      vertex 20.7942 14.5899 0
      vertex 21 14.6 14
      vertex 20.7942 14.5899 14
    endloop
  endfacet
  facet normal 0.0490178 -0.998798 0
    outer loop
      vertex 21 14.6 14
      vertex 20.7942 14.5899 0
      vertex 21 14.6 0
    endloop
  endfacet
  facet normal -0.970114 -0.24265 0
    outer loop
      vertex 23.0596 12.9097 0
      vertex 23.0096 13.1096 14
      vertex 23.0096 13.1096 0
    endloop
  endfacet
  facet normal -0.970114 -0.24265 0
    outer loop
      vertex 23.0096 13.1096 14
      vertex 23.0596 12.9097 0
      vertex 23.0596 12.9097 14
    endloop
  endfacet
  facet normal -0.146988 0.989138 0
    outer loop
      vertex 21.4097 10.4404 0
      vertex 21.2058 10.4101 14
      vertex 21.4097 10.4404 14
    endloop
  endfacet
  facet normal -0.146988 0.989138 0
    outer loop
      vertex 21.2058 10.4101 14
      vertex 21.4097 10.4404 0
      vertex 21.2058 10.4101 0
    endloop
  endfacet
  facet normal 0.989209 -0.146513 0
    outer loop
      vertex 18.9101 12.7058 13.4
      vertex 18.9403 12.9097 0
      vertex 18.9403 12.9097 13.4
    endloop
  endfacet
  facet normal 0.989209 -0.146513 0
    outer loop
      vertex 18.9403 12.9097 0
      vertex 18.9101 12.7058 13.4
      vertex 18.9101 12.7058 0
    endloop
  endfacet
  facet normal 0.337258 -0.941412 0
    outer loop
      vertex 20.1964 14.4401 0
      vertex 20.3904 14.5096 14
      vertex 20.1964 14.4401 14
    endloop
  endfacet
  facet normal 0.337258 -0.941412 0
    outer loop
      vertex 20.3904 14.5096 14
      vertex 20.1964 14.4401 0
      vertex 20.3904 14.5096 0
    endloop
  endfacet
  facet normal 0.941412 -0.337258 0
    outer loop
      vertex 18.9904 13.1096 13.4
      vertex 19.0599 13.3036 0
      vertex 19.0599 13.3036 13.4
    endloop
  endfacet
  facet normal 0.941412 -0.337258 0
    outer loop
      vertex 19.0599 13.3036 0
      vertex 18.9904 13.1096 13.4
      vertex 18.9904 13.1096 0
    endloop
  endfacet
  facet normal 0.740949 0.671561 0
    outer loop
      vertex 19.5151 11.0151 13.4
      vertex 19.3767 11.1678 0
      vertex 19.3767 11.1678 13.4
    endloop
  endfacet
  facet normal 0.740949 0.671561 0
    outer loop
      vertex 19.3767 11.1678 0
      vertex 19.5151 11.0151 13.4
      vertex 19.5151 11.0151 0
    endloop
  endfacet
  facet normal -0.595877 -0.803076 0
    outer loop
      vertex 22.1667 14.2461 0
      vertex 22.3322 14.1233 14
      vertex 22.1667 14.2461 14
    endloop
  endfacet
  facet normal -0.595877 -0.803076 -0
    outer loop
      vertex 22.3322 14.1233 14
      vertex 22.1667 14.2461 0
      vertex 22.3322 14.1233 0
    endloop
  endfacet
  facet normal 0.427502 -0.904014 0
    outer loop
      vertex 20.0101 14.352 0
      vertex 20.1964 14.4401 14
      vertex 20.0101 14.352 14
    endloop
  endfacet
  facet normal 0.427502 -0.904014 0
    outer loop
      vertex 20.1964 14.4401 14
      vertex 20.0101 14.352 0
      vertex 20.1964 14.4401 0
    endloop
  endfacet
  facet normal -0.146988 -0.989138 0
    outer loop
      vertex 21.2058 14.5899 0
      vertex 21.4097 14.5596 14
      vertex 21.2058 14.5899 14
    endloop
  endfacet
  facet normal -0.146988 -0.989138 -0
    outer loop
      vertex 21.4097 14.5596 14
      vertex 21.2058 14.5899 0
      vertex 21.4097 14.5596 0
    endloop
  endfacet
  facet normal 0.513853 0.857878 -0
    outer loop
      vertex 20.0101 10.648 0
      vertex 19.8333 10.7539 14
      vertex 20.0101 10.648 14
    endloop
  endfacet
  facet normal 0.513853 0.857878 0
    outer loop
      vertex 19.8333 10.7539 14
      vertex 20.0101 10.648 0
      vertex 19.8333 10.7539 0
    endloop
  endfacet
  facet normal 0.904014 0.427502 0
    outer loop
      vertex 19.148 11.5101 13.4
      vertex 19.0599 11.6964 0
      vertex 19.0599 11.6964 13.4
    endloop
  endfacet
  facet normal 0.904014 0.427502 0
    outer loop
      vertex 19.0599 11.6964 0
      vertex 19.148 11.5101 13.4
      vertex 19.148 11.5101 0
    endloop
  endfacet
  facet normal 0.998798 0.0490178 0
    outer loop
      vertex 18.9101 12.2942 13.4
      vertex 18.9 12.5 0
      vertex 18.9 12.5 13.4
    endloop
  endfacet
  facet normal 0.998798 0.0490178 0
    outer loop
      vertex 18.9 12.5 0
      vertex 18.9101 12.2942 13.4
      vertex 18.9101 12.2942 0
    endloop
  endfacet
  facet normal -0.857878 -0.513853 0
    outer loop
      vertex 22.852 13.4899 0
      vertex 22.7461 13.6667 14
      vertex 22.7461 13.6667 0
    endloop
  endfacet
  facet normal -0.857878 -0.513853 0
    outer loop
      vertex 22.7461 13.6667 14
      vertex 22.852 13.4899 0
      vertex 22.852 13.4899 14
    endloop
  endfacet
  facet normal -0.513853 -0.857878 0
    outer loop
      vertex 21.9899 14.352 0
      vertex 22.1667 14.2461 14
      vertex 21.9899 14.352 14
    endloop
  endfacet
  facet normal -0.513853 -0.857878 -0
    outer loop
      vertex 22.1667 14.2461 14
      vertex 21.9899 14.352 0
      vertex 22.1667 14.2461 0
    endloop
  endfacet
  facet normal -0.998798 0.0490178 0
    outer loop
      vertex 23.0899 12.2942 0
      vertex 23.1 12.5 14
      vertex 23.1 12.5 0
    endloop
  endfacet
  facet normal -0.998798 0.0490178 0
    outer loop
      vertex 23.1 12.5 14
      vertex 23.0899 12.2942 0
      vertex 23.0899 12.2942 14
    endloop
  endfacet
  facet normal -0.970114 0.24265 0
    outer loop
      vertex 23.0096 11.8904 0
      vertex 23.0596 12.0903 14
      vertex 23.0596 12.0903 0
    endloop
  endfacet
  facet normal -0.970114 0.24265 0
    outer loop
      vertex 23.0596 12.0903 14
      vertex 23.0096 11.8904 0
      vertex 23.0096 11.8904 14
    endloop
  endfacet
  facet normal -0.904014 0.427502 0
    outer loop
      vertex 22.852 11.5101 0
      vertex 22.9401 11.6964 14
      vertex 22.9401 11.6964 0
    endloop
  endfacet
  facet normal -0.904014 0.427502 0
    outer loop
      vertex 22.9401 11.6964 14
      vertex 22.852 11.5101 0
      vertex 22.852 11.5101 14
    endloop
  endfacet
  facet normal 0.998798 -0.0490178 0
    outer loop
      vertex 18.9 12.5 13.4
      vertex 18.9101 12.7058 0
      vertex 18.9101 12.7058 13.4
    endloop
  endfacet
  facet normal 0.998798 -0.0490178 0
    outer loop
      vertex 18.9101 12.7058 0
      vertex 18.9 12.5 13.4
      vertex 18.9 12.5 0
    endloop
  endfacet
  facet normal -0.0490178 0.998798 0
    outer loop
      vertex 21.2058 10.4101 0
      vertex 21 10.4 14
      vertex 21.2058 10.4101 14
    endloop
  endfacet
  facet normal -0.0490178 0.998798 0
    outer loop
      vertex 21 10.4 14
      vertex 21.2058 10.4101 0
      vertex 21 10.4 0
    endloop
  endfacet
  facet normal -0.904014 -0.427502 0
    outer loop
      vertex 22.9401 13.3036 0
      vertex 22.852 13.4899 14
      vertex 22.852 13.4899 0
    endloop
  endfacet
  facet normal -0.904014 -0.427502 0
    outer loop
      vertex 22.852 13.4899 14
      vertex 22.9401 13.3036 0
      vertex 22.9401 13.3036 14
    endloop
  endfacet
  facet normal -0.803076 -0.595877 0
    outer loop
      vertex 22.7461 13.6667 0
      vertex 22.6233 13.8322 14
      vertex 22.6233 13.8322 0
    endloop
  endfacet
  facet normal -0.803076 -0.595877 0
    outer loop
      vertex 22.6233 13.8322 14
      vertex 22.7461 13.6667 0
      vertex 22.7461 13.6667 14
    endloop
  endfacet
  facet normal 0.97 -0.243106 0
    outer loop
      vertex 18.9403 12.9097 13.4
      vertex 18.9904 13.1096 0
      vertex 18.9904 13.1096 13.4
    endloop
  endfacet
  facet normal 0.97 -0.243106 0
    outer loop
      vertex 18.9904 13.1096 0
      vertex 18.9403 12.9097 13.4
      vertex 18.9403 12.9097 0
    endloop
  endfacet
  facet normal 0.337258 0.941412 -0
    outer loop
      vertex 20.3904 10.4904 0
      vertex 20.1964 10.5599 14
      vertex 20.3904 10.4904 14
    endloop
  endfacet
  facet normal 0.337258 0.941412 0
    outer loop
      vertex 20.1964 10.5599 14
      vertex 20.3904 10.4904 0
      vertex 20.1964 10.5599 0
    endloop
  endfacet
  facet normal 0.0490178 0.998798 -0
    outer loop
      vertex 21 10.4 0
      vertex 20.7942 10.4101 14
      vertex 21 10.4 14
    endloop
  endfacet
  facet normal 0.0490178 0.998798 0
    outer loop
      vertex 20.7942 10.4101 14
      vertex 21 10.4 0
      vertex 20.7942 10.4101 0
    endloop
  endfacet
  facet normal 0.803076 -0.595877 0
    outer loop
      vertex 19.2539 13.6667 14
      vertex 19.3767 13.8322 0
      vertex 19.3767 13.8322 14
    endloop
  endfacet
  facet normal 0.803076 -0.595877 0
    outer loop
      vertex 19.3767 13.8322 0
      vertex 19.2539 13.6667 14
      vertex 19.2539 13.6667 0
    endloop
  endfacet
  facet normal 0.740949 -0.671561 0
    outer loop
      vertex 19.3767 13.8322 14
      vertex 19.5151 13.9849 0
      vertex 19.5151 13.9849 14
    endloop
  endfacet
  facet normal 0.740949 -0.671561 0
    outer loop
      vertex 19.5151 13.9849 0
      vertex 19.3767 13.8322 14
      vertex 19.3767 13.8322 0
    endloop
  endfacet
  facet normal 0.671561 -0.740949 0
    outer loop
      vertex 19.5151 13.9849 0
      vertex 19.6678 14.1233 14
      vertex 19.5151 13.9849 14
    endloop
  endfacet
  facet normal 0.671561 -0.740949 0
    outer loop
      vertex 19.6678 14.1233 14
      vertex 19.5151 13.9849 0
      vertex 19.6678 14.1233 0
    endloop
  endfacet
  facet normal 0.904014 -0.427502 0
    outer loop
      vertex 19.0599 13.3036 13.4
      vertex 19.148 13.4899 0
      vertex 19.148 13.4899 13.4
    endloop
  endfacet
  facet normal 0.904014 -0.427502 0
    outer loop
      vertex 19.148 13.4899 0
      vertex 19.0599 13.3036 13.4
      vertex 19.0599 13.3036 0
    endloop
  endfacet
  facet normal -0.740949 -0.671561 0
    outer loop
      vertex 22.6233 13.8322 0
      vertex 22.4849 13.9849 14
      vertex 22.4849 13.9849 0
    endloop
  endfacet
  facet normal -0.740949 -0.671561 0
    outer loop
      vertex 22.4849 13.9849 14
      vertex 22.6233 13.8322 0
      vertex 22.6233 13.8322 14
    endloop
  endfacet
  facet normal 0.941412 0.337258 0
    outer loop
      vertex 19.0599 11.6964 13.4
      vertex 18.9904 11.8904 0
      vertex 18.9904 11.8904 13.4
    endloop
  endfacet
  facet normal 0.941412 0.337258 0
    outer loop
      vertex 18.9904 11.8904 0
      vertex 19.0599 11.6964 13.4
      vertex 19.0599 11.6964 0
    endloop
  endfacet
  facet normal -0.671561 0.740949 0
    outer loop
      vertex 22.4849 11.0151 0
      vertex 22.3322 10.8767 14
      vertex 22.4849 11.0151 14
    endloop
  endfacet
  facet normal -0.671561 0.740949 0
    outer loop
      vertex 22.3322 10.8767 14
      vertex 22.4849 11.0151 0
      vertex 22.3322 10.8767 0
    endloop
  endfacet
  facet normal -0.857878 0.513853 0
    outer loop
      vertex 22.7461 11.3333 0
      vertex 22.852 11.5101 14
      vertex 22.852 11.5101 0
    endloop
  endfacet
  facet normal -0.857878 0.513853 0
    outer loop
      vertex 22.852 11.5101 14
      vertex 22.7461 11.3333 0
      vertex 22.7461 11.3333 14
    endloop
  endfacet
  facet normal -0.941412 0.337258 0
    outer loop
      vertex 22.9401 11.6964 0
      vertex 23.0096 11.8904 14
      vertex 23.0096 11.8904 0
    endloop
  endfacet
  facet normal -0.941412 0.337258 0
    outer loop
      vertex 23.0096 11.8904 14
      vertex 22.9401 11.6964 0
      vertex 22.9401 11.6964 14
    endloop
  endfacet
  facet normal -0.427502 0.904014 0
    outer loop
      vertex 21.9899 10.648 0
      vertex 21.8036 10.5599 14
      vertex 21.9899 10.648 14
    endloop
  endfacet
  facet normal -0.427502 0.904014 0
    outer loop
      vertex 21.8036 10.5599 14
      vertex 21.9899 10.648 0
      vertex 21.8036 10.5599 0
    endloop
  endfacet
  facet normal 0.427502 0.904014 -0
    outer loop
      vertex 20.1964 10.5599 0
      vertex 20.0101 10.648 14
      vertex 20.1964 10.5599 14
    endloop
  endfacet
  facet normal 0.427502 0.904014 0
    outer loop
      vertex 20.0101 10.648 14
      vertex 20.1964 10.5599 0
      vertex 20.0101 10.648 0
    endloop
  endfacet
  facet normal 0.24265 0.970114 -0
    outer loop
      vertex 20.5903 10.4404 0
      vertex 20.3904 10.4904 14
      vertex 20.5903 10.4404 14
    endloop
  endfacet
  facet normal 0.24265 0.970114 0
    outer loop
      vertex 20.3904 10.4904 14
      vertex 20.5903 10.4404 0
      vertex 20.3904 10.4904 0
    endloop
  endfacet
  facet normal 0.595877 0.803076 -0
    outer loop
      vertex 19.8333 10.7539 0
      vertex 19.6678 10.8767 14
      vertex 19.8333 10.7539 14
    endloop
  endfacet
  facet normal 0.595877 0.803076 0
    outer loop
      vertex 19.6678 10.8767 14
      vertex 19.8333 10.7539 0
      vertex 19.6678 10.8767 0
    endloop
  endfacet
  facet normal 0.146988 0.989138 -0
    outer loop
      vertex 20.7942 10.4101 0
      vertex 20.5903 10.4404 14
      vertex 20.7942 10.4101 14
    endloop
  endfacet
  facet normal 0.146988 0.989138 0
    outer loop
      vertex 20.5903 10.4404 14
      vertex 20.7942 10.4101 0
      vertex 20.5903 10.4404 0
    endloop
  endfacet
  facet normal -0.740949 0.671561 0
    outer loop
      vertex 22.4849 11.0151 0
      vertex 22.6233 11.1678 14
      vertex 22.6233 11.1678 0
    endloop
  endfacet
  facet normal -0.740949 0.671561 0
    outer loop
      vertex 22.6233 11.1678 14
      vertex 22.4849 11.0151 0
      vertex 22.4849 11.0151 14
    endloop
  endfacet
  facet normal 0.42744 -0.904044 0
    outer loop
      vertex 25.0307 -17.6955 0
      vertex 25.3856 -17.5277 14
      vertex 25.0307 -17.6955 14
    endloop
  endfacet
  facet normal 0.42744 -0.904044 0
    outer loop
      vertex 25.3856 -17.5277 14
      vertex 25.0307 -17.6955 0
      vertex 25.3856 -17.5277 0
    endloop
  endfacet
  facet normal 0.0491626 -0.998791 0
    outer loop
      vertex 23.5 -18 0
      vertex 23.8921 -17.9807 14
      vertex 23.5 -18 14
    endloop
  endfacet
  facet normal 0.0491626 -0.998791 0
    outer loop
      vertex 23.8921 -17.9807 14
      vertex 23.5 -18 0
      vertex 23.8921 -17.9807 0
    endloop
  endfacet
  facet normal 0 0 -1
    outer loop
      vertex 27.5 -14 0
      vertex 23.0899 -12.7058 0
      vertex 23.1 -12.5 0
    endloop
  endfacet
  facet normal 0 0 -1
    outer loop
      vertex 23.8921 -17.9807 0
      vertex 23.0596 -12.9097 0
      vertex 23.0899 -12.7058 0
    endloop
  endfacet
  facet normal 0 0 -1
    outer loop
      vertex 23.8921 -17.9807 0
      vertex 23.0096 -13.1096 0
      vertex 23.0596 -12.9097 0
    endloop
  endfacet
  facet normal 0 0 -1
    outer loop
      vertex 23.8921 -17.9807 0
      vertex 22.9401 -13.3036 0
      vertex 23.0096 -13.1096 0
    endloop
  endfacet
  facet normal 0 0 -1
    outer loop
      vertex 23.8921 -17.9807 0
      vertex 22.852 -13.4899 0
      vertex 22.9401 -13.3036 0
    endloop
  endfacet
  facet normal 0 0 -1
    outer loop
      vertex 23.8921 -17.9807 0
      vertex 22.7461 -13.6667 0
      vertex 22.852 -13.4899 0
    endloop
  endfacet
  facet normal 0 0 -1
    outer loop
      vertex 23.8921 -17.9807 0
      vertex 22.6233 -13.8322 0
      vertex 22.7461 -13.6667 0
    endloop
  endfacet
  facet normal 0 0 -1
    outer loop
      vertex 23.8921 -17.9807 0
      vertex 22.4849 -13.9849 0
      vertex 22.6233 -13.8322 0
    endloop
  endfacet
  facet normal 0 0 -1
    outer loop
      vertex 23.8921 -17.9807 0
      vertex 22.3322 -14.1233 0
      vertex 22.4849 -13.9849 0
    endloop
  endfacet
  facet normal 0 0 -1
    outer loop
      vertex 23.5 -18 0
      vertex 22.1667 -14.2461 0
      vertex 22.3322 -14.1233 0
    endloop
  endfacet
  facet normal 0 0 -1
    outer loop
      vertex 23.5 -18 0
      vertex 21.9899 -14.352 0
      vertex 22.1667 -14.2461 0
    endloop
  endfacet
  facet normal 0 0 -1
    outer loop
      vertex 23.5 -18 0
      vertex 21.8036 -14.4401 0
      vertex 21.9899 -14.352 0
    endloop
  endfacet
  facet normal 0 0 -1
    outer loop
      vertex 23.5 -18 0
      vertex 21.6096 -14.5096 0
      vertex 21.8036 -14.4401 0
    endloop
  endfacet
  facet normal 0 0 -1
    outer loop
      vertex 23.5 -18 0
      vertex 21.4097 -14.5596 0
      vertex 21.6096 -14.5096 0
    endloop
  endfacet
  facet normal 0 0 -1
    outer loop
      vertex 23.5 -18 0
      vertex 21.2058 -14.5899 0
      vertex 21.4097 -14.5596 0
    endloop
  endfacet
  facet normal 0 0 -1
    outer loop
      vertex 23.5 -18 0
      vertex 21 -14.6 0
      vertex 21.2058 -14.5899 0
    endloop
  endfacet
  facet normal 0 0 -1
    outer loop
      vertex 23.5 -18 0
      vertex 20.7942 -14.5899 0
      vertex 21 -14.6 0
    endloop
  endfacet
  facet normal 0 0 -1
    outer loop
      vertex 23.5 -18 0
      vertex 20.5903 -14.5596 0
      vertex 20.7942 -14.5899 0
    endloop
  endfacet
  facet normal 0 0 -1
    outer loop
      vertex 23.5 -18 0
      vertex 20.3904 -14.5096 0
      vertex 20.5903 -14.5596 0
    endloop
  endfacet
  facet normal 0 0 -1
    outer loop
      vertex 23.5 -18 0
      vertex 20.1964 -14.4401 0
      vertex 20.3904 -14.5096 0
    endloop
  endfacet
  facet normal 0 0 -1
    outer loop
      vertex 23.5 -18 0
      vertex 20.0101 -14.352 0
      vertex 20.1964 -14.4401 0
    endloop
  endfacet
  facet normal 0 0 -1
    outer loop
      vertex 23.5 -18 0
      vertex 19.8333 -14.2461 0
      vertex 20.0101 -14.352 0
    endloop
  endfacet
  facet normal 0 0 -1
    outer loop
      vertex 23.5 -18 0
      vertex 19.6678 -14.1233 0
      vertex 19.8333 -14.2461 0
    endloop
  endfacet
  facet normal 0 0 -1
    outer loop
      vertex -19.6678 -14.1233 0
      vertex 19.6678 -14.1233 0
      vertex 23.5 -18 0
    endloop
  endfacet
  facet normal 0 0 -1
    outer loop
      vertex 18.9101 -12.7058 0
      vertex -18.9 -12.5 0
      vertex 18.9 -12.5 0
    endloop
  endfacet
  facet normal 0 0 -1
    outer loop
      vertex -18.9101 -12.7058 0
      vertex 18.9101 -12.7058 0
      vertex 18.9403 -12.9097 0
    endloop
  endfacet
  facet normal 0 0 -1
    outer loop
      vertex -18.9403 -12.9097 0
      vertex 18.9403 -12.9097 0
      vertex 18.9904 -13.1096 0
    endloop
  endfacet
  facet normal 0 0 -1
    outer loop
      vertex -18.9904 -13.1096 0
      vertex 18.9904 -13.1096 0
      vertex 19.0599 -13.3036 0
    endloop
  endfacet
  facet normal 0 0 -1
    outer loop
      vertex -19.0599 -13.3036 0
      vertex 19.0599 -13.3036 0
      vertex 19.148 -13.4899 0
    endloop
  endfacet
  facet normal 0 0 -1
    outer loop
      vertex -19.148 -13.4899 0
      vertex 19.148 -13.4899 0
      vertex 19.2539 -13.6667 0
    endloop
  endfacet
  facet normal 0 0 -1
    outer loop
      vertex -19.2539 -13.6667 0
      vertex 19.2539 -13.6667 0
      vertex 19.3767 -13.8322 0
    endloop
  endfacet
  facet normal 0 0 -1
    outer loop
      vertex -19.3767 -13.8322 0
      vertex 19.3767 -13.8322 0
      vertex 19.5151 -13.9849 0
    endloop
  endfacet
  facet normal 0 0 -1
    outer loop
      vertex 19.6678 -14.1233 0
      vertex -19.6678 -14.1233 0
      vertex 19.5151 -13.9849 0
    endloop
  endfacet
  facet normal 0 0 -1
    outer loop
      vertex 18.9101 -12.7058 0
      vertex -18.9101 -12.7058 0
      vertex -18.9 -12.5 0
    endloop
  endfacet
  facet normal 0 0 -1
    outer loop
      vertex 18.9403 -12.9097 0
      vertex -18.9403 -12.9097 0
      vertex -18.9101 -12.7058 0
    endloop
  endfacet
  facet normal 0 0 -1
    outer loop
      vertex 18.9904 -13.1096 0
      vertex -18.9904 -13.1096 0
      vertex -18.9403 -12.9097 0
    endloop
  endfacet
  facet normal 0 0 -1
    outer loop
      vertex 19.0599 -13.3036 0
      vertex -19.0599 -13.3036 0
      vertex -18.9904 -13.1096 0
    endloop
  endfacet
  facet normal 0 0 -1
    outer loop
      vertex 19.148 -13.4899 0
      vertex -19.148 -13.4899 0
      vertex -19.0599 -13.3036 0
    endloop
  endfacet
  facet normal 0 0 -1
    outer loop
      vertex 19.2539 -13.6667 0
      vertex -19.2539 -13.6667 0
      vertex -19.148 -13.4899 0
    endloop
  endfacet
  facet normal 0 0 -1
    outer loop
      vertex 19.3767 -13.8322 0
      vertex -19.3767 -13.8322 0
      vertex -19.2539 -13.6667 0
    endloop
  endfacet
  facet normal 0 0 -1
    outer loop
      vertex 19.5151 -13.9849 0
      vertex -19.5151 -13.9849 0
      vertex -19.3767 -13.8322 0
    endloop
  endfacet
  facet normal -0 0 -1
    outer loop
      vertex 19.5151 -13.9849 0
      vertex -19.6678 -14.1233 0
      vertex -19.5151 -13.9849 0
    endloop
  endfacet
  facet normal 0 0 -1
    outer loop
      vertex -23.5 -18 0
      vertex -19.6678 -14.1233 0
      vertex 23.5 -18 0
    endloop
  endfacet
  facet normal 0 0 -1
    outer loop
      vertex -19.6678 -14.1233 0
      vertex -23.5 -18 0
      vertex -19.8333 -14.2461 0
    endloop
  endfacet
  facet normal 0 0 -1
    outer loop
      vertex -19.8333 -14.2461 0
      vertex -23.5 -18 0
      vertex -20.0101 -14.352 0
    endloop
  endfacet
  facet normal 0 0 -1
    outer loop
      vertex -20.0101 -14.352 0
      vertex -23.5 -18 0
      vertex -20.1964 -14.4401 0
    endloop
  endfacet
  facet normal 0 0 -1
    outer loop
      vertex -20.1964 -14.4401 0
      vertex -23.5 -18 0
      vertex -20.3904 -14.5096 0
    endloop
  endfacet
  facet normal 0 0 -1
    outer loop
      vertex -20.3904 -14.5096 0
      vertex -23.5 -18 0
      vertex -20.5903 -14.5596 0
    endloop
  endfacet
  facet normal 0 0 -1
    outer loop
      vertex -20.5903 -14.5596 0
      vertex -23.5 -18 0
      vertex -20.7942 -14.5899 0
    endloop
  endfacet
  facet normal 0 0 -1
    outer loop
      vertex -20.7942 -14.5899 0
      vertex -23.5 -18 0
      vertex -21 -14.6 0
    endloop
  endfacet
  facet normal 0 0 -1
    outer loop
      vertex -26.0376 -17.092 0
      vertex -22.6233 -13.8322 0
      vertex -25.7223 -17.3259 0
    endloop
  endfacet
  facet normal 0 0 -1
    outer loop
      vertex -25.7223 -17.3259 0
      vertex -22.6233 -13.8322 0
      vertex -25.3856 -17.5277 0
    endloop
  endfacet
  facet normal -0 0 -1
    outer loop
      vertex -22.4849 -13.9849 0
      vertex -25.3856 -17.5277 0
      vertex -22.6233 -13.8322 0
    endloop
  endfacet
  facet normal 0 0 -1
    outer loop
      vertex -25.3856 -17.5277 0
      vertex -22.4849 -13.9849 0
      vertex -25.0307 -17.6955 0
    endloop
  endfacet
  facet normal 0 0 -1
    outer loop
      vertex -25.0307 -17.6955 0
      vertex -22.4849 -13.9849 0
      vertex -24.6611 -17.8278 0
    endloop
  endfacet
  facet normal 0 0 -1
    outer loop
      vertex -24.6611 -17.8278 0
      vertex -22.4849 -13.9849 0
      vertex -24.2804 -17.9231 0
    endloop
  endfacet
  facet normal -0 0 -1
    outer loop
      vertex -22.3322 -14.1233 0
      vertex -24.2804 -17.9231 0
      vertex -22.4849 -13.9849 0
    endloop
  endfacet
  facet normal 0 0 -1
    outer loop
      vertex -24.2804 -17.9231 0
      vertex -22.3322 -14.1233 0
      vertex -23.8921 -17.9807 0
    endloop
  endfacet
  facet normal 0 0 -1
    outer loop
      vertex -23.8921 -17.9807 0
      vertex -22.3322 -14.1233 0
      vertex -23.5 -18 0
    endloop
  endfacet
  facet normal -0 0 -1
    outer loop
      vertex -22.1667 -14.2461 0
      vertex -23.5 -18 0
      vertex -22.3322 -14.1233 0
    endloop
  endfacet
  facet normal -0 0 -1
    outer loop
      vertex -21.9899 -14.352 0
      vertex -23.5 -18 0
      vertex -22.1667 -14.2461 0
    endloop
  endfacet
  facet normal -0 0 -1
    outer loop
      vertex -21.8036 -14.4401 0
      vertex -23.5 -18 0
      vertex -21.9899 -14.352 0
    endloop
  endfacet
  facet normal -0 0 -1
    outer loop
      vertex -21.6096 -14.5096 0
      vertex -23.5 -18 0
      vertex -21.8036 -14.4401 0
    endloop
  endfacet
  facet normal -0 0 -1
    outer loop
      vertex -21.4097 -14.5596 0
      vertex -23.5 -18 0
      vertex -21.6096 -14.5096 0
    endloop
  endfacet
  facet normal -0 0 -1
    outer loop
      vertex -21.2058 -14.5899 0
      vertex -23.5 -18 0
      vertex -21.4097 -14.5596 0
    endloop
  endfacet
  facet normal -0 0 -1
    outer loop
      vertex -21 -14.6 0
      vertex -23.5 -18 0
      vertex -21.2058 -14.5899 0
    endloop
  endfacet
  facet normal 0 0 -1
    outer loop
      vertex 23.0899 -12.7058 0
      vertex 27.5 -14 0
      vertex 27.4807 -14.3921 0
    endloop
  endfacet
  facet normal 0 0 -1
    outer loop
      vertex 23.0899 -12.7058 0
      vertex 27.4807 -14.3921 0
      vertex 27.4231 -14.7804 0
    endloop
  endfacet
  facet normal 0 0 -1
    outer loop
      vertex 23.0899 -12.7058 0
      vertex 27.4231 -14.7804 0
      vertex 27.3278 -15.1611 0
    endloop
  endfacet
  facet normal 0 0 -1
    outer loop
      vertex 23.0899 -12.7058 0
      vertex 27.3278 -15.1611 0
      vertex 27.1955 -15.5307 0
    endloop
  endfacet
  facet normal 0 0 -1
    outer loop
      vertex 23.0899 -12.7058 0
      vertex 27.1955 -15.5307 0
      vertex 27.0277 -15.8856 0
    endloop
  endfacet
  facet normal 0 0 -1
    outer loop
      vertex 23.0899 -12.7058 0
      vertex 27.0277 -15.8856 0
      vertex 26.8259 -16.2223 0
    endloop
  endfacet
  facet normal 0 0 -1
    outer loop
      vertex 23.0899 -12.7058 0
      vertex 26.8259 -16.2223 0
      vertex 26.592 -16.5376 0
    endloop
  endfacet
  facet normal 0 0 -1
    outer loop
      vertex 23.0899 -12.7058 0
      vertex 26.592 -16.5376 0
      vertex 26.3284 -16.8284 0
    endloop
  endfacet
  facet normal 0 0 -1
    outer loop
      vertex 23.0899 -12.7058 0
      vertex 26.3284 -16.8284 0
      vertex 26.0376 -17.092 0
    endloop
  endfacet
  facet normal 0 0 -1
    outer loop
      vertex 23.0899 -12.7058 0
      vertex 26.0376 -17.092 0
      vertex 25.7223 -17.3259 0
    endloop
  endfacet
  facet normal 0 0 -1
    outer loop
      vertex 23.0899 -12.7058 0
      vertex 25.7223 -17.3259 0
      vertex 25.3856 -17.5277 0
    endloop
  endfacet
  facet normal 0 0 -1
    outer loop
      vertex 23.0899 -12.7058 0
      vertex 25.3856 -17.5277 0
      vertex 25.0307 -17.6955 0
    endloop
  endfacet
  facet normal 0 0 -1
    outer loop
      vertex 23.0899 -12.7058 0
      vertex 25.0307 -17.6955 0
      vertex 24.6611 -17.8278 0
    endloop
  endfacet
  facet normal 0 0 -1
    outer loop
      vertex 23.0899 -12.7058 0
      vertex 24.6611 -17.8278 0
      vertex 24.2804 -17.9231 0
    endloop
  endfacet
  facet normal 0 0 -1
    outer loop
      vertex 23.0899 -12.7058 0
      vertex 24.2804 -17.9231 0
      vertex 23.8921 -17.9807 0
    endloop
  endfacet
  facet normal 0 0 -1
    outer loop
      vertex 22.3322 -14.1233 0
      vertex 23.8921 -17.9807 0
      vertex 23.5 -18 0
    endloop
  endfacet
  facet normal 0 0 -1
    outer loop
      vertex 27.5 -14 0
      vertex 23.1 -12.5 0
      vertex 23.0899 -12.2942 0
    endloop
  endfacet
  facet normal 0 0 -1
    outer loop
      vertex 27.5 -14 0
      vertex 23.0899 -12.2942 0
      vertex 23.0596 -12.0903 0
    endloop
  endfacet
  facet normal 0 0 -1
    outer loop
      vertex 23.0096 -11.8904 0
      vertex 27.5 -14 0
      vertex 23.0596 -12.0903 0
    endloop
  endfacet
  facet normal 0 0 -1
    outer loop
      vertex 27.5 -14 0
      vertex 23.0096 -11.8904 0
      vertex 27.5 -8 0
    endloop
  endfacet
  facet normal 0 0 -1
    outer loop
      vertex 22.9401 -11.6964 0
      vertex 27.5 -8 0
      vertex 23.0096 -11.8904 0
    endloop
  endfacet
  facet normal 0 0 -1
    outer loop
      vertex 22.852 -11.5101 0
      vertex 27.5 -8 0
      vertex 22.9401 -11.6964 0
    endloop
  endfacet
  facet normal 0 0 -1
    outer loop
      vertex 22.7461 -11.3333 0
      vertex 27.5 -8 0
      vertex 22.852 -11.5101 0
    endloop
  endfacet
  facet normal 0 0 -1
    outer loop
      vertex 22.6233 -11.1678 0
      vertex 27.5 -8 0
      vertex 22.7461 -11.3333 0
    endloop
  endfacet
  facet normal 0 0 -1
    outer loop
      vertex 22.4849 -11.0151 0
      vertex 27.5 -8 0
      vertex 22.6233 -11.1678 0
    endloop
  endfacet
  facet normal 0 0 -1
    outer loop
      vertex 22.3322 -10.8767 0
      vertex 27.5 -8 0
      vertex 22.4849 -11.0151 0
    endloop
  endfacet
  facet normal 0 0 -1
    outer loop
      vertex 22.1667 -10.7539 0
      vertex 27.5 -8 0
      vertex 22.3322 -10.8767 0
    endloop
  endfacet
  facet normal 0 0 -1
    outer loop
      vertex 21.9899 -10.648 0
      vertex 27.5 -8 0
      vertex 22.1667 -10.7539 0
    endloop
  endfacet
  facet normal 0 0 -1
    outer loop
      vertex 21.8036 -10.5599 0
      vertex 27.5 -8 0
      vertex 21.9899 -10.648 0
    endloop
  endfacet
  facet normal 0 0 -1
    outer loop
      vertex 21.6096 -10.4904 0
      vertex 27.5 -8 0
      vertex 21.8036 -10.5599 0
    endloop
  endfacet
  facet normal 0 0 -1
    outer loop
      vertex 21.4097 -10.4404 0
      vertex 27.5 -8 0
      vertex 21.6096 -10.4904 0
    endloop
  endfacet
  facet normal 0 0 -1
    outer loop
      vertex 21.2058 -10.4101 0
      vertex 27.5 -8 0
      vertex 21.4097 -10.4404 0
    endloop
  endfacet
  facet normal 0 0 -1
    outer loop
      vertex 21 -10.4 0
      vertex 27.5 -8 0
      vertex 21.2058 -10.4101 0
    endloop
  endfacet
  facet normal 0 0 -1
    outer loop
      vertex 20.7942 -10.4101 0
      vertex 27.5 -8 0
      vertex 21 -10.4 0
    endloop
  endfacet
  facet normal 0 0 -1
    outer loop
      vertex 20.5903 -10.4404 0
      vertex 27.5 -8 0
      vertex 20.7942 -10.4101 0
    endloop
  endfacet
  facet normal 0 0 -1
    outer loop
      vertex 20.3904 -10.4904 0
      vertex 27.5 -8 0
      vertex 20.5903 -10.4404 0
    endloop
  endfacet
  facet normal 0 0 -1
    outer loop
      vertex -18.9 -12.5 0
      vertex 18.9101 -12.2942 0
      vertex 18.9 -12.5 0
    endloop
  endfacet
  facet normal 0 0 -1
    outer loop
      vertex -18.9101 -12.2942 0
      vertex 18.9101 -12.2942 0
      vertex -18.9 -12.5 0
    endloop
  endfacet
  facet normal 0 0 -1
    outer loop
      vertex 18.9101 -12.2942 0
      vertex -18.9101 -12.2942 0
      vertex 18.9403 -12.0903 0
    endloop
  endfacet
  facet normal 0 0 -1
    outer loop
      vertex -18.9403 -12.0903 0
      vertex 18.9403 -12.0903 0
      vertex -18.9101 -12.2942 0
    endloop
  endfacet
  facet normal 0 0 -1
    outer loop
      vertex 18.9403 -12.0903 0
      vertex -18.9403 -12.0903 0
      vertex 18.9904 -11.8904 0
    endloop
  endfacet
  facet normal 0 0 -1
    outer loop
      vertex -18.9904 -11.8904 0
      vertex 18.9904 -11.8904 0
      vertex -18.9403 -12.0903 0
    endloop
  endfacet
  facet normal 0 0 -1
    outer loop
      vertex 18.9904 -11.8904 0
      vertex -18.9904 -11.8904 0
      vertex 19.0599 -11.6964 0
    endloop
  endfacet
  facet normal 0 0 -1
    outer loop
      vertex -19.0599 -11.6964 0
      vertex 19.0599 -11.6964 0
      vertex -18.9904 -11.8904 0
    endloop
  endfacet
  facet normal 0 0 -1
    outer loop
      vertex 19.0599 -11.6964 0
      vertex -19.0599 -11.6964 0
      vertex 19.148 -11.5101 0
    endloop
  endfacet
  facet normal 0 0 -1
    outer loop
      vertex -19.148 -11.5101 0
      vertex 19.148 -11.5101 0
      vertex -19.0599 -11.6964 0
    endloop
  endfacet
  facet normal 0 0 -1
    outer loop
      vertex 19.148 -11.5101 0
      vertex -19.148 -11.5101 0
      vertex 19.2539 -11.3333 0
    endloop
  endfacet
  facet normal 0 0 -1
    outer loop
      vertex -19.2539 -11.3333 0
      vertex 19.2539 -11.3333 0
      vertex -19.148 -11.5101 0
    endloop
  endfacet
  facet normal 0 0 -1
    outer loop
      vertex 19.2539 -11.3333 0
      vertex -19.2539 -11.3333 0
      vertex 19.3767 -11.1678 0
    endloop
  endfacet
  facet normal 0 0 -1
    outer loop
      vertex -19.3767 -11.1678 0
      vertex 19.3767 -11.1678 0
      vertex -19.2539 -11.3333 0
    endloop
  endfacet
  facet normal 0 0 -1
    outer loop
      vertex 19.3767 -11.1678 0
      vertex -19.3767 -11.1678 0
      vertex 19.5151 -11.0151 0
    endloop
  endfacet
  facet normal 0 0 -1
    outer loop
      vertex -19.5151 -11.0151 0
      vertex 19.5151 -11.0151 0
      vertex -19.3767 -11.1678 0
    endloop
  endfacet
  facet normal 0 0 -1
    outer loop
      vertex 19.5151 -11.0151 0
      vertex -19.5151 -11.0151 0
      vertex 19.6678 -10.8767 0
    endloop
  endfacet
  facet normal 0 0 -1
    outer loop
      vertex -19.6678 -10.8767 0
      vertex 19.6678 -10.8767 0
      vertex -19.5151 -11.0151 0
    endloop
  endfacet
  facet normal 0 0 -1
    outer loop
      vertex 19.6678 -10.8767 0
      vertex -19.6678 -10.8767 0
      vertex 19.8333 -10.7539 0
    endloop
  endfacet
  facet normal 0 0 -1
    outer loop
      vertex -19.8333 -10.7539 0
      vertex 19.8333 -10.7539 0
      vertex -19.6678 -10.8767 0
    endloop
  endfacet
  facet normal 0 0 -1
    outer loop
      vertex 19.8333 -10.7539 0
      vertex -19.8333 -10.7539 0
      vertex 20.0101 -10.648 0
    endloop
  endfacet
  facet normal 0 0 -1
    outer loop
      vertex -20.0101 -10.648 0
      vertex 20.0101 -10.648 0
      vertex -19.8333 -10.7539 0
    endloop
  endfacet
  facet normal 0 0 -1
    outer loop
      vertex 20.0101 -10.648 0
      vertex -20.0101 -10.648 0
      vertex 20.1964 -10.5599 0
    endloop
  endfacet
  facet normal 0 0 -1
    outer loop
      vertex -20.1964 -10.5599 0
      vertex 20.1964 -10.5599 0
      vertex -20.0101 -10.648 0
    endloop
  endfacet
  facet normal 0 0 -1
    outer loop
      vertex 20.1964 -10.5599 0
      vertex -20.1964 -10.5599 0
      vertex 20.3904 -10.4904 0
    endloop
  endfacet
  facet normal 0 0 -1
    outer loop
      vertex -20.3904 -10.4904 0
      vertex 20.3904 -10.4904 0
      vertex -20.1964 -10.5599 0
    endloop
  endfacet
  facet normal 0 0 -1
    outer loop
      vertex 20.3904 -10.4904 0
      vertex -20.3904 -10.4904 0
      vertex 27.5 -8 0
    endloop
  endfacet
  facet normal 0 0 -1
    outer loop
      vertex -27.5 -8 0
      vertex -20.3904 -10.4904 0
      vertex -20.5903 -10.4404 0
    endloop
  endfacet
  facet normal 0 0 -1
    outer loop
      vertex -27.5 -8 0
      vertex -20.5903 -10.4404 0
      vertex -20.7942 -10.4101 0
    endloop
  endfacet
  facet normal 0 0 -1
    outer loop
      vertex -27.5 -8 0
      vertex -20.7942 -10.4101 0
      vertex -21 -10.4 0
    endloop
  endfacet
  facet normal 0 0 -1
    outer loop
      vertex -27.5 -8 0
      vertex -21 -10.4 0
      vertex -21.2058 -10.4101 0
    endloop
  endfacet
  facet normal 0 0 -1
    outer loop
      vertex -26.3284 -16.8284 0
      vertex -22.6233 -13.8322 0
      vertex -26.0376 -17.092 0
    endloop
  endfacet
  facet normal -0 0 -1
    outer loop
      vertex -22.6233 -13.8322 0
      vertex -26.3284 -16.8284 0
      vertex -22.7461 -13.6667 0
    endloop
  endfacet
  facet normal 0 0 -1
    outer loop
      vertex -26.592 -16.5376 0
      vertex -22.7461 -13.6667 0
      vertex -26.3284 -16.8284 0
    endloop
  endfacet
  facet normal 0 0 -1
    outer loop
      vertex -26.8259 -16.2223 0
      vertex -22.7461 -13.6667 0
      vertex -26.592 -16.5376 0
    endloop
  endfacet
  facet normal -0 0 -1
    outer loop
      vertex -22.7461 -13.6667 0
      vertex -26.8259 -16.2223 0
      vertex -22.852 -13.4899 0
    endloop
  endfacet
  facet normal 0 0 -1
    outer loop
      vertex -27.0277 -15.8856 0
      vertex -22.852 -13.4899 0
      vertex -26.8259 -16.2223 0
    endloop
  endfacet
  facet normal 0 0 -1
    outer loop
      vertex -27.1955 -15.5307 0
      vertex -22.852 -13.4899 0
      vertex -27.0277 -15.8856 0
    endloop
  endfacet
  facet normal 0 0 -1
    outer loop
      vertex -27.3278 -15.1611 0
      vertex -22.852 -13.4899 0
      vertex -27.1955 -15.5307 0
    endloop
  endfacet
  facet normal -0 0 -1
    outer loop
      vertex -22.852 -13.4899 0
      vertex -27.3278 -15.1611 0
      vertex -22.9401 -13.3036 0
    endloop
  endfacet
  facet normal 0 0 -1
    outer loop
      vertex -27.4231 -14.7804 0
      vertex -22.9401 -13.3036 0
      vertex -27.3278 -15.1611 0
    endloop
  endfacet
  facet normal 0 0 -1
    outer loop
      vertex -27.4807 -14.3921 0
      vertex -22.9401 -13.3036 0
      vertex -27.4231 -14.7804 0
    endloop
  endfacet
  facet normal 0 0 -1
    outer loop
      vertex -27.5 -14 0
      vertex -22.9401 -13.3036 0
      vertex -27.4807 -14.3921 0
    endloop
  endfacet
  facet normal -0 0 -1
    outer loop
      vertex -22.9401 -13.3036 0
      vertex -27.5 -14 0
      vertex -23.0096 -13.1096 0
    endloop
  endfacet
  facet normal -0 0 -1
    outer loop
      vertex -23.0096 -13.1096 0
      vertex -27.5 -14 0
      vertex -23.0596 -12.9097 0
    endloop
  endfacet
  facet normal -0 0 -1
    outer loop
      vertex -23.0596 -12.9097 0
      vertex -27.5 -14 0
      vertex -23.0899 -12.7058 0
    endloop
  endfacet
  facet normal -0 0 -1
    outer loop
      vertex -23.0899 -12.7058 0
      vertex -27.5 -14 0
      vertex -23.1 -12.5 0
    endloop
  endfacet
  facet normal -0 0 -1
    outer loop
      vertex -23.1 -12.5 0
      vertex -27.5 -14 0
      vertex -23.0899 -12.2942 0
    endloop
  endfacet
  facet normal -0 0 -1
    outer loop
      vertex -23.0899 -12.2942 0
      vertex -27.5 -14 0
      vertex -23.0596 -12.0903 0
    endloop
  endfacet
  facet normal -0 0 -1
    outer loop
      vertex -23.0596 -12.0903 0
      vertex -27.5 -14 0
      vertex -23.0096 -11.8904 0
    endloop
  endfacet
  facet normal 0 0 -1
    outer loop
      vertex -27.5 -8 0
      vertex -23.0096 -11.8904 0
      vertex -27.5 -14 0
    endloop
  endfacet
  facet normal 0 0 -1
    outer loop
      vertex -23.0096 -11.8904 0
      vertex -27.5 -8 0
      vertex -22.9401 -11.6964 0
    endloop
  endfacet
  facet normal 0 0 -1
    outer loop
      vertex -22.9401 -11.6964 0
      vertex -27.5 -8 0
      vertex -22.852 -11.5101 0
    endloop
  endfacet
  facet normal 0 0 -1
    outer loop
      vertex -22.852 -11.5101 0
      vertex -27.5 -8 0
      vertex -22.7461 -11.3333 0
    endloop
  endfacet
  facet normal 0 0 -1
    outer loop
      vertex -22.7461 -11.3333 0
      vertex -27.5 -8 0
      vertex -22.6233 -11.1678 0
    endloop
  endfacet
  facet normal 0 0 -1
    outer loop
      vertex -22.6233 -11.1678 0
      vertex -27.5 -8 0
      vertex -22.4849 -11.0151 0
    endloop
  endfacet
  facet normal 0 0 -1
    outer loop
      vertex -22.4849 -11.0151 0
      vertex -27.5 -8 0
      vertex -22.3322 -10.8767 0
    endloop
  endfacet
  facet normal 0 0 -1
    outer loop
      vertex -20.3904 -10.4904 0
      vertex -27.5 -8 0
      vertex 27.5 -8 0
    endloop
  endfacet
  facet normal 0 0 -1
    outer loop
      vertex -21.4097 -10.4404 0
      vertex -27.5 -8 0
      vertex -21.2058 -10.4101 0
    endloop
  endfacet
  facet normal 0 0 -1
    outer loop
      vertex -21.6096 -10.4904 0
      vertex -27.5 -8 0
      vertex -21.4097 -10.4404 0
    endloop
  endfacet
  facet normal 0 0 -1
    outer loop
      vertex -21.8036 -10.5599 0
      vertex -27.5 -8 0
      vertex -21.6096 -10.4904 0
    endloop
  endfacet
  facet normal 0 0 -1
    outer loop
      vertex -21.9899 -10.648 0
      vertex -27.5 -8 0
      vertex -21.8036 -10.5599 0
    endloop
  endfacet
  facet normal 0 0 -1
    outer loop
      vertex -22.1667 -10.7539 0
      vertex -27.5 -8 0
      vertex -21.9899 -10.648 0
    endloop
  endfacet
  facet normal 0 0 -1
    outer loop
      vertex -22.3322 -10.8767 0
      vertex -27.5 -8 0
      vertex -22.1667 -10.7539 0
    endloop
  endfacet
  facet normal 0 0 -1
    outer loop
      vertex 23.0096 11.8904 0
      vertex 27.5 14 0
      vertex 27.5 8 0
    endloop
  endfacet
  facet normal 0 -0 -1
    outer loop
      vertex 23.0899 12.2942 0
      vertex 27.5 14 0
      vertex 23.0596 12.0903 0
    endloop
  endfacet
  facet normal 0 -0 -1
    outer loop
      vertex 23.1 12.5 0
      vertex 27.5 14 0
      vertex 23.0899 12.2942 0
    endloop
  endfacet
  facet normal 0 0 -1
    outer loop
      vertex 23.0899 12.7058 0
      vertex 27.5 14 0
      vertex 23.1 12.5 0
    endloop
  endfacet
  facet normal 0 0 -1
    outer loop
      vertex 23.0096 13.1096 0
      vertex 27.5 14 0
      vertex 23.0596 12.9097 0
    endloop
  endfacet
  facet normal 0 0 -1
    outer loop
      vertex 22.9401 13.3036 0
      vertex 27.5 14 0
      vertex 23.0096 13.1096 0
    endloop
  endfacet
  facet normal -0 0 -1
    outer loop
      vertex 27.5 14 0
      vertex 22.9401 13.3036 0
      vertex 27.4807 14.3921 0
    endloop
  endfacet
  facet normal -0 0 -1
    outer loop
      vertex 27.4231 14.7804 0
      vertex 22.9401 13.3036 0
      vertex 27.3278 15.1611 0
    endloop
  endfacet
  facet normal 0 0 -1
    outer loop
      vertex 22.852 13.4899 0
      vertex 27.3278 15.1611 0
      vertex 22.9401 13.3036 0
    endloop
  endfacet
  facet normal -0 0 -1
    outer loop
      vertex 27.3278 15.1611 0
      vertex 22.852 13.4899 0
      vertex 27.1955 15.5307 0
    endloop
  endfacet
  facet normal -0 0 -1
    outer loop
      vertex 27.0277 15.8856 0
      vertex 22.852 13.4899 0
      vertex 26.8259 16.2223 0
    endloop
  endfacet
  facet normal 0 0 -1
    outer loop
      vertex 22.7461 13.6667 0
      vertex 26.8259 16.2223 0
      vertex 22.852 13.4899 0
    endloop
  endfacet
  facet normal -0 0 -1
    outer loop
      vertex 26.8259 16.2223 0
      vertex 22.7461 13.6667 0
      vertex 26.592 16.5376 0
    endloop
  endfacet
  facet normal 0 0 -1
    outer loop
      vertex 22.6233 13.8322 0
      vertex 26.3284 16.8284 0
      vertex 22.7461 13.6667 0
    endloop
  endfacet
  facet normal -0 0 -1
    outer loop
      vertex 26.3284 16.8284 0
      vertex 22.6233 13.8322 0
      vertex 26.0376 17.092 0
    endloop
  endfacet
  facet normal -0 0 -1
    outer loop
      vertex 26.0376 17.092 0
      vertex 22.6233 13.8322 0
      vertex 25.7223 17.3259 0
    endloop
  endfacet
  facet normal -0 0 -1
    outer loop
      vertex 27.1955 15.5307 0
      vertex 22.852 13.4899 0
      vertex 27.0277 15.8856 0
    endloop
  endfacet
  facet normal -0 0 -1
    outer loop
      vertex 27.4807 14.3921 0
      vertex 22.9401 13.3036 0
      vertex 27.4231 14.7804 0
    endloop
  endfacet
  facet normal 0 0 -1
    outer loop
      vertex 23.0596 12.9097 0
      vertex 27.5 14 0
      vertex 23.0899 12.7058 0
    endloop
  endfacet
  facet normal 0 0 -1
    outer loop
      vertex 27.5 14 0
      vertex 23.0096 11.8904 0
      vertex 23.0596 12.0903 0
    endloop
  endfacet
  facet normal 0 0 -1
    outer loop
      vertex 27.5 8 0
      vertex 22.9401 11.6964 0
      vertex 23.0096 11.8904 0
    endloop
  endfacet
  facet normal 0 0 -1
    outer loop
      vertex 27.5 8 0
      vertex 22.852 11.5101 0
      vertex 22.9401 11.6964 0
    endloop
  endfacet
  facet normal 0 0 -1
    outer loop
      vertex 27.5 8 0
      vertex 22.7461 11.3333 0
      vertex 22.852 11.5101 0
    endloop
  endfacet
  facet normal 0 0 -1
    outer loop
      vertex 27.5 8 0
      vertex 22.6233 11.1678 0
      vertex 22.7461 11.3333 0
    endloop
  endfacet
  facet normal 0 0 -1
    outer loop
      vertex 27.5 8 0
      vertex 22.4849 11.0151 0
      vertex 22.6233 11.1678 0
    endloop
  endfacet
  facet normal 0 0 -1
    outer loop
      vertex 27.5 8 0
      vertex 22.3322 10.8767 0
      vertex 22.4849 11.0151 0
    endloop
  endfacet
  facet normal 0 0 -1
    outer loop
      vertex 27.5 8 0
      vertex 22.1667 10.7539 0
      vertex 22.3322 10.8767 0
    endloop
  endfacet
  facet normal 0 0 -1
    outer loop
      vertex 27.5 8 0
      vertex 21.9899 10.648 0
      vertex 22.1667 10.7539 0
    endloop
  endfacet
  facet normal 0 0 -1
    outer loop
      vertex 27.5 8 0
      vertex 21.8036 10.5599 0
      vertex 21.9899 10.648 0
    endloop
  endfacet
  facet normal 0 0 -1
    outer loop
      vertex 27.5 8 0
      vertex 21.6096 10.4904 0
      vertex 21.8036 10.5599 0
    endloop
  endfacet
  facet normal 0 0 -1
    outer loop
      vertex 27.5 8 0
      vertex 21.4097 10.4404 0
      vertex 21.6096 10.4904 0
    endloop
  endfacet
  facet normal 0 0 -1
    outer loop
      vertex 27.5 8 0
      vertex 21.2058 10.4101 0
      vertex 21.4097 10.4404 0
    endloop
  endfacet
  facet normal 0 0 -1
    outer loop
      vertex 27.5 8 0
      vertex 21 10.4 0
      vertex 21.2058 10.4101 0
    endloop
  endfacet
  facet normal 0 0 -1
    outer loop
      vertex 27.5 8 0
      vertex 20.7942 10.4101 0
      vertex 21 10.4 0
    endloop
  endfacet
  facet normal 0 0 -1
    outer loop
      vertex 27.5 8 0
      vertex 20.5903 10.4404 0
      vertex 20.7942 10.4101 0
    endloop
  endfacet
  facet normal 0 0 -1
    outer loop
      vertex 27.5 8 0
      vertex 20.3904 10.4904 0
      vertex 20.5903 10.4404 0
    endloop
  endfacet
  facet normal 0 0 -1
    outer loop
      vertex 18.9101 12.2942 0
      vertex -18.9 12.5 0
      vertex 18.9 12.5 0
    endloop
  endfacet
  facet normal 0 0 -1
    outer loop
      vertex -18.9101 12.2942 0
      vertex 18.9101 12.2942 0
      vertex 18.9403 12.0903 0
    endloop
  endfacet
  facet normal 0 0 -1
    outer loop
      vertex -18.9403 12.0903 0
      vertex 18.9403 12.0903 0
      vertex 18.9904 11.8904 0
    endloop
  endfacet
  facet normal 0 0 -1
    outer loop
      vertex -18.9904 11.8904 0
      vertex 18.9904 11.8904 0
      vertex 19.0599 11.6964 0
    endloop
  endfacet
  facet normal 0 0 -1
    outer loop
      vertex -19.0599 11.6964 0
      vertex 19.0599 11.6964 0
      vertex 19.148 11.5101 0
    endloop
  endfacet
  facet normal 0 0 -1
    outer loop
      vertex -19.148 11.5101 0
      vertex 19.148 11.5101 0
      vertex 19.2539 11.3333 0
    endloop
  endfacet
  facet normal 0 0 -1
    outer loop
      vertex -19.2539 11.3333 0
      vertex 19.2539 11.3333 0
      vertex 19.3767 11.1678 0
    endloop
  endfacet
  facet normal 0 0 -1
    outer loop
      vertex -19.3767 11.1678 0
      vertex 19.3767 11.1678 0
      vertex 19.5151 11.0151 0
    endloop
  endfacet
  facet normal 0 0 -1
    outer loop
      vertex -19.5151 11.0151 0
      vertex 19.5151 11.0151 0
      vertex 19.6678 10.8767 0
    endloop
  endfacet
  facet normal 0 0 -1
    outer loop
      vertex -19.6678 10.8767 0
      vertex 19.6678 10.8767 0
      vertex 19.8333 10.7539 0
    endloop
  endfacet
  facet normal 0 0 -1
    outer loop
      vertex -19.8333 10.7539 0
      vertex 19.8333 10.7539 0
      vertex 20.0101 10.648 0
    endloop
  endfacet
  facet normal 0 0 -1
    outer loop
      vertex -20.0101 10.648 0
      vertex 20.0101 10.648 0
      vertex 20.1964 10.5599 0
    endloop
  endfacet
  facet normal 0 0 -1
    outer loop
      vertex -20.1964 10.5599 0
      vertex 20.1964 10.5599 0
      vertex 20.3904 10.4904 0
    endloop
  endfacet
  facet normal 0 0 -1
    outer loop
      vertex -20.3904 10.4904 0
      vertex 20.3904 10.4904 0
      vertex 27.5 8 0
    endloop
  endfacet
  facet normal 0 0 -1
    outer loop
      vertex 18.9101 12.2942 0
      vertex -18.9101 12.2942 0
      vertex -18.9 12.5 0
    endloop
  endfacet
  facet normal 0 0 -1
    outer loop
      vertex 18.9403 12.0903 0
      vertex -18.9403 12.0903 0
      vertex -18.9101 12.2942 0
    endloop
  endfacet
  facet normal 0 0 -1
    outer loop
      vertex 18.9904 11.8904 0
      vertex -18.9904 11.8904 0
      vertex -18.9403 12.0903 0
    endloop
  endfacet
  facet normal 0 0 -1
    outer loop
      vertex 19.0599 11.6964 0
      vertex -19.0599 11.6964 0
      vertex -18.9904 11.8904 0
    endloop
  endfacet
  facet normal 0 0 -1
    outer loop
      vertex 19.148 11.5101 0
      vertex -19.148 11.5101 0
      vertex -19.0599 11.6964 0
    endloop
  endfacet
  facet normal 0 0 -1
    outer loop
      vertex 19.2539 11.3333 0
      vertex -19.2539 11.3333 0
      vertex -19.148 11.5101 0
    endloop
  endfacet
  facet normal 0 0 -1
    outer loop
      vertex 19.3767 11.1678 0
      vertex -19.3767 11.1678 0
      vertex -19.2539 11.3333 0
    endloop
  endfacet
  facet normal 0 0 -1
    outer loop
      vertex 19.5151 11.0151 0
      vertex -19.5151 11.0151 0
      vertex -19.3767 11.1678 0
    endloop
  endfacet
  facet normal 0 0 -1
    outer loop
      vertex 19.6678 10.8767 0
      vertex -19.6678 10.8767 0
      vertex -19.5151 11.0151 0
    endloop
  endfacet
  facet normal 0 0 -1
    outer loop
      vertex 19.8333 10.7539 0
      vertex -19.8333 10.7539 0
      vertex -19.6678 10.8767 0
    endloop
  endfacet
  facet normal 0 0 -1
    outer loop
      vertex 20.0101 10.648 0
      vertex -20.0101 10.648 0
      vertex -19.8333 10.7539 0
    endloop
  endfacet
  facet normal 0 0 -1
    outer loop
      vertex 20.1964 10.5599 0
      vertex -20.1964 10.5599 0
      vertex -20.0101 10.648 0
    endloop
  endfacet
  facet normal 0 0 -1
    outer loop
      vertex 20.3904 10.4904 0
      vertex -20.3904 10.4904 0
      vertex -20.1964 10.5599 0
    endloop
  endfacet
  facet normal 0 0 -1
    outer loop
      vertex -27.5 8 0
      vertex -20.3904 10.4904 0
      vertex 27.5 8 0
    endloop
  endfacet
  facet normal 0 0 -1
    outer loop
      vertex -20.3904 10.4904 0
      vertex -27.5 8 0
      vertex -20.5903 10.4404 0
    endloop
  endfacet
  facet normal 0 0 -1
    outer loop
      vertex -20.5903 10.4404 0
      vertex -27.5 8 0
      vertex -20.7942 10.4101 0
    endloop
  endfacet
  facet normal 0 0 -1
    outer loop
      vertex -20.7942 10.4101 0
      vertex -27.5 8 0
      vertex -21 10.4 0
    endloop
  endfacet
  facet normal 0 0 -1
    outer loop
      vertex -27.5 14 0
      vertex -23.1 12.5 0
      vertex -23.0899 12.2942 0
    endloop
  endfacet
  facet normal 0 0 -1
    outer loop
      vertex -23.1 12.5 0
      vertex -23.8921 17.9807 0
      vertex -23.5 18 0
    endloop
  endfacet
  facet normal 0 0 -1
    outer loop
      vertex -23.1 12.5 0
      vertex -24.2804 17.9231 0
      vertex -23.8921 17.9807 0
    endloop
  endfacet
  facet normal 0 0 -1
    outer loop
      vertex -27.5 14 0
      vertex -23.0899 12.2942 0
      vertex -23.0596 12.0903 0
    endloop
  endfacet
  facet normal 0 0 -1
    outer loop
      vertex -23.1 12.5 0
      vertex -24.6611 17.8278 0
      vertex -24.2804 17.9231 0
    endloop
  endfacet
  facet normal 0 0 -1
    outer loop
      vertex -27.5 14 0
      vertex -23.0596 12.0903 0
      vertex -23.0096 11.8904 0
    endloop
  endfacet
  facet normal 0 0 -1
    outer loop
      vertex -23.1 12.5 0
      vertex -25.0307 17.6955 0
      vertex -24.6611 17.8278 0
    endloop
  endfacet
  facet normal 0 0 -1
    outer loop
      vertex -23.1 12.5 0
      vertex -25.3856 17.5277 0
      vertex -25.0307 17.6955 0
    endloop
  endfacet
  facet normal 0 0 -1
    outer loop
      vertex -27.5 8 0
      vertex -23.0096 11.8904 0
      vertex -22.9401 11.6964 0
    endloop
  endfacet
  facet normal 0 0 -1
    outer loop
      vertex -23.1 12.5 0
      vertex -25.7223 17.3259 0
      vertex -25.3856 17.5277 0
    endloop
  endfacet
  facet normal 0 0 -1
    outer loop
      vertex -27.5 8 0
      vertex -22.9401 11.6964 0
      vertex -22.852 11.5101 0
    endloop
  endfacet
  facet normal 0 0 -1
    outer loop
      vertex -23.1 12.5 0
      vertex -26.0376 17.092 0
      vertex -25.7223 17.3259 0
    endloop
  endfacet
  facet normal 0 0 -1
    outer loop
      vertex -23.1 12.5 0
      vertex -26.3284 16.8284 0
      vertex -26.0376 17.092 0
    endloop
  endfacet
  facet normal 0 0 -1
    outer loop
      vertex -27.5 8 0
      vertex -22.852 11.5101 0
      vertex -22.7461 11.3333 0
    endloop
  endfacet
  facet normal 0 0 -1
    outer loop
      vertex -23.1 12.5 0
      vertex -26.592 16.5376 0
      vertex -26.3284 16.8284 0
    endloop
  endfacet
  facet normal 0 0 -1
    outer loop
      vertex -23.1 12.5 0
      vertex -26.8259 16.2223 0
      vertex -26.592 16.5376 0
    endloop
  endfacet
  facet normal 0 0 -1
    outer loop
      vertex -27.5 8 0
      vertex -22.7461 11.3333 0
      vertex -22.6233 11.1678 0
    endloop
  endfacet
  facet normal 0 0 -1
    outer loop
      vertex -23.1 12.5 0
      vertex -27.0277 15.8856 0
      vertex -26.8259 16.2223 0
    endloop
  endfacet
  facet normal 0 0 -1
    outer loop
      vertex -27.5 8 0
      vertex -22.6233 11.1678 0
      vertex -22.4849 11.0151 0
    endloop
  endfacet
  facet normal 0 0 -1
    outer loop
      vertex -23.1 12.5 0
      vertex -27.1955 15.5307 0
      vertex -27.0277 15.8856 0
    endloop
  endfacet
  facet normal 0 0 -1
    outer loop
      vertex -23.1 12.5 0
      vertex -27.3278 15.1611 0
      vertex -27.1955 15.5307 0
    endloop
  endfacet
  facet normal 0 0 -1
    outer loop
      vertex -27.5 8 0
      vertex -22.4849 11.0151 0
      vertex -22.3322 10.8767 0
    endloop
  endfacet
  facet normal 0 0 -1
    outer loop
      vertex -23.1 12.5 0
      vertex -27.4231 14.7804 0
      vertex -27.3278 15.1611 0
    endloop
  endfacet
  facet normal 0 0 -1
    outer loop
      vertex -23.1 12.5 0
      vertex -27.4807 14.3921 0
      vertex -27.4231 14.7804 0
    endloop
  endfacet
  facet normal 0 0 -1
    outer loop
      vertex -27.5 8 0
      vertex -22.3322 10.8767 0
      vertex -22.1667 10.7539 0
    endloop
  endfacet
  facet normal -0 0 -1
    outer loop
      vertex -21 10.4 0
      vertex -27.5 8 0
      vertex -21.2058 10.4101 0
    endloop
  endfacet
  facet normal 0 0 -1
    outer loop
      vertex -27.5 8 0
      vertex -21.4097 10.4404 0
      vertex -21.2058 10.4101 0
    endloop
  endfacet
  facet normal 0 0 -1
    outer loop
      vertex -27.5 8 0
      vertex -21.6096 10.4904 0
      vertex -21.4097 10.4404 0
    endloop
  endfacet
  facet normal 0 0 -1
    outer loop
      vertex -27.5 8 0
      vertex -21.8036 10.5599 0
      vertex -21.6096 10.4904 0
    endloop
  endfacet
  facet normal 0 0 -1
    outer loop
      vertex -27.5 8 0
      vertex -21.9899 10.648 0
      vertex -21.8036 10.5599 0
    endloop
  endfacet
  facet normal 0 0 -1
    outer loop
      vertex -27.5 8 0
      vertex -22.1667 10.7539 0
      vertex -21.9899 10.648 0
    endloop
  endfacet
  facet normal -0 0 -1
    outer loop
      vertex -23.0096 11.8904 0
      vertex -27.5 8 0
      vertex -27.5 14 0
    endloop
  endfacet
  facet normal 0 0 -1
    outer loop
      vertex -23.1 12.5 0
      vertex -27.5 14 0
      vertex -27.4807 14.3921 0
    endloop
  endfacet
  facet normal -0 0 -1
    outer loop
      vertex 26.592 16.5376 0
      vertex 22.7461 13.6667 0
      vertex 26.3284 16.8284 0
    endloop
  endfacet
  facet normal -0 0 -1
    outer loop
      vertex 25.7223 17.3259 0
      vertex 22.6233 13.8322 0
      vertex 25.3856 17.5277 0
    endloop
  endfacet
  facet normal 0 0 -1
    outer loop
      vertex 22.4849 13.9849 0
      vertex 25.3856 17.5277 0
      vertex 22.6233 13.8322 0
    endloop
  endfacet
  facet normal -0 0 -1
    outer loop
      vertex 25.3856 17.5277 0
      vertex 22.4849 13.9849 0
      vertex 25.0307 17.6955 0
    endloop
  endfacet
  facet normal -0 0 -1
    outer loop
      vertex 25.0307 17.6955 0
      vertex 22.4849 13.9849 0
      vertex 24.6611 17.8278 0
    endloop
  endfacet
  facet normal -0 0 -1
    outer loop
      vertex 24.6611 17.8278 0
      vertex 22.4849 13.9849 0
      vertex 24.2804 17.9231 0
    endloop
  endfacet
  facet normal 0 0 -1
    outer loop
      vertex 22.3322 14.1233 0
      vertex 24.2804 17.9231 0
      vertex 22.4849 13.9849 0
    endloop
  endfacet
  facet normal -0 0 -1
    outer loop
      vertex 24.2804 17.9231 0
      vertex 22.3322 14.1233 0
      vertex 23.8921 17.9807 0
    endloop
  endfacet
  facet normal -0 0 -1
    outer loop
      vertex 23.8921 17.9807 0
      vertex 22.3322 14.1233 0
      vertex 23.5 18 0
    endloop
  endfacet
  facet normal 0 0 -1
    outer loop
      vertex 22.1667 14.2461 0
      vertex 23.5 18 0
      vertex 22.3322 14.1233 0
    endloop
  endfacet
  facet normal 0 0 -1
    outer loop
      vertex 21.9899 14.352 0
      vertex 23.5 18 0
      vertex 22.1667 14.2461 0
    endloop
  endfacet
  facet normal 0 0 -1
    outer loop
      vertex 21.8036 14.4401 0
      vertex 23.5 18 0
      vertex 21.9899 14.352 0
    endloop
  endfacet
  facet normal 0 0 -1
    outer loop
      vertex 21.6096 14.5096 0
      vertex 23.5 18 0
      vertex 21.8036 14.4401 0
    endloop
  endfacet
  facet normal 0 0 -1
    outer loop
      vertex 21.4097 14.5596 0
      vertex 23.5 18 0
      vertex 21.6096 14.5096 0
    endloop
  endfacet
  facet normal 0 0 -1
    outer loop
      vertex 21.2058 14.5899 0
      vertex 23.5 18 0
      vertex 21.4097 14.5596 0
    endloop
  endfacet
  facet normal 0 0 -1
    outer loop
      vertex 21 14.6 0
      vertex 23.5 18 0
      vertex 21.2058 14.5899 0
    endloop
  endfacet
  facet normal 0 0 -1
    outer loop
      vertex 20.7942 14.5899 0
      vertex 23.5 18 0
      vertex 21 14.6 0
    endloop
  endfacet
  facet normal 0 0 -1
    outer loop
      vertex 20.5903 14.5596 0
      vertex 23.5 18 0
      vertex 20.7942 14.5899 0
    endloop
  endfacet
  facet normal 0 0 -1
    outer loop
      vertex 20.3904 14.5096 0
      vertex 23.5 18 0
      vertex 20.5903 14.5596 0
    endloop
  endfacet
  facet normal 0 0 -1
    outer loop
      vertex 20.1964 14.4401 0
      vertex 23.5 18 0
      vertex 20.3904 14.5096 0
    endloop
  endfacet
  facet normal 0 0 -1
    outer loop
      vertex 20.0101 14.352 0
      vertex 23.5 18 0
      vertex 20.1964 14.4401 0
    endloop
  endfacet
  facet normal 0 0 -1
    outer loop
      vertex 19.8333 14.2461 0
      vertex 23.5 18 0
      vertex 20.0101 14.352 0
    endloop
  endfacet
  facet normal 0 0 -1
    outer loop
      vertex 19.6678 14.1233 0
      vertex 23.5 18 0
      vertex 19.8333 14.2461 0
    endloop
  endfacet
  facet normal 0 0 -1
    outer loop
      vertex -19.6678 14.1233 0
      vertex 19.6678 14.1233 0
      vertex 19.5151 13.9849 0
    endloop
  endfacet
  facet normal 0 0 -1
    outer loop
      vertex -18.9 12.5 0
      vertex 18.9101 12.7058 0
      vertex 18.9 12.5 0
    endloop
  endfacet
  facet normal 0 0 -1
    outer loop
      vertex -18.9101 12.7058 0
      vertex 18.9101 12.7058 0
      vertex -18.9 12.5 0
    endloop
  endfacet
  facet normal 0 0 -1
    outer loop
      vertex 18.9101 12.7058 0
      vertex -18.9101 12.7058 0
      vertex 18.9403 12.9097 0
    endloop
  endfacet
  facet normal 0 0 -1
    outer loop
      vertex -18.9403 12.9097 0
      vertex 18.9403 12.9097 0
      vertex -18.9101 12.7058 0
    endloop
  endfacet
  facet normal 0 0 -1
    outer loop
      vertex 18.9403 12.9097 0
      vertex -18.9403 12.9097 0
      vertex 18.9904 13.1096 0
    endloop
  endfacet
  facet normal 0 0 -1
    outer loop
      vertex -18.9904 13.1096 0
      vertex 18.9904 13.1096 0
      vertex -18.9403 12.9097 0
    endloop
  endfacet
  facet normal 0 0 -1
    outer loop
      vertex 18.9904 13.1096 0
      vertex -18.9904 13.1096 0
      vertex 19.0599 13.3036 0
    endloop
  endfacet
  facet normal 0 0 -1
    outer loop
      vertex -19.0599 13.3036 0
      vertex 19.0599 13.3036 0
      vertex -18.9904 13.1096 0
    endloop
  endfacet
  facet normal 0 0 -1
    outer loop
      vertex 19.0599 13.3036 0
      vertex -19.0599 13.3036 0
      vertex 19.148 13.4899 0
    endloop
  endfacet
  facet normal 0 0 -1
    outer loop
      vertex -19.148 13.4899 0
      vertex 19.148 13.4899 0
      vertex -19.0599 13.3036 0
    endloop
  endfacet
  facet normal 0 0 -1
    outer loop
      vertex 19.148 13.4899 0
      vertex -19.148 13.4899 0
      vertex 19.2539 13.6667 0
    endloop
  endfacet
  facet normal 0 0 -1
    outer loop
      vertex -19.2539 13.6667 0
      vertex 19.2539 13.6667 0
      vertex -19.148 13.4899 0
    endloop
  endfacet
  facet normal 0 0 -1
    outer loop
      vertex 19.2539 13.6667 0
      vertex -19.2539 13.6667 0
      vertex 19.3767 13.8322 0
    endloop
  endfacet
  facet normal 0 0 -1
    outer loop
      vertex -19.3767 13.8322 0
      vertex 19.3767 13.8322 0
      vertex -19.2539 13.6667 0
    endloop
  endfacet
  facet normal 0 0 -1
    outer loop
      vertex 19.3767 13.8322 0
      vertex -19.3767 13.8322 0
      vertex 19.5151 13.9849 0
    endloop
  endfacet
  facet normal 0 0 -1
    outer loop
      vertex -19.5151 13.9849 0
      vertex 19.5151 13.9849 0
      vertex -19.3767 13.8322 0
    endloop
  endfacet
  facet normal 0 0 -1
    outer loop
      vertex -19.6678 14.1233 0
      vertex 19.5151 13.9849 0
      vertex -19.5151 13.9849 0
    endloop
  endfacet
  facet normal 0 0 -1
    outer loop
      vertex 19.6678 14.1233 0
      vertex -19.6678 14.1233 0
      vertex 23.5 18 0
    endloop
  endfacet
  facet normal 0 0 -1
    outer loop
      vertex -23.5 18 0
      vertex -19.6678 14.1233 0
      vertex -19.8333 14.2461 0
    endloop
  endfacet
  facet normal 0 0 -1
    outer loop
      vertex -23.5 18 0
      vertex -19.8333 14.2461 0
      vertex -20.0101 14.352 0
    endloop
  endfacet
  facet normal 0 0 -1
    outer loop
      vertex -23.5 18 0
      vertex -20.0101 14.352 0
      vertex -20.1964 14.4401 0
    endloop
  endfacet
  facet normal 0 0 -1
    outer loop
      vertex -23.5 18 0
      vertex -20.1964 14.4401 0
      vertex -20.3904 14.5096 0
    endloop
  endfacet
  facet normal 0 0 -1
    outer loop
      vertex -23.5 18 0
      vertex -20.3904 14.5096 0
      vertex -20.5903 14.5596 0
    endloop
  endfacet
  facet normal 0 0 -1
    outer loop
      vertex -23.5 18 0
      vertex -20.5903 14.5596 0
      vertex -20.7942 14.5899 0
    endloop
  endfacet
  facet normal 0 0 -1
    outer loop
      vertex -23.5 18 0
      vertex -20.7942 14.5899 0
      vertex -21 14.6 0
    endloop
  endfacet
  facet normal 0 0 -1
    outer loop
      vertex -23.5 18 0
      vertex -21 14.6 0
      vertex -21.2058 14.5899 0
    endloop
  endfacet
  facet normal 0 0 -1
    outer loop
      vertex -19.6678 14.1233 0
      vertex -23.5 18 0
      vertex 23.5 18 0
    endloop
  endfacet
  facet normal 0 0 -1
    outer loop
      vertex -21.4097 14.5596 0
      vertex -23.5 18 0
      vertex -21.2058 14.5899 0
    endloop
  endfacet
  facet normal 0 0 -1
    outer loop
      vertex -21.6096 14.5096 0
      vertex -23.5 18 0
      vertex -21.4097 14.5596 0
    endloop
  endfacet
  facet normal 0 0 -1
    outer loop
      vertex -21.8036 14.4401 0
      vertex -23.5 18 0
      vertex -21.6096 14.5096 0
    endloop
  endfacet
  facet normal 0 0 -1
    outer loop
      vertex -21.9899 14.352 0
      vertex -23.5 18 0
      vertex -21.8036 14.4401 0
    endloop
  endfacet
  facet normal 0 0 -1
    outer loop
      vertex -22.1667 14.2461 0
      vertex -23.5 18 0
      vertex -21.9899 14.352 0
    endloop
  endfacet
  facet normal 0 0 -1
    outer loop
      vertex -22.3322 14.1233 0
      vertex -23.5 18 0
      vertex -22.1667 14.2461 0
    endloop
  endfacet
  facet normal 0 0 -1
    outer loop
      vertex -22.4849 13.9849 0
      vertex -23.5 18 0
      vertex -22.3322 14.1233 0
    endloop
  endfacet
  facet normal 0 0 -1
    outer loop
      vertex -22.6233 13.8322 0
      vertex -23.5 18 0
      vertex -22.4849 13.9849 0
    endloop
  endfacet
  facet normal 0 0 -1
    outer loop
      vertex -22.7461 13.6667 0
      vertex -23.5 18 0
      vertex -22.6233 13.8322 0
    endloop
  endfacet
  facet normal 0 0 -1
    outer loop
      vertex -22.852 13.4899 0
      vertex -23.5 18 0
      vertex -22.7461 13.6667 0
    endloop
  endfacet
  facet normal 0 0 -1
    outer loop
      vertex -22.9401 13.3036 0
      vertex -23.5 18 0
      vertex -22.852 13.4899 0
    endloop
  endfacet
  facet normal 0 0 -1
    outer loop
      vertex -23.0096 13.1096 0
      vertex -23.5 18 0
      vertex -22.9401 13.3036 0
    endloop
  endfacet
  facet normal 0 0 -1
    outer loop
      vertex -23.0596 12.9097 0
      vertex -23.5 18 0
      vertex -23.0096 13.1096 0
    endloop
  endfacet
  facet normal 0 0 -1
    outer loop
      vertex -23.0899 12.7058 0
      vertex -23.5 18 0
      vertex -23.0596 12.9097 0
    endloop
  endfacet
  facet normal 0 0 -1
    outer loop
      vertex -23.5 18 0
      vertex -23.0899 12.7058 0
      vertex -23.1 12.5 0
    endloop
  endfacet
  facet normal 0 -1 0
    outer loop
      vertex -23.5 -18 0
      vertex 23.5 -18 14
      vertex -23.5 -18 14
    endloop
  endfacet
  facet normal 0 -1 -0
    outer loop
      vertex 23.5 -18 14
      vertex -23.5 -18 0
      vertex 23.5 -18 0
    endloop
  endfacet
  facet normal 0 1 -0
    outer loop
      vertex 23.5 18 0
      vertex -23.5 18 14
      vertex 23.5 18 14
    endloop
  endfacet
  facet normal 0 1 0
    outer loop
      vertex -23.5 18 14
      vertex 23.5 18 0
      vertex -23.5 18 0
    endloop
  endfacet
  facet normal 1 0 0
    outer loop
      vertex 27.5 14 14
      vertex 27.5 8 2
      vertex 27.5 14 0
    endloop
  endfacet
  facet normal 1 0 0
    outer loop
      vertex 27.5 14 14
      vertex 27.5 -8 2
      vertex 27.5 8 2
    endloop
  endfacet
  facet normal 1 -0 0
    outer loop
      vertex 27.5 -14 14
      vertex 27.5 -8 2
      vertex 27.5 14 14
    endloop
  endfacet
  facet normal 1 0 0
    outer loop
      vertex 27.5 -14 0
      vertex 27.5 -8 2
      vertex 27.5 -14 14
    endloop
  endfacet
  facet normal 1 0 0
    outer loop
      vertex 27.5 -8 2
      vertex 27.5 -14 0
      vertex 27.5 -8 0
    endloop
  endfacet
  facet normal 1 0 0
    outer loop
      vertex 27.5 14 0
      vertex 27.5 8 2
      vertex 27.5 8 0
    endloop
  endfacet
  facet normal -0.514084 0.85774 0
    outer loop
      vertex -25.3856 17.5277 0
      vertex -25.7223 17.3259 14
      vertex -25.3856 17.5277 14
    endloop
  endfacet
  facet normal -0.514084 0.85774 0
    outer loop
      vertex -25.7223 17.3259 14
      vertex -25.3856 17.5277 0
      vertex -25.7223 17.3259 0
    endloop
  endfacet
  facet normal 0.0491626 0.998791 -0
    outer loop
      vertex 23.8921 17.9807 0
      vertex 23.5 18 14
      vertex 23.8921 17.9807 14
    endloop
  endfacet
  facet normal 0.0491626 0.998791 0
    outer loop
      vertex 23.5 18 14
      vertex 23.8921 17.9807 0
      vertex 23.5 18 0
    endloop
  endfacet
  facet normal -0.42744 0.904044 0
    outer loop
      vertex -25.0307 17.6955 0
      vertex -25.3856 17.5277 14
      vertex -25.0307 17.6955 14
    endloop
  endfacet
  facet normal -0.42744 0.904044 0
    outer loop
      vertex -25.3856 17.5277 14
      vertex -25.0307 17.6955 0
      vertex -25.3856 17.5277 0
    endloop
  endfacet
  facet normal -0.671607 -0.740908 0
    outer loop
      vertex -26.3284 -16.8284 0
      vertex -26.0376 -17.092 14
      vertex -26.3284 -16.8284 14
    endloop
  endfacet
  facet normal -0.671607 -0.740908 -0
    outer loop
      vertex -26.0376 -17.092 14
      vertex -26.3284 -16.8284 0
      vertex -26.0376 -17.092 0
    endloop
  endfacet
  facet normal 0.242835 0.970068 -0
    outer loop
      vertex 24.6611 17.8278 0
      vertex 24.2804 17.9231 14
      vertex 24.6611 17.8278 14
    endloop
  endfacet
  facet normal 0.242835 0.970068 0
    outer loop
      vertex 24.2804 17.9231 14
      vertex 24.6611 17.8278 0
      vertex 24.2804 17.9231 0
    endloop
  endfacet
  facet normal 0.337014 0.9415 -0
    outer loop
      vertex 25.0307 17.6955 0
      vertex 24.6611 17.8278 14
      vertex 25.0307 17.6955 14
    endloop
  endfacet
  facet normal 0.337014 0.9415 0
    outer loop
      vertex 24.6611 17.8278 14
      vertex 25.0307 17.6955 0
      vertex 24.6611 17.8278 0
    endloop
  endfacet
  facet normal -0.0491626 -0.998791 0
    outer loop
      vertex -23.8921 -17.9807 0
      vertex -23.5 -18 14
      vertex -23.8921 -17.9807 14
    endloop
  endfacet
  facet normal -0.0491626 -0.998791 -0
    outer loop
      vertex -23.5 -18 14
      vertex -23.8921 -17.9807 0
      vertex -23.5 -18 0
    endloop
  endfacet
  facet normal -0.146733 0.989176 0
    outer loop
      vertex -23.8921 17.9807 0
      vertex -24.2804 17.9231 14
      vertex -23.8921 17.9807 14
    endloop
  endfacet
  facet normal -0.146733 0.989176 0
    outer loop
      vertex -24.2804 17.9231 14
      vertex -23.8921 17.9807 0
      vertex -24.2804 17.9231 0
    endloop
  endfacet
  facet normal 0.740908 0.671607 0
    outer loop
      vertex 26.592 16.5376 14
      vertex 26.3284 16.8284 0
      vertex 26.3284 16.8284 14
    endloop
  endfacet
  facet normal 0.740908 0.671607 0
    outer loop
      vertex 26.3284 16.8284 0
      vertex 26.592 16.5376 14
      vertex 26.592 16.5376 0
    endloop
  endfacet
  facet normal 0.146733 -0.989176 0
    outer loop
      vertex 23.8921 -17.9807 0
      vertex 24.2804 -17.9231 14
      vertex 23.8921 -17.9807 14
    endloop
  endfacet
  facet normal 0.146733 -0.989176 0
    outer loop
      vertex 24.2804 -17.9231 14
      vertex 23.8921 -17.9807 0
      vertex 24.2804 -17.9231 0
    endloop
  endfacet
  facet normal -0.595794 0.803137 0
    outer loop
      vertex -25.7223 17.3259 0
      vertex -26.0376 17.092 14
      vertex -25.7223 17.3259 14
    endloop
  endfacet
  facet normal -0.595794 0.803137 0
    outer loop
      vertex -26.0376 17.092 14
      vertex -25.7223 17.3259 0
      vertex -26.0376 17.092 0
    endloop
  endfacet
  facet normal 0.42744 0.904044 -0
    outer loop
      vertex 25.3856 17.5277 0
      vertex 25.0307 17.6955 14
      vertex 25.3856 17.5277 14
    endloop
  endfacet
  facet normal 0.42744 0.904044 0
    outer loop
      vertex 25.0307 17.6955 14
      vertex 25.3856 17.5277 0
      vertex 25.0307 17.6955 0
    endloop
  endfacet
  facet normal -0.9415 0.337014 0
    outer loop
      vertex -27.3278 15.1611 0
      vertex -27.1955 15.5307 14
      vertex -27.1955 15.5307 0
    endloop
  endfacet
  facet normal -0.9415 0.337014 0
    outer loop
      vertex -27.1955 15.5307 14
      vertex -27.3278 15.1611 0
      vertex -27.3278 15.1611 14
    endloop
  endfacet
  facet normal -0.803137 -0.595794 0
    outer loop
      vertex -26.592 -16.5376 0
      vertex -26.8259 -16.2223 14
      vertex -26.8259 -16.2223 0
    endloop
  endfacet
  facet normal -0.803137 -0.595794 0
    outer loop
      vertex -26.8259 -16.2223 14
      vertex -26.592 -16.5376 0
      vertex -26.592 -16.5376 14
    endloop
  endfacet
  facet normal -0.146733 -0.989176 0
    outer loop
      vertex -24.2804 -17.9231 0
      vertex -23.8921 -17.9807 14
      vertex -24.2804 -17.9231 14
    endloop
  endfacet
  facet normal -0.146733 -0.989176 -0
    outer loop
      vertex -23.8921 -17.9807 14
      vertex -24.2804 -17.9231 0
      vertex -23.8921 -17.9807 0
    endloop
  endfacet
  facet normal -0.0491626 0.998791 0
    outer loop
      vertex -23.5 18 0
      vertex -23.8921 17.9807 14
      vertex -23.5 18 14
    endloop
  endfacet
  facet normal -0.0491626 0.998791 0
    outer loop
      vertex -23.8921 17.9807 14
      vertex -23.5 18 0
      vertex -23.8921 17.9807 0
    endloop
  endfacet
  facet normal -0.989176 0.146733 0
    outer loop
      vertex -27.4807 14.3921 0
      vertex -27.4231 14.7804 14
      vertex -27.4231 14.7804 0
    endloop
  endfacet
  facet normal -0.989176 0.146733 0
    outer loop
      vertex -27.4231 14.7804 14
      vertex -27.4807 14.3921 0
      vertex -27.4807 14.3921 14
    endloop
  endfacet
  facet normal 0.514084 -0.85774 0
    outer loop
      vertex 25.3856 -17.5277 0
      vertex 25.7223 -17.3259 14
      vertex 25.3856 -17.5277 14
    endloop
  endfacet
  facet normal 0.514084 -0.85774 0
    outer loop
      vertex 25.7223 -17.3259 14
      vertex 25.3856 -17.5277 0
      vertex 25.7223 -17.3259 0
    endloop
  endfacet
  facet normal -0.998791 -0.0491626 0
    outer loop
      vertex -27.4807 -14.3921 0
      vertex -27.5 -14 14
      vertex -27.5 -14 0
    endloop
  endfacet
  facet normal -0.998791 -0.0491626 0
    outer loop
      vertex -27.5 -14 14
      vertex -27.4807 -14.3921 0
      vertex -27.4807 -14.3921 14
    endloop
  endfacet
  facet normal -0.595794 -0.803137 0
    outer loop
      vertex -26.0376 -17.092 0
      vertex -25.7223 -17.3259 14
      vertex -26.0376 -17.092 14
    endloop
  endfacet
  facet normal -0.595794 -0.803137 -0
    outer loop
      vertex -25.7223 -17.3259 14
      vertex -26.0376 -17.092 0
      vertex -25.7223 -17.3259 0
    endloop
  endfacet
  facet normal -0.242835 -0.970068 0
    outer loop
      vertex -24.6611 -17.8278 0
      vertex -24.2804 -17.9231 14
      vertex -24.6611 -17.8278 14
    endloop
  endfacet
  facet normal -0.242835 -0.970068 -0
    outer loop
      vertex -24.2804 -17.9231 14
      vertex -24.6611 -17.8278 0
      vertex -24.2804 -17.9231 0
    endloop
  endfacet
  facet normal -0.337014 -0.9415 0
    outer loop
      vertex -25.0307 -17.6955 0
      vertex -24.6611 -17.8278 14
      vertex -25.0307 -17.6955 14
    endloop
  endfacet
  facet normal -0.337014 -0.9415 -0
    outer loop
      vertex -24.6611 -17.8278 14
      vertex -25.0307 -17.6955 0
      vertex -24.6611 -17.8278 0
    endloop
  endfacet
  facet normal -0.85774 0.514084 0
    outer loop
      vertex -27.0277 15.8856 0
      vertex -26.8259 16.2223 14
      vertex -26.8259 16.2223 0
    endloop
  endfacet
  facet normal -0.85774 0.514084 0
    outer loop
      vertex -26.8259 16.2223 14
      vertex -27.0277 15.8856 0
      vertex -27.0277 15.8856 14
    endloop
  endfacet
  facet normal -0.904044 0.42744 0
    outer loop
      vertex -27.1955 15.5307 0
      vertex -27.0277 15.8856 14
      vertex -27.0277 15.8856 0
    endloop
  endfacet
  facet normal -0.904044 0.42744 0
    outer loop
      vertex -27.0277 15.8856 14
      vertex -27.1955 15.5307 0
      vertex -27.1955 15.5307 14
    endloop
  endfacet
  facet normal -0.740908 0.671607 0
    outer loop
      vertex -26.592 16.5376 0
      vertex -26.3284 16.8284 14
      vertex -26.3284 16.8284 0
    endloop
  endfacet
  facet normal -0.740908 0.671607 0
    outer loop
      vertex -26.3284 16.8284 14
      vertex -26.592 16.5376 0
      vertex -26.592 16.5376 14
    endloop
  endfacet
  facet normal -0.970068 0.242835 0
    outer loop
      vertex -27.4231 14.7804 0
      vertex -27.3278 15.1611 14
      vertex -27.3278 15.1611 0
    endloop
  endfacet
  facet normal -0.970068 0.242835 0
    outer loop
      vertex -27.3278 15.1611 14
      vertex -27.4231 14.7804 0
      vertex -27.4231 14.7804 14
    endloop
  endfacet
  facet normal 0.803137 0.595794 0
    outer loop
      vertex 26.8259 16.2223 14
      vertex 26.592 16.5376 0
      vertex 26.592 16.5376 14
    endloop
  endfacet
  facet normal 0.803137 0.595794 0
    outer loop
      vertex 26.592 16.5376 0
      vertex 26.8259 16.2223 14
      vertex 26.8259 16.2223 0
    endloop
  endfacet
  facet normal -0.803137 0.595794 0
    outer loop
      vertex -26.8259 16.2223 0
      vertex -26.592 16.5376 14
      vertex -26.592 16.5376 0
    endloop
  endfacet
  facet normal -0.803137 0.595794 0
    outer loop
      vertex -26.592 16.5376 14
      vertex -26.8259 16.2223 0
      vertex -26.8259 16.2223 14
    endloop
  endfacet
  facet normal 0.595794 -0.803137 0
    outer loop
      vertex 25.7223 -17.3259 0
      vertex 26.0376 -17.092 14
      vertex 25.7223 -17.3259 14
    endloop
  endfacet
  facet normal 0.595794 -0.803137 0
    outer loop
      vertex 26.0376 -17.092 14
      vertex 25.7223 -17.3259 0
      vertex 26.0376 -17.092 0
    endloop
  endfacet
  facet normal 0.514084 0.85774 -0
    outer loop
      vertex 25.7223 17.3259 0
      vertex 25.3856 17.5277 14
      vertex 25.7223 17.3259 14
    endloop
  endfacet
  facet normal 0.514084 0.85774 0
    outer loop
      vertex 25.3856 17.5277 14
      vertex 25.7223 17.3259 0
      vertex 25.3856 17.5277 0
    endloop
  endfacet
  facet normal -0.740908 -0.671607 0
    outer loop
      vertex -26.3284 -16.8284 0
      vertex -26.592 -16.5376 14
      vertex -26.592 -16.5376 0
    endloop
  endfacet
  facet normal -0.740908 -0.671607 0
    outer loop
      vertex -26.592 -16.5376 14
      vertex -26.3284 -16.8284 0
      vertex -26.3284 -16.8284 14
    endloop
  endfacet
  facet normal 0.595794 0.803137 -0
    outer loop
      vertex 26.0376 17.092 0
      vertex 25.7223 17.3259 14
      vertex 26.0376 17.092 14
    endloop
  endfacet
  facet normal 0.595794 0.803137 0
    outer loop
      vertex 25.7223 17.3259 14
      vertex 26.0376 17.092 0
      vertex 25.7223 17.3259 0
    endloop
  endfacet
  facet normal -0.9415 -0.337014 0
    outer loop
      vertex -27.1955 -15.5307 0
      vertex -27.3278 -15.1611 14
      vertex -27.3278 -15.1611 0
    endloop
  endfacet
  facet normal -0.9415 -0.337014 0
    outer loop
      vertex -27.3278 -15.1611 14
      vertex -27.1955 -15.5307 0
      vertex -27.1955 -15.5307 14
    endloop
  endfacet
  facet normal -0.904044 -0.42744 0
    outer loop
      vertex -27.0277 -15.8856 0
      vertex -27.1955 -15.5307 14
      vertex -27.1955 -15.5307 0
    endloop
  endfacet
  facet normal -0.904044 -0.42744 0
    outer loop
      vertex -27.1955 -15.5307 14
      vertex -27.0277 -15.8856 0
      vertex -27.0277 -15.8856 14
    endloop
  endfacet
  facet normal -0.514084 -0.85774 0
    outer loop
      vertex -25.7223 -17.3259 0
      vertex -25.3856 -17.5277 14
      vertex -25.7223 -17.3259 14
    endloop
  endfacet
  facet normal -0.514084 -0.85774 -0
    outer loop
      vertex -25.3856 -17.5277 14
      vertex -25.7223 -17.3259 0
      vertex -25.3856 -17.5277 0
    endloop
  endfacet
  facet normal -0.42744 -0.904044 0
    outer loop
      vertex -25.3856 -17.5277 0
      vertex -25.0307 -17.6955 14
      vertex -25.3856 -17.5277 14
    endloop
  endfacet
  facet normal -0.42744 -0.904044 -0
    outer loop
      vertex -25.0307 -17.6955 14
      vertex -25.3856 -17.5277 0
      vertex -25.0307 -17.6955 0
    endloop
  endfacet
  facet normal 0.146733 0.989176 -0
    outer loop
      vertex 24.2804 17.9231 0
      vertex 23.8921 17.9807 14
      vertex 24.2804 17.9231 14
    endloop
  endfacet
  facet normal 0.146733 0.989176 0
    outer loop
      vertex 23.8921 17.9807 14
      vertex 24.2804 17.9231 0
      vertex 23.8921 17.9807 0
    endloop
  endfacet
  facet normal 0.337014 -0.9415 0
    outer loop
      vertex 24.6611 -17.8278 0
      vertex 25.0307 -17.6955 14
      vertex 24.6611 -17.8278 14
    endloop
  endfacet
  facet normal 0.337014 -0.9415 0
    outer loop
      vertex 25.0307 -17.6955 14
      vertex 24.6611 -17.8278 0
      vertex 25.0307 -17.6955 0
    endloop
  endfacet
  facet normal 0.671607 -0.740908 0
    outer loop
      vertex 26.0376 -17.092 0
      vertex 26.3284 -16.8284 14
      vertex 26.0376 -17.092 14
    endloop
  endfacet
  facet normal 0.671607 -0.740908 0
    outer loop
      vertex 26.3284 -16.8284 14
      vertex 26.0376 -17.092 0
      vertex 26.3284 -16.8284 0
    endloop
  endfacet
  facet normal -1 0 0
    outer loop
      vertex -27.5 -8 0
      vertex -27.5 -14 0
      vertex -27.5 -8 2
    endloop
  endfacet
  facet normal -1 0 0
    outer loop
      vertex -27.5 8 2
      vertex -27.5 14 0
      vertex -27.5 8 0
    endloop
  endfacet
  facet normal -1 0 0
    outer loop
      vertex -27.5 14 0
      vertex -27.5 8 2
      vertex -27.5 14 14
    endloop
  endfacet
  facet normal -1 0 0
    outer loop
      vertex -27.5 -8 2
      vertex -27.5 14 14
      vertex -27.5 8 2
    endloop
  endfacet
  facet normal -1 0 0
    outer loop
      vertex -27.5 -14 14
      vertex -27.5 -8 2
      vertex -27.5 -14 0
    endloop
  endfacet
  facet normal -1 0 0
    outer loop
      vertex -27.5 -8 2
      vertex -27.5 -14 14
      vertex -27.5 14 14
    endloop
  endfacet
  facet normal 0.242835 -0.970068 0
    outer loop
      vertex 24.2804 -17.9231 0
      vertex 24.6611 -17.8278 14
      vertex 24.2804 -17.9231 14
    endloop
  endfacet
  facet normal 0.242835 -0.970068 0
    outer loop
      vertex 24.6611 -17.8278 14
      vertex 24.2804 -17.9231 0
      vertex 24.6611 -17.8278 0
    endloop
  endfacet
  facet normal 0.9415 0.337014 0
    outer loop
      vertex 27.3278 15.1611 14
      vertex 27.1955 15.5307 0
      vertex 27.1955 15.5307 14
    endloop
  endfacet
  facet normal 0.9415 0.337014 0
    outer loop
      vertex 27.1955 15.5307 0
      vertex 27.3278 15.1611 14
      vertex 27.3278 15.1611 0
    endloop
  endfacet
  facet normal 0.85774 -0.514084 0
    outer loop
      vertex 26.8259 -16.2223 14
      vertex 27.0277 -15.8856 0
      vertex 27.0277 -15.8856 14
    endloop
  endfacet
  facet normal 0.85774 -0.514084 0
    outer loop
      vertex 27.0277 -15.8856 0
      vertex 26.8259 -16.2223 14
      vertex 26.8259 -16.2223 0
    endloop
  endfacet
  facet normal -0.970068 -0.242835 0
    outer loop
      vertex -27.3278 -15.1611 0
      vertex -27.4231 -14.7804 14
      vertex -27.4231 -14.7804 0
    endloop
  endfacet
  facet normal -0.970068 -0.242835 0
    outer loop
      vertex -27.4231 -14.7804 14
      vertex -27.3278 -15.1611 0
      vertex -27.3278 -15.1611 14
    endloop
  endfacet
  facet normal -0.998791 0.0491626 0
    outer loop
      vertex -27.5 14 0
      vertex -27.4807 14.3921 14
      vertex -27.4807 14.3921 0
    endloop
  endfacet
  facet normal -0.998791 0.0491626 0
    outer loop
      vertex -27.4807 14.3921 14
      vertex -27.5 14 0
      vertex -27.5 14 14
    endloop
  endfacet
  facet normal 0.671607 0.740908 -0
    outer loop
      vertex 26.3284 16.8284 0
      vertex 26.0376 17.092 14
      vertex 26.3284 16.8284 14
    endloop
  endfacet
  facet normal 0.671607 0.740908 0
    outer loop
      vertex 26.0376 17.092 14
      vertex 26.3284 16.8284 0
      vertex 26.0376 17.092 0
    endloop
  endfacet
  facet normal 0.989176 0.146733 0
    outer loop
      vertex 27.4807 14.3921 14
      vertex 27.4231 14.7804 0
      vertex 27.4231 14.7804 14
    endloop
  endfacet
  facet normal 0.989176 0.146733 0
    outer loop
      vertex 27.4231 14.7804 0
      vertex 27.4807 14.3921 14
      vertex 27.4807 14.3921 0
    endloop
  endfacet
  facet normal -0.242835 0.970068 0
    outer loop
      vertex -24.2804 17.9231 0
      vertex -24.6611 17.8278 14
      vertex -24.2804 17.9231 14
    endloop
  endfacet
  facet normal -0.242835 0.970068 0
    outer loop
      vertex -24.6611 17.8278 14
      vertex -24.2804 17.9231 0
      vertex -24.6611 17.8278 0
    endloop
  endfacet
  facet normal 0.9415 -0.337014 0
    outer loop
      vertex 27.1955 -15.5307 14
      vertex 27.3278 -15.1611 0
      vertex 27.3278 -15.1611 14
    endloop
  endfacet
  facet normal 0.9415 -0.337014 0
    outer loop
      vertex 27.3278 -15.1611 0
      vertex 27.1955 -15.5307 14
      vertex 27.1955 -15.5307 0
    endloop
  endfacet
  facet normal -0.337014 0.9415 0
    outer loop
      vertex -24.6611 17.8278 0
      vertex -25.0307 17.6955 14
      vertex -24.6611 17.8278 14
    endloop
  endfacet
  facet normal -0.337014 0.9415 0
    outer loop
      vertex -25.0307 17.6955 14
      vertex -24.6611 17.8278 0
      vertex -25.0307 17.6955 0
    endloop
  endfacet
  facet normal 0.970068 0.242835 0
    outer loop
      vertex 27.4231 14.7804 14
      vertex 27.3278 15.1611 0
      vertex 27.3278 15.1611 14
    endloop
  endfacet
  facet normal 0.970068 0.242835 0
    outer loop
      vertex 27.3278 15.1611 0
      vertex 27.4231 14.7804 14
      vertex 27.4231 14.7804 0
    endloop
  endfacet
  facet normal -0.989176 -0.146733 0
    outer loop
      vertex -27.4231 -14.7804 0
      vertex -27.4807 -14.3921 14
      vertex -27.4807 -14.3921 0
    endloop
  endfacet
  facet normal -0.989176 -0.146733 0
    outer loop
      vertex -27.4807 -14.3921 14
      vertex -27.4231 -14.7804 0
      vertex -27.4231 -14.7804 14
    endloop
  endfacet
  facet normal 0.998791 -0.0491626 0
    outer loop
      vertex 27.4807 -14.3921 14
      vertex 27.5 -14 0
      vertex 27.5 -14 14
    endloop
  endfacet
  facet normal 0.998791 -0.0491626 0
    outer loop
      vertex 27.5 -14 0
      vertex 27.4807 -14.3921 14
      vertex 27.4807 -14.3921 0
    endloop
  endfacet
  facet normal -0.85774 -0.514084 0
    outer loop
      vertex -26.8259 -16.2223 0
      vertex -27.0277 -15.8856 14
      vertex -27.0277 -15.8856 0
    endloop
  endfacet
  facet normal -0.85774 -0.514084 0
    outer loop
      vertex -27.0277 -15.8856 14
      vertex -26.8259 -16.2223 0
      vertex -26.8259 -16.2223 14
    endloop
  endfacet
  facet normal -0.671607 0.740908 0
    outer loop
      vertex -26.0376 17.092 0
      vertex -26.3284 16.8284 14
      vertex -26.0376 17.092 14
    endloop
  endfacet
  facet normal -0.671607 0.740908 0
    outer loop
      vertex -26.3284 16.8284 14
      vertex -26.0376 17.092 0
      vertex -26.3284 16.8284 0
    endloop
  endfacet
  facet normal 0.998791 0.0491626 0
    outer loop
      vertex 27.5 14 14
      vertex 27.4807 14.3921 0
      vertex 27.4807 14.3921 14
    endloop
  endfacet
  facet normal 0.998791 0.0491626 0
    outer loop
      vertex 27.4807 14.3921 0
      vertex 27.5 14 14
      vertex 27.5 14 0
    endloop
  endfacet
  facet normal 0.85774 0.514084 0
    outer loop
      vertex 27.0277 15.8856 14
      vertex 26.8259 16.2223 0
      vertex 26.8259 16.2223 14
    endloop
  endfacet
  facet normal 0.85774 0.514084 0
    outer loop
      vertex 26.8259 16.2223 0
      vertex 27.0277 15.8856 14
      vertex 27.0277 15.8856 0
    endloop
  endfacet
  facet normal 0.989176 -0.146733 0
    outer loop
      vertex 27.4231 -14.7804 14
      vertex 27.4807 -14.3921 0
      vertex 27.4807 -14.3921 14
    endloop
  endfacet
  facet normal 0.989176 -0.146733 0
    outer loop
      vertex 27.4807 -14.3921 0
      vertex 27.4231 -14.7804 14
      vertex 27.4231 -14.7804 0
    endloop
  endfacet
  facet normal 0.904044 -0.42744 0
    outer loop
      vertex 27.0277 -15.8856 14
      vertex 27.1955 -15.5307 0
      vertex 27.1955 -15.5307 14
    endloop
  endfacet
  facet normal 0.904044 -0.42744 0
    outer loop
      vertex 27.1955 -15.5307 0
      vertex 27.0277 -15.8856 14
      vertex 27.0277 -15.8856 0
    endloop
  endfacet
  facet normal 0.970068 -0.242835 0
    outer loop
      vertex 27.3278 -15.1611 14
      vertex 27.4231 -14.7804 0
      vertex 27.4231 -14.7804 14
    endloop
  endfacet
  facet normal 0.970068 -0.242835 0
    outer loop
      vertex 27.4231 -14.7804 0
      vertex 27.3278 -15.1611 14
      vertex 27.3278 -15.1611 0
    endloop
  endfacet
  facet normal 0.904044 0.42744 0
    outer loop
      vertex 27.1955 15.5307 14
      vertex 27.0277 15.8856 0
      vertex 27.0277 15.8856 14
    endloop
  endfacet
  facet normal 0.904044 0.42744 0
    outer loop
      vertex 27.0277 15.8856 0
      vertex 27.1955 15.5307 14
      vertex 27.1955 15.5307 0
    endloop
  endfacet
  facet normal 0.740908 -0.671607 0
    outer loop
      vertex 26.3284 -16.8284 14
      vertex 26.592 -16.5376 0
      vertex 26.592 -16.5376 14
    endloop
  endfacet
  facet normal 0.740908 -0.671607 0
    outer loop
      vertex 26.592 -16.5376 0
      vertex 26.3284 -16.8284 14
      vertex 26.3284 -16.8284 0
    endloop
  endfacet
  facet normal -0 0 1
    outer loop
      vertex -18.9403 12.0903 14
      vertex -18.0531 10.8991 14
      vertex -18.9101 12.2942 14
    endloop
  endfacet
  facet normal 0 0 1
    outer loop
      vertex -18.0531 10.8991 14
      vertex -18.9101 -12.2942 14
      vertex -18.9 -12.5 14
    endloop
  endfacet
  facet normal -0 0 1
    outer loop
      vertex -18.9904 11.8904 14
      vertex -18.0531 10.8991 14
      vertex -18.9403 12.0903 14
    endloop
  endfacet
  facet normal 0 0 1
    outer loop
      vertex -18.0531 10.8991 14
      vertex -18.9403 -12.0903 14
      vertex -18.9101 -12.2942 14
    endloop
  endfacet
  facet normal -0 0 1
    outer loop
      vertex -19.0599 11.6964 14
      vertex -18.0531 10.8991 14
      vertex -18.9904 11.8904 14
    endloop
  endfacet
  facet normal 0 0 1
    outer loop
      vertex -18.0531 10.8991 14
      vertex -18.9904 -11.8904 14
      vertex -18.9403 -12.0903 14
    endloop
  endfacet
  facet normal -0 0 1
    outer loop
      vertex -19.148 11.5101 14
      vertex -18.0531 10.8991 14
      vertex -19.0599 11.6964 14
    endloop
  endfacet
  facet normal 0 0 1
    outer loop
      vertex -18.0531 10.8991 14
      vertex -19.0599 -11.6964 14
      vertex -18.9904 -11.8904 14
    endloop
  endfacet
  facet normal -0 0 1
    outer loop
      vertex -19.2539 11.3333 14
      vertex -18.0531 10.8991 14
      vertex -19.148 11.5101 14
    endloop
  endfacet
  facet normal 0 0 1
    outer loop
      vertex -18.0531 10.8991 14
      vertex -19.148 -11.5101 14
      vertex -19.0599 -11.6964 14
    endloop
  endfacet
  facet normal 0 0 1
    outer loop
      vertex -18.0531 10.8991 14
      vertex -19.2539 11.3333 14
      vertex -19.4294 10.8991 14
    endloop
  endfacet
  facet normal 0 0 1
    outer loop
      vertex -20.0101 10.648 14
      vertex -18.0531 10.8991 14
      vertex -19.4294 10.8991 14
    endloop
  endfacet
  facet normal 0 0 1
    outer loop
      vertex -19.4294 10.8991 14
      vertex -19.2539 11.3333 14
      vertex -19.3767 11.1678 14
    endloop
  endfacet
  facet normal 0 0 1
    outer loop
      vertex -18.0531 10.8991 14
      vertex -19.2539 -11.3333 14
      vertex -19.148 -11.5101 14
    endloop
  endfacet
  facet normal 0 0 1
    outer loop
      vertex -19.4294 10.8991 14
      vertex -19.3767 11.1678 14
      vertex -19.4294 11.1097 14
    endloop
  endfacet
  facet normal 0 0 1
    outer loop
      vertex -18.0531 10.8991 14
      vertex -19.3767 -11.1678 14
      vertex -19.2539 -11.3333 14
    endloop
  endfacet
  facet normal 0 0 1
    outer loop
      vertex -18.0531 10.8991 14
      vertex -19.5151 -11.0151 14
      vertex -19.3767 -11.1678 14
    endloop
  endfacet
  facet normal 0 0 1
    outer loop
      vertex -19.6678 10.8767 14
      vertex -19.4294 10.8991 14
      vertex -19.6431 10.8991 14
    endloop
  endfacet
  facet normal 0 0 1
    outer loop
      vertex -19.8333 10.7539 14
      vertex -19.4294 10.8991 14
      vertex -19.6678 10.8767 14
    endloop
  endfacet
  facet normal 0 0 1
    outer loop
      vertex -18.0531 10.8991 14
      vertex -19.6678 -10.8767 14
      vertex -19.5151 -11.0151 14
    endloop
  endfacet
  facet normal 0 0 1
    outer loop
      vertex -20.0101 10.648 14
      vertex -19.4294 10.8991 14
      vertex -19.8333 10.7539 14
    endloop
  endfacet
  facet normal 0 0 1
    outer loop
      vertex -18.0531 10.8991 14
      vertex -19.8333 -10.7539 14
      vertex -19.6678 -10.8767 14
    endloop
  endfacet
  facet normal 0 0 1
    outer loop
      vertex -20.1964 10.5599 14
      vertex -18.0531 10.8991 14
      vertex -20.0101 10.648 14
    endloop
  endfacet
  facet normal 0 0 1
    outer loop
      vertex -18.0531 10.8991 14
      vertex -20.0101 -10.648 14
      vertex -19.8333 -10.7539 14
    endloop
  endfacet
  facet normal 0 0 1
    outer loop
      vertex -20.3904 10.4904 14
      vertex -18.0531 10.8991 14
      vertex -20.1964 10.5599 14
    endloop
  endfacet
  facet normal 0 0 1
    outer loop
      vertex -18.0531 10.8991 14
      vertex -20.1964 -10.5599 14
      vertex -20.0101 -10.648 14
    endloop
  endfacet
  facet normal 0 0 1
    outer loop
      vertex -20.3904 -10.4904 14
      vertex -18.0531 10.8991 14
      vertex -20.3904 10.4904 14
    endloop
  endfacet
  facet normal 0 0 1
    outer loop
      vertex -18.0531 10.8991 14
      vertex -20.3904 -10.4904 14
      vertex -20.1964 -10.5599 14
    endloop
  endfacet
  facet normal -0 0 1
    outer loop
      vertex -20.5903 10.4404 14
      vertex -20.3904 -10.4904 14
      vertex -20.3904 10.4904 14
    endloop
  endfacet
  facet normal 0 0 1
    outer loop
      vertex -20.5903 10.4404 14
      vertex -20.5903 -10.4404 14
      vertex -20.3904 -10.4904 14
    endloop
  endfacet
  facet normal -0 0 1
    outer loop
      vertex -20.7942 10.4101 14
      vertex -20.5903 -10.4404 14
      vertex -20.5903 10.4404 14
    endloop
  endfacet
  facet normal 0 0 1
    outer loop
      vertex -20.7942 10.4101 14
      vertex -20.7942 -10.4101 14
      vertex -20.5903 -10.4404 14
    endloop
  endfacet
  facet normal -0 0 1
    outer loop
      vertex -21 10.4 14
      vertex -20.7942 -10.4101 14
      vertex -20.7942 10.4101 14
    endloop
  endfacet
  facet normal 0 0 1
    outer loop
      vertex -21 10.4 14
      vertex -21 -10.4 14
      vertex -20.7942 -10.4101 14
    endloop
  endfacet
  facet normal 0 0 1
    outer loop
      vertex -21.2058 10.4101 14
      vertex -21 -10.4 14
      vertex -21 10.4 14
    endloop
  endfacet
  facet normal 0 0 1
    outer loop
      vertex -21.2058 10.4101 14
      vertex -21.2058 -10.4101 14
      vertex -21 -10.4 14
    endloop
  endfacet
  facet normal 0 0 1
    outer loop
      vertex -21.4097 10.4404 14
      vertex -21.2058 -10.4101 14
      vertex -21.2058 10.4101 14
    endloop
  endfacet
  facet normal 0 0 1
    outer loop
      vertex -21.4097 10.4404 14
      vertex -21.4097 -10.4404 14
      vertex -21.2058 -10.4101 14
    endloop
  endfacet
  facet normal 0 0 1
    outer loop
      vertex -21.6096 10.4904 14
      vertex -21.4097 -10.4404 14
      vertex -21.4097 10.4404 14
    endloop
  endfacet
  facet normal 0 0 1
    outer loop
      vertex -21.6096 10.4904 14
      vertex -21.6096 -10.4904 14
      vertex -21.4097 -10.4404 14
    endloop
  endfacet
  facet normal 0 0 1
    outer loop
      vertex -21.8036 10.5599 14
      vertex -21.6096 -10.4904 14
      vertex -21.6096 10.4904 14
    endloop
  endfacet
  facet normal 0 0 1
    outer loop
      vertex -21.8036 10.5599 14
      vertex -21.8036 -10.5599 14
      vertex -21.6096 -10.4904 14
    endloop
  endfacet
  facet normal 0 0 1
    outer loop
      vertex -21.9899 10.648 14
      vertex -21.8036 -10.5599 14
      vertex -21.8036 10.5599 14
    endloop
  endfacet
  facet normal 0 0 1
    outer loop
      vertex -21.9899 10.648 14
      vertex -21.9899 -10.648 14
      vertex -21.8036 -10.5599 14
    endloop
  endfacet
  facet normal 0 0 1
    outer loop
      vertex -22.1667 10.7539 14
      vertex -21.9899 -10.648 14
      vertex -21.9899 10.648 14
    endloop
  endfacet
  facet normal 0 0 1
    outer loop
      vertex -22.1667 10.7539 14
      vertex -22.1667 -10.7539 14
      vertex -21.9899 -10.648 14
    endloop
  endfacet
  facet normal 0 0 1
    outer loop
      vertex -22.3322 10.8767 14
      vertex -22.1667 -10.7539 14
      vertex -22.1667 10.7539 14
    endloop
  endfacet
  facet normal 0 0 1
    outer loop
      vertex -22.3322 10.8767 14
      vertex -22.3322 -10.8767 14
      vertex -22.1667 -10.7539 14
    endloop
  endfacet
  facet normal 0 0 1
    outer loop
      vertex -22.4849 11.0151 14
      vertex -22.3322 -10.8767 14
      vertex -22.3322 10.8767 14
    endloop
  endfacet
  facet normal 0 0 1
    outer loop
      vertex -22.4849 11.0151 14
      vertex -22.4849 -11.0151 14
      vertex -22.3322 -10.8767 14
    endloop
  endfacet
  facet normal 0 0 1
    outer loop
      vertex -27.5 14 14
      vertex -22.4849 11.0151 14
      vertex -22.6233 11.1678 14
    endloop
  endfacet
  facet normal 0 0 1
    outer loop
      vertex -22.4849 11.0151 14
      vertex -27.5 14 14
      vertex -22.4849 -11.0151 14
    endloop
  endfacet
  facet normal 0 0 1
    outer loop
      vertex -27.5 14 14
      vertex -22.6233 11.1678 14
      vertex -22.7461 11.3333 14
    endloop
  endfacet
  facet normal 0 0 1
    outer loop
      vertex -27.5 -14 14
      vertex -22.4849 -11.0151 14
      vertex -27.5 14 14
    endloop
  endfacet
  facet normal 0 0 1
    outer loop
      vertex -27.5 14 14
      vertex -22.7461 11.3333 14
      vertex -22.852 11.5101 14
    endloop
  endfacet
  facet normal 0 0 1
    outer loop
      vertex -22.4849 -11.0151 14
      vertex -27.5 -14 14
      vertex -22.6233 -11.1678 14
    endloop
  endfacet
  facet normal 0 0 1
    outer loop
      vertex -27.5 14 14
      vertex -22.852 11.5101 14
      vertex -22.9401 11.6964 14
    endloop
  endfacet
  facet normal 0 0 1
    outer loop
      vertex -22.6233 -11.1678 14
      vertex -27.5 -14 14
      vertex -22.7461 -11.3333 14
    endloop
  endfacet
  facet normal 0 0 1
    outer loop
      vertex -27.5 14 14
      vertex -22.9401 11.6964 14
      vertex -23.0096 11.8904 14
    endloop
  endfacet
  facet normal 0 0 1
    outer loop
      vertex -22.7461 -11.3333 14
      vertex -27.5 -14 14
      vertex -22.852 -11.5101 14
    endloop
  endfacet
  facet normal 0 0 1
    outer loop
      vertex -27.5 14 14
      vertex -23.0096 11.8904 14
      vertex -23.0596 12.0903 14
    endloop
  endfacet
  facet normal 0 0 1
    outer loop
      vertex -22.852 -11.5101 14
      vertex -27.5 -14 14
      vertex -22.9401 -11.6964 14
    endloop
  endfacet
  facet normal 0 0 1
    outer loop
      vertex -27.5 14 14
      vertex -23.0596 12.0903 14
      vertex -23.0899 12.2942 14
    endloop
  endfacet
  facet normal 0 0 1
    outer loop
      vertex -22.9401 -11.6964 14
      vertex -27.5 -14 14
      vertex -23.0096 -11.8904 14
    endloop
  endfacet
  facet normal 0 0 1
    outer loop
      vertex -27.5 14 14
      vertex -23.0899 12.2942 14
      vertex -23.1 12.5 14
    endloop
  endfacet
  facet normal 0 0 1
    outer loop
      vertex -23.0096 -11.8904 14
      vertex -27.5 -14 14
      vertex -23.0596 -12.0903 14
    endloop
  endfacet
  facet normal 0 0 1
    outer loop
      vertex -18.0531 10.8991 14
      vertex -18.9101 12.7058 14
      vertex -18.9 12.5 14
    endloop
  endfacet
  facet normal 0 0 1
    outer loop
      vertex -18.0531 10.8991 14
      vertex -18.9403 12.9097 14
      vertex -18.9101 12.7058 14
    endloop
  endfacet
  facet normal 0 0 1
    outer loop
      vertex -18.0531 10.8991 14
      vertex -18.9904 13.1096 14
      vertex -18.9403 12.9097 14
    endloop
  endfacet
  facet normal 0 0 1
    outer loop
      vertex -19.1792 13.8286 14
      vertex -18.9904 13.1096 14
      vertex -18.0531 10.8991 14
    endloop
  endfacet
  facet normal 0 0 1
    outer loop
      vertex -18.9904 13.1096 14
      vertex -19.1792 13.8286 14
      vertex -19.0599 13.3036 14
    endloop
  endfacet
  facet normal 0 0 1
    outer loop
      vertex -19.1792 13.8286 14
      vertex -19.148 13.4899 14
      vertex -19.0599 13.3036 14
    endloop
  endfacet
  facet normal 0 0 1
    outer loop
      vertex -19.1792 13.8286 14
      vertex -19.2539 13.6667 14
      vertex -19.148 13.4899 14
    endloop
  endfacet
  facet normal -0 0 1
    outer loop
      vertex -19.432 13.8933 14
      vertex -19.1792 13.8286 14
      vertex -19.35 14.3473 14
    endloop
  endfacet
  facet normal 0 0 1
    outer loop
      vertex -19.1792 13.8286 14
      vertex -19.3767 13.8322 14
      vertex -19.2539 13.6667 14
    endloop
  endfacet
  facet normal 0 0 1
    outer loop
      vertex -19.1792 13.8286 14
      vertex -19.432 13.8933 14
      vertex -19.3767 13.8322 14
    endloop
  endfacet
  facet normal 0 0 1
    outer loop
      vertex -19.35 14.3473 14
      vertex -19.4416 14.3443 14
      vertex -19.432 13.8933 14
    endloop
  endfacet
  facet normal 0 -0 1
    outer loop
      vertex -19.4416 14.3443 14
      vertex -19.35 14.3473 14
      vertex -19.4507 14.683 14
    endloop
  endfacet
  facet normal 0 0 1
    outer loop
      vertex -16.2869 14.1835 14
      vertex -16.4216 14.1495 14
      vertex -16.2893 14.0808 14
    endloop
  endfacet
  facet normal 0 0 1
    outer loop
      vertex -16.4216 14.1495 14
      vertex -16.2869 14.1835 14
      vertex -16.3918 14.2445 14
    endloop
  endfacet
  facet normal 0 0 1
    outer loop
      vertex -16.2839 14.2852 14
      vertex -16.3918 14.2445 14
      vertex -16.2869 14.1835 14
    endloop
  endfacet
  facet normal 0 0 1
    outer loop
      vertex -16.3918 14.2445 14
      vertex -16.2839 14.2852 14
      vertex -16.3612 14.3453 14
    endloop
  endfacet
  facet normal 0 0 1
    outer loop
      vertex -16.2802 14.386 14
      vertex -16.3612 14.3453 14
      vertex -16.2839 14.2852 14
    endloop
  endfacet
  facet normal 0 0 1
    outer loop
      vertex -16.3612 14.3453 14
      vertex -16.2802 14.386 14
      vertex -16.3299 14.452 14
    endloop
  endfacet
  facet normal 0 0 1
    outer loop
      vertex -16.2758 14.4859 14
      vertex -16.3299 14.452 14
      vertex -16.2802 14.386 14
    endloop
  endfacet
  facet normal 0 0 1
    outer loop
      vertex -16.3299 14.452 14
      vertex -16.2758 14.4859 14
      vertex -16.2978 14.5646 14
    endloop
  endfacet
  facet normal 0 0 1
    outer loop
      vertex -16.2707 14.5849 14
      vertex -16.2978 14.5646 14
      vertex -16.2758 14.4859 14
    endloop
  endfacet
  facet normal 0 0 1
    outer loop
      vertex -16.2978 14.5646 14
      vertex -16.2707 14.5849 14
      vertex -16.2649 14.683 14
    endloop
  endfacet
  facet normal 0 0 1
    outer loop
      vertex -7.44832 12.5622 14
      vertex -7.50021 11.7394 14
      vertex -7.44832 11.787 14
    endloop
  endfacet
  facet normal 0 0 1
    outer loop
      vertex -7.44832 12.5622 14
      vertex -7.55554 11.6939 14
      vertex -7.50021 11.7394 14
    endloop
  endfacet
  facet normal 0 0 1
    outer loop
      vertex -7.44832 12.5622 14
      vertex -7.61429 11.6508 14
      vertex -7.55554 11.6939 14
    endloop
  endfacet
  facet normal 0 0 1
    outer loop
      vertex -7.44832 12.5622 14
      vertex -7.67647 11.6098 14
      vertex -7.61429 11.6508 14
    endloop
  endfacet
  facet normal 0 0 1
    outer loop
      vertex -7.44832 12.5622 14
      vertex -7.74208 11.5712 14
      vertex -7.67647 11.6098 14
    endloop
  endfacet
  facet normal -0 0 1
    outer loop
      vertex -8.73303 12.5622 14
      vertex -7.74208 11.5712 14
      vertex -7.44832 12.5622 14
    endloop
  endfacet
  facet normal 0 0 1
    outer loop
      vertex -7.74208 11.5712 14
      vertex -8.73303 12.5622 14
      vertex -7.81113 11.5348 14
    endloop
  endfacet
  facet normal 0 0 1
    outer loop
      vertex -7.81113 11.5348 14
      vertex -8.73303 12.5622 14
      vertex -7.88359 11.5007 14
    endloop
  endfacet
  facet normal 0 0 1
    outer loop
      vertex -7.88359 11.5007 14
      vertex -8.73303 12.5622 14
      vertex -7.95949 11.4688 14
    endloop
  endfacet
  facet normal 0 0 1
    outer loop
      vertex -7.95949 11.4688 14
      vertex -8.73303 12.5622 14
      vertex -8.0388 11.4392 14
    endloop
  endfacet
  facet normal 0 0 1
    outer loop
      vertex -8.0388 11.4392 14
      vertex -8.73303 12.5622 14
      vertex -8.12054 11.4123 14
    endloop
  endfacet
  facet normal 0 0 1
    outer loop
      vertex -8.12054 11.4123 14
      vertex -8.73303 12.5622 14
      vertex -8.20366 11.3886 14
    endloop
  endfacet
  facet normal 0 0 1
    outer loop
      vertex -8.20366 11.3886 14
      vertex -8.73303 12.5622 14
      vertex -8.28818 11.368 14
    endloop
  endfacet
  facet normal 0 0 1
    outer loop
      vertex -8.28818 11.368 14
      vertex -8.73303 12.5622 14
      vertex -8.37408 11.3506 14
    endloop
  endfacet
  facet normal 0 0 1
    outer loop
      vertex -8.37408 11.3506 14
      vertex -8.73303 12.5622 14
      vertex -8.4614 11.3364 14
    endloop
  endfacet
  facet normal 0 0 1
    outer loop
      vertex -8.4614 11.3364 14
      vertex -8.73303 12.5622 14
      vertex -8.55009 11.3253 14
    endloop
  endfacet
  facet normal 0 0 1
    outer loop
      vertex -8.55009 11.3253 14
      vertex -8.73303 12.5622 14
      vertex -8.64018 11.3174 14
    endloop
  endfacet
  facet normal 0 0 1
    outer loop
      vertex -8.64018 11.3174 14
      vertex -8.73303 12.5622 14
      vertex -8.73167 11.3126 14
    endloop
  endfacet
  facet normal -0 0 1
    outer loop
      vertex -9.02843 14.7812 14
      vertex -8.73303 13.0504 14
      vertex -8.86731 14.7867 14
    endloop
  endfacet
  facet normal 0 -0 1
    outer loop
      vertex -10.3786 12.7236 14
      vertex -8.73303 13.0504 14
      vertex -10.394 12.8919 14
    endloop
  endfacet
  facet normal -0 0 1
    outer loop
      vertex -9.18089 14.7645 14
      vertex -8.73303 13.0504 14
      vertex -9.02843 14.7812 14
    endloop
  endfacet
  facet normal 0 0 1
    outer loop
      vertex -8.73303 13.0504 14
      vertex -10.3786 12.7236 14
      vertex -8.73303 12.5622 14
    endloop
  endfacet
  facet normal -0 0 1
    outer loop
      vertex -9.32469 14.7367 14
      vertex -8.73303 13.0504 14
      vertex -9.18089 14.7645 14
    endloop
  endfacet
  facet normal -0 -0 1
    outer loop
      vertex -10.3528 12.5637 14
      vertex -8.73303 12.5622 14
      vertex -10.3786 12.7236 14
    endloop
  endfacet
  facet normal -0 0 1
    outer loop
      vertex -9.45982 14.6978 14
      vertex -8.73303 13.0504 14
      vertex -9.32469 14.7367 14
    endloop
  endfacet
  facet normal 0 0 1
    outer loop
      vertex -8.73303 12.5622 14
      vertex -8.82455 11.3111 14
      vertex -8.73167 11.3126 14
    endloop
  endfacet
  facet normal -0 0 1
    outer loop
      vertex -9.5863 14.6478 14
      vertex -8.73303 13.0504 14
      vertex -9.45982 14.6978 14
    endloop
  endfacet
  facet normal 0 -0 1
    outer loop
      vertex -10.3166 12.4123 14
      vertex -8.73303 12.5622 14
      vertex -10.3528 12.5637 14
    endloop
  endfacet
  facet normal -0 0 1
    outer loop
      vertex -9.7041 14.5867 14
      vertex -8.73303 13.0504 14
      vertex -9.5863 14.6478 14
    endloop
  endfacet
  facet normal 0 0 1
    outer loop
      vertex -8.73303 12.5622 14
      vertex -8.98471 11.3169 14
      vertex -8.82455 11.3111 14
    endloop
  endfacet
  facet normal -0 0 1
    outer loop
      vertex -9.81325 14.5144 14
      vertex -8.73303 13.0504 14
      vertex -9.7041 14.5867 14
    endloop
  endfacet
  facet normal 0 -0 1
    outer loop
      vertex -10.2702 12.2694 14
      vertex -8.73303 12.5622 14
      vertex -10.3166 12.4123 14
    endloop
  endfacet
  facet normal -0 0 1
    outer loop
      vertex -9.91373 14.4311 14
      vertex -8.73303 13.0504 14
      vertex -9.81325 14.5144 14
    endloop
  endfacet
  facet normal 0 0 1
    outer loop
      vertex -8.73303 12.5622 14
      vertex -9.13695 11.3343 14
      vertex -8.98471 11.3169 14
    endloop
  endfacet
  facet normal -0 0 1
    outer loop
      vertex -10.0055 14.3366 14
      vertex -8.73303 13.0504 14
      vertex -9.91373 14.4311 14
    endloop
  endfacet
  facet normal 0 -0 1
    outer loop
      vertex -10.2134 12.135 14
      vertex -8.73303 12.5622 14
      vertex -10.2702 12.2694 14
    endloop
  endfacet
  facet normal -0 0 1
    outer loop
      vertex -10.0882 14.232 14
      vertex -8.73303 13.0504 14
      vertex -10.0055 14.3366 14
    endloop
  endfacet
  facet normal 0 -0 1
    outer loop
      vertex -10.1463 12.009 14
      vertex -8.73303 12.5622 14
      vertex -10.2134 12.135 14
    endloop
  endfacet
  facet normal -0 0 1
    outer loop
      vertex -10.1611 14.1184 14
      vertex -8.73303 13.0504 14
      vertex -10.0882 14.232 14
    endloop
  endfacet
  facet normal 0 0 1
    outer loop
      vertex -8.73303 12.5622 14
      vertex -9.28128 11.3634 14
      vertex -9.13695 11.3343 14
    endloop
  endfacet
  facet normal -0 0 1
    outer loop
      vertex -10.2242 13.9957 14
      vertex -8.73303 13.0504 14
      vertex -10.1611 14.1184 14
    endloop
  endfacet
  facet normal 0 -0 1
    outer loop
      vertex -10.0689 11.8915 14
      vertex -8.73303 12.5622 14
      vertex -10.1463 12.009 14
    endloop
  endfacet
  facet normal -0 0 1
    outer loop
      vertex -10.2777 13.8639 14
      vertex -8.73303 13.0504 14
      vertex -10.2242 13.9957 14
    endloop
  endfacet
  facet normal 0 0 1
    outer loop
      vertex -8.73303 12.5622 14
      vertex -9.41771 11.4042 14
      vertex -9.28128 11.3634 14
    endloop
  endfacet
  facet normal -0 0 1
    outer loop
      vertex -10.3214 13.723 14
      vertex -8.73303 13.0504 14
      vertex -10.2777 13.8639 14
    endloop
  endfacet
  facet normal 0 0 1
    outer loop
      vertex -8.73303 12.5622 14
      vertex -9.88428 11.6836 14
      vertex -9.77951 11.5963 14
    endloop
  endfacet
  facet normal -0 0 1
    outer loop
      vertex -10.3555 13.5731 14
      vertex -8.73303 13.0504 14
      vertex -10.3214 13.723 14
    endloop
  endfacet
  facet normal 0 -0 1
    outer loop
      vertex -9.88428 11.6836 14
      vertex -8.73303 12.5622 14
      vertex -9.98114 11.7825 14
    endloop
  endfacet
  facet normal -0 0 1
    outer loop
      vertex -10.3798 13.414 14
      vertex -8.73303 13.0504 14
      vertex -10.3555 13.5731 14
    endloop
  endfacet
  facet normal 0 -0 1
    outer loop
      vertex -9.98114 11.7825 14
      vertex -8.73303 12.5622 14
      vertex -10.0689 11.8915 14
    endloop
  endfacet
  facet normal -0 0 1
    outer loop
      vertex -10.3943 13.2459 14
      vertex -8.73303 13.0504 14
      vertex -10.3798 13.414 14
    endloop
  endfacet
  facet normal 0 0 1
    outer loop
      vertex -8.73303 12.5622 14
      vertex -9.54622 11.4566 14
      vertex -9.41771 11.4042 14
    endloop
  endfacet
  facet normal -0 0 1
    outer loop
      vertex -10.3992 13.0687 14
      vertex -8.73303 13.0504 14
      vertex -10.3943 13.2459 14
    endloop
  endfacet
  facet normal 0 0 1
    outer loop
      vertex -8.73303 12.5622 14
      vertex -9.66681 11.5206 14
      vertex -9.54622 11.4566 14
    endloop
  endfacet
  facet normal 0 -0 1
    outer loop
      vertex -10.394 12.8919 14
      vertex -8.73303 13.0504 14
      vertex -10.3992 13.0687 14
    endloop
  endfacet
  facet normal 0 0 1
    outer loop
      vertex -8.73303 12.5622 14
      vertex -9.77951 11.5963 14
      vertex -9.66681 11.5206 14
    endloop
  endfacet
  facet normal 0 0 1
    outer loop
      vertex -3.25621 10.8991 14
      vertex -5.54181 14.2649 14
      vertex -5.52655 13.7553 14
    endloop
  endfacet
  facet normal -0 -0 1
    outer loop
      vertex -5.54181 14.2649 14
      vertex -3.25621 10.8991 14
      vertex -5.55707 14.5609 14
    endloop
  endfacet
  facet normal 0 0 1
    outer loop
      vertex -3.05028 11.6413 14
      vertex -5.36787 15.1987 14
      vertex -3.0426 11.5124 14
    endloop
  endfacet
  facet normal 0 0 1
    outer loop
      vertex -3.05707 11.762 14
      vertex -5.36787 15.1987 14
      vertex -3.05028 11.6413 14
    endloop
  endfacet
  facet normal 0 0 1
    outer loop
      vertex -3.06294 11.8746 14
      vertex -5.36787 15.1987 14
      vertex -3.05707 11.762 14
    endloop
  endfacet
  facet normal 0 0 1
    outer loop
      vertex -3.06792 11.979 14
      vertex -5.36787 15.1987 14
      vertex -3.06294 11.8746 14
    endloop
  endfacet
  facet normal 0 0 1
    outer loop
      vertex -3.07199 12.0753 14
      vertex -5.36787 15.1987 14
      vertex -3.06792 11.979 14
    endloop
  endfacet
  facet normal 0 0 1
    outer loop
      vertex -3.07515 12.1634 14
      vertex -5.36787 15.1987 14
      vertex -3.07199 12.0753 14
    endloop
  endfacet
  facet normal 0 0 1
    outer loop
      vertex -3.07742 12.2435 14
      vertex -5.36787 15.1987 14
      vertex -3.07515 12.1634 14
    endloop
  endfacet
  facet normal 0 0 1
    outer loop
      vertex -3.07877 12.3153 14
      vertex -5.36787 15.1987 14
      vertex -3.07742 12.2435 14
    endloop
  endfacet
  facet normal 0 0 1
    outer loop
      vertex -5.36787 15.1987 14
      vertex -3.07877 12.3153 14
      vertex -3.07922 12.3791 14
    endloop
  endfacet
  facet normal -0 0 1
    outer loop
      vertex -7.56122 14.0849 14
      vertex -6.91124 13.0504 14
      vertex -7.00583 14.2497 14
    endloop
  endfacet
  facet normal 0 0 1
    outer loop
      vertex -8.73303 13.0504 14
      vertex -7.60362 14.1638 14
      vertex -7.64946 14.2378 14
    endloop
  endfacet
  facet normal 0 0 1
    outer loop
      vertex -8.73303 13.0504 14
      vertex -7.64946 14.2378 14
      vertex -7.69872 14.307 14
    endloop
  endfacet
  facet normal 0 0 1
    outer loop
      vertex -8.73303 13.0504 14
      vertex -7.69872 14.307 14
      vertex -7.7514 14.3712 14
    endloop
  endfacet
  facet normal 0 0 1
    outer loop
      vertex -7.60362 14.1638 14
      vertex -8.73303 13.0504 14
      vertex -7.56122 14.0849 14
    endloop
  endfacet
  facet normal 0 0 1
    outer loop
      vertex -8.73303 13.0504 14
      vertex -7.7514 14.3712 14
      vertex -7.80753 14.4305 14
    endloop
  endfacet
  facet normal 0 0 1
    outer loop
      vertex -8.73303 13.0504 14
      vertex -7.80753 14.4305 14
      vertex -7.86707 14.485 14
    endloop
  endfacet
  facet normal 0 0 1
    outer loop
      vertex -8.73303 13.0504 14
      vertex -7.86707 14.485 14
      vertex -7.93004 14.5345 14
    endloop
  endfacet
  facet normal 0 0 1
    outer loop
      vertex -8.73303 13.0504 14
      vertex -7.93004 14.5345 14
      vertex -7.99643 14.5791 14
    endloop
  endfacet
  facet normal 0 0 1
    outer loop
      vertex -8.73303 13.0504 14
      vertex -7.99643 14.5791 14
      vertex -8.06625 14.6189 14
    endloop
  endfacet
  facet normal 0 0 1
    outer loop
      vertex -8.73303 13.0504 14
      vertex -8.06625 14.6189 14
      vertex -8.13974 14.6541 14
    endloop
  endfacet
  facet normal 0 0 1
    outer loop
      vertex -8.73303 13.0504 14
      vertex -8.13974 14.6541 14
      vertex -8.2171 14.6852 14
    endloop
  endfacet
  facet normal 0 0 1
    outer loop
      vertex -8.73303 13.0504 14
      vertex -8.2171 14.6852 14
      vertex -8.29834 14.7121 14
    endloop
  endfacet
  facet normal 0 0 1
    outer loop
      vertex -8.73303 13.0504 14
      vertex -8.29834 14.7121 14
      vertex -8.38347 14.7349 14
    endloop
  endfacet
  facet normal 0 0 1
    outer loop
      vertex -8.73303 13.0504 14
      vertex -8.38347 14.7349 14
      vertex -8.47247 14.7536 14
    endloop
  endfacet
  facet normal 0 0 1
    outer loop
      vertex -8.73303 13.0504 14
      vertex -8.47247 14.7536 14
      vertex -8.56535 14.7681 14
    endloop
  endfacet
  facet normal 0 0 1
    outer loop
      vertex -8.73303 13.0504 14
      vertex -8.56535 14.7681 14
      vertex -8.66212 14.7785 14
    endloop
  endfacet
  facet normal 0 0 1
    outer loop
      vertex -7.56122 14.0849 14
      vertex -8.73303 13.0504 14
      vertex -6.91124 13.0504 14
    endloop
  endfacet
  facet normal 0 0 1
    outer loop
      vertex -8.86731 14.7867 14
      vertex -8.73303 13.0504 14
      vertex -8.76277 14.7847 14
    endloop
  endfacet
  facet normal 0 0 1
    outer loop
      vertex -8.76277 14.7847 14
      vertex -8.73303 13.0504 14
      vertex -8.66212 14.7785 14
    endloop
  endfacet
  facet normal -0 0 1
    outer loop
      vertex -1.05472 14.7227 14
      vertex 1.44142 13.3434 14
      vertex 1.62453 14.7227 14
    endloop
  endfacet
  facet normal 0 0 1
    outer loop
      vertex 1.44142 13.3434 14
      vertex -1.05472 14.7227 14
      vertex -1.05472 13.3434 14
    endloop
  endfacet
  facet normal -0 0 1
    outer loop
      vertex -1.02481 -12.2012 14
      vertex 2.17317 -14.3333 14
      vertex 2.27086 -12.2012 14
    endloop
  endfacet
  facet normal 0 0 1
    outer loop
      vertex 2.17317 -14.3333 14
      vertex -1.02481 -12.2012 14
      vertex -1.02481 -14.3333 14
    endloop
  endfacet
  facet normal 0 0 1
    outer loop
      vertex 8.5 -5.25 14
      vertex -1.80193 -11.5665 14
      vertex 2.27086 -11.5665 14
    endloop
  endfacet
  facet normal 0 0 1
    outer loop
      vertex -18.9101 -12.7058 14
      vertex -1.80193 -11.5665 14
      vertex -8.5 -5.25 14
    endloop
  endfacet
  facet normal -0 0 1
    outer loop
      vertex -8.5 -5.25 14
      vertex -1.80193 -11.5665 14
      vertex 8.5 -5.25 14
    endloop
  endfacet
  facet normal 0 0 1
    outer loop
      vertex 1.44142 13.3434 14
      vertex 3.5381 14.7227 14
      vertex 2.06111 14.7227 14
    endloop
  endfacet
  facet normal -0 0 1
    outer loop
      vertex 8.38284 10.8682 14
      vertex 8.5 7.25 14
      vertex 8.5136 10.8917 14
    endloop
  endfacet
  facet normal -0 0 1
    outer loop
      vertex 8.24777 10.8515 14
      vertex 8.5 7.25 14
      vertex 8.38284 10.8682 14
    endloop
  endfacet
  facet normal -0 0 1
    outer loop
      vertex 8.10841 10.8414 14
      vertex 8.5 7.25 14
      vertex 8.24777 10.8515 14
    endloop
  endfacet
  facet normal -0 0 1
    outer loop
      vertex 7.96477 10.838 14
      vertex 8.5 7.25 14
      vertex 8.10841 10.8414 14
    endloop
  endfacet
  facet normal 0 0 1
    outer loop
      vertex 7.81985 10.8414 14
      vertex 8.5 7.25 14
      vertex 7.96477 10.838 14
    endloop
  endfacet
  facet normal 0 0 1
    outer loop
      vertex 7.67943 10.8513 14
      vertex 8.5 7.25 14
      vertex 7.81985 10.8414 14
    endloop
  endfacet
  facet normal 0 0 1
    outer loop
      vertex 7.54349 10.8679 14
      vertex 8.5 7.25 14
      vertex 7.67943 10.8513 14
    endloop
  endfacet
  facet normal 0 0 1
    outer loop
      vertex 7.41202 10.8911 14
      vertex 8.5 7.25 14
      vertex 7.54349 10.8679 14
    endloop
  endfacet
  facet normal 0 0 1
    outer loop
      vertex 7.28505 10.9209 14
      vertex 8.5 7.25 14
      vertex 7.41202 10.8911 14
    endloop
  endfacet
  facet normal 0 0 1
    outer loop
      vertex 7.16255 10.9574 14
      vertex 8.5 7.25 14
      vertex 7.28505 10.9209 14
    endloop
  endfacet
  facet normal 0 0 1
    outer loop
      vertex 7.04453 11.0005 14
      vertex 8.5 7.25 14
      vertex 7.16255 10.9574 14
    endloop
  endfacet
  facet normal 0 0 1
    outer loop
      vertex 6.931 11.0502 14
      vertex 8.5 7.25 14
      vertex 7.04453 11.0005 14
    endloop
  endfacet
  facet normal 0 0 1
    outer loop
      vertex 4.11787 10.8991 14
      vertex 6.931 11.0502 14
      vertex 6.82195 11.1066 14
    endloop
  endfacet
  facet normal 0 0 1
    outer loop
      vertex 4.11787 10.8991 14
      vertex 6.82195 11.1066 14
      vertex 6.71796 11.1692 14
    endloop
  endfacet
  facet normal 0 0 1
    outer loop
      vertex 4.11787 10.8991 14
      vertex 6.71796 11.1692 14
      vertex 6.61957 11.2377 14
    endloop
  endfacet
  facet normal 0 0 1
    outer loop
      vertex 4.11787 10.8991 14
      vertex 6.61957 11.2377 14
      vertex 6.52679 11.3122 14
    endloop
  endfacet
  facet normal 0 0 1
    outer loop
      vertex 4.11787 10.8991 14
      vertex 6.52679 11.3122 14
      vertex 6.43965 11.3926 14
    endloop
  endfacet
  facet normal 0 0 1
    outer loop
      vertex 4.11787 10.8991 14
      vertex 6.43965 11.3926 14
      vertex 6.35809 11.4789 14
    endloop
  endfacet
  facet normal 0 0 1
    outer loop
      vertex 4.11787 10.8991 14
      vertex 6.35809 11.4789 14
      vertex 6.28217 11.5711 14
    endloop
  endfacet
  facet normal 0 0 1
    outer loop
      vertex 4.11787 10.8991 14
      vertex 6.28217 11.5711 14
      vertex 6.21185 11.6692 14
    endloop
  endfacet
  facet normal 0 0 1
    outer loop
      vertex 4.11787 10.8991 14
      vertex 6.21185 11.6692 14
      vertex 6.14714 11.7732 14
    endloop
  endfacet
  facet normal 0 0 1
    outer loop
      vertex 4.11787 10.8991 14
      vertex 6.14714 11.7732 14
      vertex 6.08804 11.8832 14
    endloop
  endfacet
  facet normal 0 0 1
    outer loop
      vertex 5.86266 13.5049 14
      vertex 4.11787 14.7227 14
      vertex 5.84175 13.2924 14
    endloop
  endfacet
  facet normal 0 0 1
    outer loop
      vertex 5.84175 13.2924 14
      vertex 4.11787 14.7227 14
      vertex 5.83478 13.0687 14
    endloop
  endfacet
  facet normal 0 0 1
    outer loop
      vertex 5.83478 13.0687 14
      vertex 4.11787 14.7227 14
      vertex 5.83791 12.9203 14
    endloop
  endfacet
  facet normal 0 0 1
    outer loop
      vertex 4.11787 10.8991 14
      vertex 5.83791 12.9203 14
      vertex 4.11787 14.7227 14
    endloop
  endfacet
  facet normal 0 0 1
    outer loop
      vertex 5.83791 12.9203 14
      vertex 4.11787 10.8991 14
      vertex 5.84729 12.776 14
    endloop
  endfacet
  facet normal 0 0 1
    outer loop
      vertex 5.84729 12.776 14
      vertex 4.11787 10.8991 14
      vertex 5.86292 12.6359 14
    endloop
  endfacet
  facet normal 0 0 1
    outer loop
      vertex 5.86292 12.6359 14
      vertex 4.11787 10.8991 14
      vertex 5.88481 12.5 14
    endloop
  endfacet
  facet normal 0 0 1
    outer loop
      vertex 5.88481 12.5 14
      vertex 4.11787 10.8991 14
      vertex 5.91295 12.3683 14
    endloop
  endfacet
  facet normal 0 0 1
    outer loop
      vertex 5.91295 12.3683 14
      vertex 4.11787 10.8991 14
      vertex 5.94734 12.2407 14
    endloop
  endfacet
  facet normal 0 0 1
    outer loop
      vertex 5.94734 12.2407 14
      vertex 4.11787 10.8991 14
      vertex 5.98799 12.1174 14
    endloop
  endfacet
  facet normal 0 0 1
    outer loop
      vertex 5.98799 12.1174 14
      vertex 4.11787 10.8991 14
      vertex 6.03488 11.9982 14
    endloop
  endfacet
  facet normal 0 0 1
    outer loop
      vertex 6.03488 11.9982 14
      vertex 4.11787 10.8991 14
      vertex 6.08804 11.8832 14
    endloop
  endfacet
  facet normal 0 0 1
    outer loop
      vertex 6.931 11.0502 14
      vertex 4.11787 10.8991 14
      vertex 8.5 7.25 14
    endloop
  endfacet
  facet normal -0 0 1
    outer loop
      vertex 3.5381 10.8991 14
      vertex 8.5 7.25 14
      vertex 4.11787 10.8991 14
    endloop
  endfacet
  facet normal 0 0 1
    outer loop
      vertex 1.44142 12.8734 14
      vertex 3.5381 14.7227 14
      vertex 1.44142 13.3434 14
    endloop
  endfacet
  facet normal 0 0 1
    outer loop
      vertex 1.74963 10.8991 14
      vertex 3.5381 10.8991 14
      vertex 1.74963 11.3751 14
    endloop
  endfacet
  facet normal 0 0 1
    outer loop
      vertex 3.5381 10.8991 14
      vertex 1.74963 10.8991 14
      vertex 8.5 7.25 14
    endloop
  endfacet
  facet normal -0 0 1
    outer loop
      vertex -1.63756 10.8991 14
      vertex 8.5 7.25 14
      vertex 1.74963 10.8991 14
    endloop
  endfacet
  facet normal 0 0 1
    outer loop
      vertex -2.55435 10.8991 14
      vertex -1.63756 10.8991 14
      vertex -2.55435 15.1987 14
    endloop
  endfacet
  facet normal 0 0 1
    outer loop
      vertex -8.5 7.25 14
      vertex -1.63756 10.8991 14
      vertex -2.55435 10.8991 14
    endloop
  endfacet
  facet normal 0 0 1
    outer loop
      vertex -8.5 7.25 14
      vertex -2.55435 10.8991 14
      vertex -3.25621 10.8991 14
    endloop
  endfacet
  facet normal 0 0 1
    outer loop
      vertex -5.52655 10.8991 14
      vertex -3.25621 10.8991 14
      vertex -5.52655 13.7553 14
    endloop
  endfacet
  facet normal 0 0 1
    outer loop
      vertex -8.5 7.25 14
      vertex -3.25621 10.8991 14
      vertex -5.52655 10.8991 14
    endloop
  endfacet
  facet normal 0 0 1
    outer loop
      vertex -8.5 7.25 14
      vertex -5.52655 10.8991 14
      vertex -6.0453 10.8991 14
    endloop
  endfacet
  facet normal -0 0 1
    outer loop
      vertex -6.91124 11.5674 14
      vertex -6.0453 10.8991 14
      vertex -6.91124 13.0504 14
    endloop
  endfacet
  facet normal -0 0 1
    outer loop
      vertex -6.98911 11.492 14
      vertex -6.0453 10.8991 14
      vertex -6.91124 11.5674 14
    endloop
  endfacet
  facet normal -0 0 1
    outer loop
      vertex -7.07076 11.4205 14
      vertex -6.0453 10.8991 14
      vertex -6.98911 11.492 14
    endloop
  endfacet
  facet normal -0 0 1
    outer loop
      vertex -7.15622 11.3529 14
      vertex -6.0453 10.8991 14
      vertex -7.07076 11.4205 14
    endloop
  endfacet
  facet normal -0 0 1
    outer loop
      vertex -7.24548 11.2892 14
      vertex -6.0453 10.8991 14
      vertex -7.15622 11.3529 14
    endloop
  endfacet
  facet normal -0 0 1
    outer loop
      vertex -7.33856 11.2293 14
      vertex -6.0453 10.8991 14
      vertex -7.24548 11.2892 14
    endloop
  endfacet
  facet normal -0 0 1
    outer loop
      vertex -7.43544 11.1734 14
      vertex -6.0453 10.8991 14
      vertex -7.33856 11.2293 14
    endloop
  endfacet
  facet normal -0 0 1
    outer loop
      vertex -7.53613 11.1213 14
      vertex -6.0453 10.8991 14
      vertex -7.43544 11.1734 14
    endloop
  endfacet
  facet normal -0 0 1
    outer loop
      vertex -7.64062 11.0731 14
      vertex -6.0453 10.8991 14
      vertex -7.53613 11.1213 14
    endloop
  endfacet
  facet normal -0 0 1
    outer loop
      vertex -7.74892 11.0288 14
      vertex -6.0453 10.8991 14
      vertex -7.64062 11.0731 14
    endloop
  endfacet
  facet normal 0 0 1
    outer loop
      vertex -6.0453 10.8991 14
      vertex -7.74892 11.0288 14
      vertex -8.5 7.25 14
    endloop
  endfacet
  facet normal 0 0 1
    outer loop
      vertex -8.5 7.25 14
      vertex -7.74892 11.0288 14
      vertex -7.86015 10.9887 14
    endloop
  endfacet
  facet normal 0 0 1
    outer loop
      vertex -8.5 7.25 14
      vertex -7.86015 10.9887 14
      vertex -7.97345 10.9534 14
    endloop
  endfacet
  facet normal 0 0 1
    outer loop
      vertex -8.5 7.25 14
      vertex -7.97345 10.9534 14
      vertex -8.08882 10.9228 14
    endloop
  endfacet
  facet normal 0 0 1
    outer loop
      vertex -8.5 7.25 14
      vertex -8.08882 10.9228 14
      vertex -8.20625 10.8969 14
    endloop
  endfacet
  facet normal 0 0 1
    outer loop
      vertex -8.5 7.25 14
      vertex -8.20625 10.8969 14
      vertex -8.32578 10.8757 14
    endloop
  endfacet
  facet normal 0 0 1
    outer loop
      vertex -8.5 7.25 14
      vertex -8.32578 10.8757 14
      vertex -8.44736 10.8592 14
    endloop
  endfacet
  facet normal 0 0 1
    outer loop
      vertex -1.63756 10.8991 14
      vertex -8.5 7.25 14
      vertex 8.5 7.25 14
    endloop
  endfacet
  facet normal -0 0 1
    outer loop
      vertex -8.69675 10.8404 14
      vertex -8.5 7.25 14
      vertex -8.57101 10.8475 14
    endloop
  endfacet
  facet normal -0 0 1
    outer loop
      vertex -8.57101 10.8475 14
      vertex -8.5 7.25 14
      vertex -8.44736 10.8592 14
    endloop
  endfacet
  facet normal 0 0 1
    outer loop
      vertex 13.0928 14.3473 14
      vertex 13.0012 14.3443 14
      vertex 13.0135 13.7675 14
    endloop
  endfacet
  facet normal 0 -0 1
    outer loop
      vertex 13.0012 14.3443 14
      vertex 13.0928 14.3473 14
      vertex 12.9921 14.683 14
    endloop
  endfacet
  facet normal 0 0 1
    outer loop
      vertex 16.1559 14.1835 14
      vertex 16.0212 14.1495 14
      vertex 16.1535 14.0808 14
    endloop
  endfacet
  facet normal 0 0 1
    outer loop
      vertex 16.0212 14.1495 14
      vertex 16.1559 14.1835 14
      vertex 16.051 14.2445 14
    endloop
  endfacet
  facet normal 0 0 1
    outer loop
      vertex 16.159 14.2852 14
      vertex 16.051 14.2445 14
      vertex 16.1559 14.1835 14
    endloop
  endfacet
  facet normal 0 0 1
    outer loop
      vertex 16.051 14.2445 14
      vertex 16.159 14.2852 14
      vertex 16.0816 14.3453 14
    endloop
  endfacet
  facet normal 0 0 1
    outer loop
      vertex 16.1627 14.386 14
      vertex 16.0816 14.3453 14
      vertex 16.159 14.2852 14
    endloop
  endfacet
  facet normal 0 0 1
    outer loop
      vertex 16.0816 14.3453 14
      vertex 16.1627 14.386 14
      vertex 16.113 14.452 14
    endloop
  endfacet
  facet normal 0 0 1
    outer loop
      vertex 16.1671 14.4859 14
      vertex 16.113 14.452 14
      vertex 16.1627 14.386 14
    endloop
  endfacet
  facet normal 0 0 1
    outer loop
      vertex 16.113 14.452 14
      vertex 16.1671 14.4859 14
      vertex 16.1451 14.5646 14
    endloop
  endfacet
  facet normal 0 0 1
    outer loop
      vertex 16.1722 14.5849 14
      vertex 16.1451 14.5646 14
      vertex 16.1671 14.4859 14
    endloop
  endfacet
  facet normal 0 0 1
    outer loop
      vertex 16.1451 14.5646 14
      vertex 16.1722 14.5849 14
      vertex 16.1779 14.683 14
    endloop
  endfacet
  facet normal -0 0 1
    outer loop
      vertex 17.6675 13.9812 14
      vertex 18.6379 11.366 14
      vertex 18.6379 14.6738 14
    endloop
  endfacet
  facet normal 0 0 1
    outer loop
      vertex 18.6379 11.366 14
      vertex 17.6675 13.9812 14
      vertex 17.5424 11.366 14
    endloop
  endfacet
  facet normal 0 0 1
    outer loop
      vertex 1.44142 13.3434 14
      vertex 2.06111 14.7227 14
      vertex 1.62453 14.7227 14
    endloop
  endfacet
  facet normal 0 0 1
    outer loop
      vertex 3.5381 14.7227 14
      vertex 1.44142 12.8734 14
      vertex 3.5381 10.8991 14
    endloop
  endfacet
  facet normal 0 0 1
    outer loop
      vertex 3.5381 10.8991 14
      vertex 1.44142 12.8734 14
      vertex 1.74963 11.3751 14
    endloop
  endfacet
  facet normal 0 0 1
    outer loop
      vertex -1.05472 11.3751 14
      vertex 1.44142 12.8734 14
      vertex -1.05472 12.8734 14
    endloop
  endfacet
  facet normal 0 0 1
    outer loop
      vertex 1.44142 12.8734 14
      vertex -1.05472 11.3751 14
      vertex 1.74963 11.3751 14
    endloop
  endfacet
  facet normal 0 0 1
    outer loop
      vertex 23.0096 11.8904 14
      vertex 27.5 14 14
      vertex 23.0596 12.0903 14
    endloop
  endfacet
  facet normal 0 0 1
    outer loop
      vertex 27.5 -14 14
      vertex 23.0899 -12.2942 14
      vertex 23.1 -12.5 14
    endloop
  endfacet
  facet normal 0 0 1
    outer loop
      vertex 22.9401 11.6964 14
      vertex 27.5 14 14
      vertex 23.0096 11.8904 14
    endloop
  endfacet
  facet normal 0 0 1
    outer loop
      vertex 27.5 -14 14
      vertex 23.0596 -12.0903 14
      vertex 23.0899 -12.2942 14
    endloop
  endfacet
  facet normal 0 0 1
    outer loop
      vertex 22.852 11.5101 14
      vertex 27.5 14 14
      vertex 22.9401 11.6964 14
    endloop
  endfacet
  facet normal 0 0 1
    outer loop
      vertex 27.5 -14 14
      vertex 23.0096 -11.8904 14
      vertex 23.0596 -12.0903 14
    endloop
  endfacet
  facet normal 0 0 1
    outer loop
      vertex 22.7461 11.3333 14
      vertex 27.5 14 14
      vertex 22.852 11.5101 14
    endloop
  endfacet
  facet normal 0 0 1
    outer loop
      vertex 27.5 -14 14
      vertex 22.9401 -11.6964 14
      vertex 23.0096 -11.8904 14
    endloop
  endfacet
  facet normal 0 0 1
    outer loop
      vertex 22.6233 11.1678 14
      vertex 27.5 14 14
      vertex 22.7461 11.3333 14
    endloop
  endfacet
  facet normal 0 0 1
    outer loop
      vertex 27.5 -14 14
      vertex 22.852 -11.5101 14
      vertex 22.9401 -11.6964 14
    endloop
  endfacet
  facet normal 0 0 1
    outer loop
      vertex 22.4849 11.0151 14
      vertex 27.5 14 14
      vertex 22.6233 11.1678 14
    endloop
  endfacet
  facet normal 0 0 1
    outer loop
      vertex 27.5 -14 14
      vertex 22.7461 -11.3333 14
      vertex 22.852 -11.5101 14
    endloop
  endfacet
  facet normal 0 0 1
    outer loop
      vertex 27.5 14 14
      vertex 22.4849 11.0151 14
      vertex 27.5 -14 14
    endloop
  endfacet
  facet normal 0 0 1
    outer loop
      vertex 27.5 -14 14
      vertex 22.6233 -11.1678 14
      vertex 22.7461 -11.3333 14
    endloop
  endfacet
  facet normal -0 0 1
    outer loop
      vertex 22.4849 -11.0151 14
      vertex 27.5 -14 14
      vertex 22.4849 11.0151 14
    endloop
  endfacet
  facet normal 0 0 1
    outer loop
      vertex 27.5 -14 14
      vertex 22.4849 -11.0151 14
      vertex 22.6233 -11.1678 14
    endloop
  endfacet
  facet normal -0 0 1
    outer loop
      vertex 22.3322 10.8767 14
      vertex 22.4849 -11.0151 14
      vertex 22.4849 11.0151 14
    endloop
  endfacet
  facet normal 0 0 1
    outer loop
      vertex 22.3322 10.8767 14
      vertex 22.3322 -10.8767 14
      vertex 22.4849 -11.0151 14
    endloop
  endfacet
  facet normal -0 0 1
    outer loop
      vertex 22.1667 10.7539 14
      vertex 22.3322 -10.8767 14
      vertex 22.3322 10.8767 14
    endloop
  endfacet
  facet normal 0 0 1
    outer loop
      vertex 22.1667 10.7539 14
      vertex 22.1667 -10.7539 14
      vertex 22.3322 -10.8767 14
    endloop
  endfacet
  facet normal -0 0 1
    outer loop
      vertex 21.9899 10.648 14
      vertex 22.1667 -10.7539 14
      vertex 22.1667 10.7539 14
    endloop
  endfacet
  facet normal 0 0 1
    outer loop
      vertex 21.9899 10.648 14
      vertex 21.9899 -10.648 14
      vertex 22.1667 -10.7539 14
    endloop
  endfacet
  facet normal -0 0 1
    outer loop
      vertex 21.8036 10.5599 14
      vertex 21.9899 -10.648 14
      vertex 21.9899 10.648 14
    endloop
  endfacet
  facet normal 0 0 1
    outer loop
      vertex 21.8036 10.5599 14
      vertex 21.8036 -10.5599 14
      vertex 21.9899 -10.648 14
    endloop
  endfacet
  facet normal -0 0 1
    outer loop
      vertex 21.6096 10.4904 14
      vertex 21.8036 -10.5599 14
      vertex 21.8036 10.5599 14
    endloop
  endfacet
  facet normal 0 0 1
    outer loop
      vertex 21.6096 10.4904 14
      vertex 21.6096 -10.4904 14
      vertex 21.8036 -10.5599 14
    endloop
  endfacet
  facet normal -0 0 1
    outer loop
      vertex 21.4097 10.4404 14
      vertex 21.6096 -10.4904 14
      vertex 21.6096 10.4904 14
    endloop
  endfacet
  facet normal 0 0 1
    outer loop
      vertex 21.4097 10.4404 14
      vertex 21.4097 -10.4404 14
      vertex 21.6096 -10.4904 14
    endloop
  endfacet
  facet normal -0 0 1
    outer loop
      vertex 21.2058 10.4101 14
      vertex 21.4097 -10.4404 14
      vertex 21.4097 10.4404 14
    endloop
  endfacet
  facet normal 0 0 1
    outer loop
      vertex 21.2058 10.4101 14
      vertex 21.2058 -10.4101 14
      vertex 21.4097 -10.4404 14
    endloop
  endfacet
  facet normal -0 0 1
    outer loop
      vertex 21 10.4 14
      vertex 21.2058 -10.4101 14
      vertex 21.2058 10.4101 14
    endloop
  endfacet
  facet normal 0 0 1
    outer loop
      vertex 21 10.4 14
      vertex 21 -10.4 14
      vertex 21.2058 -10.4101 14
    endloop
  endfacet
  facet normal 0 0 1
    outer loop
      vertex 20.7942 10.4101 14
      vertex 21 -10.4 14
      vertex 21 10.4 14
    endloop
  endfacet
  facet normal 0 0 1
    outer loop
      vertex 20.7942 10.4101 14
      vertex 20.7942 -10.4101 14
      vertex 21 -10.4 14
    endloop
  endfacet
  facet normal 0 0 1
    outer loop
      vertex 20.5903 10.4404 14
      vertex 20.7942 -10.4101 14
      vertex 20.7942 10.4101 14
    endloop
  endfacet
  facet normal 0 0 1
    outer loop
      vertex 20.5903 10.4404 14
      vertex 20.5903 -10.4404 14
      vertex 20.7942 -10.4101 14
    endloop
  endfacet
  facet normal 0 0 1
    outer loop
      vertex 20.3904 10.4904 14
      vertex 20.5903 -10.4404 14
      vertex 20.5903 10.4404 14
    endloop
  endfacet
  facet normal 0 0 1
    outer loop
      vertex 20.3904 10.4904 14
      vertex 20.3904 -10.4904 14
      vertex 20.5903 -10.4404 14
    endloop
  endfacet
  facet normal 0 0 1
    outer loop
      vertex 17.5424 10.8991 14
      vertex 20.3904 10.4904 14
      vertex 20.1964 10.5599 14
    endloop
  endfacet
  facet normal 0 0 1
    outer loop
      vertex 20.3904 10.4904 14
      vertex 8.5 -5.25 14
      vertex 20.3904 -10.4904 14
    endloop
  endfacet
  facet normal 0 0 1
    outer loop
      vertex 17.5424 10.8991 14
      vertex 20.1964 10.5599 14
      vertex 20.0101 10.648 14
    endloop
  endfacet
  facet normal 0 0 1
    outer loop
      vertex 20.3904 -10.4904 14
      vertex 8.5 -5.25 14
      vertex 20.1964 -10.5599 14
    endloop
  endfacet
  facet normal 0 0 1
    outer loop
      vertex 17.5424 10.8991 14
      vertex 20.0101 10.648 14
      vertex 19.8333 10.7539 14
    endloop
  endfacet
  facet normal 0 0 1
    outer loop
      vertex 20.3904 10.4904 14
      vertex 17.5424 10.8991 14
      vertex 8.5 -5.25 14
    endloop
  endfacet
  facet normal 0 0 1
    outer loop
      vertex 17.5424 10.8991 14
      vertex 19.8333 10.7539 14
      vertex 19.6678 10.8767 14
    endloop
  endfacet
  facet normal 0 0 1
    outer loop
      vertex 20.1964 -10.5599 14
      vertex 8.5 -5.25 14
      vertex 20.0101 -10.648 14
    endloop
  endfacet
  facet normal -0 0 1
    outer loop
      vertex 17.5424 10.8991 14
      vertex 19.6678 10.8767 14
      vertex 19.6431 10.8991 14
    endloop
  endfacet
  facet normal 0 0 1
    outer loop
      vertex 20.0101 -10.648 14
      vertex 8.5 -5.25 14
      vertex 19.8333 -10.7539 14
    endloop
  endfacet
  facet normal 0 0 1
    outer loop
      vertex 19.8333 -10.7539 14
      vertex 8.5 -5.25 14
      vertex 19.6678 -10.8767 14
    endloop
  endfacet
  facet normal 0 0 1
    outer loop
      vertex 19.6678 -10.8767 14
      vertex 8.5 -5.25 14
      vertex 19.5151 -11.0151 14
    endloop
  endfacet
  facet normal 0 0 1
    outer loop
      vertex 19.5151 -11.0151 14
      vertex 8.5 -5.25 14
      vertex 19.3767 -11.1678 14
    endloop
  endfacet
  facet normal 0 0 1
    outer loop
      vertex 19.2539 -11.3333 14
      vertex 8.5 -5.25 14
      vertex 19.148 -11.5101 14
    endloop
  endfacet
  facet normal 0 0 1
    outer loop
      vertex 19.148 -11.5101 14
      vertex 8.5 -5.25 14
      vertex 19.0599 -11.6964 14
    endloop
  endfacet
  facet normal 0 0 1
    outer loop
      vertex 19.0599 -11.6964 14
      vertex 8.5 -5.25 14
      vertex 18.9904 -11.8904 14
    endloop
  endfacet
  facet normal 0 0 1
    outer loop
      vertex 18.9904 -11.8904 14
      vertex 8.5 -5.25 14
      vertex 18.9403 -12.0903 14
    endloop
  endfacet
  facet normal 0 0 1
    outer loop
      vertex 18.9403 -12.0903 14
      vertex 8.5 -5.25 14
      vertex 18.9101 -12.2942 14
    endloop
  endfacet
  facet normal 0 0 1
    outer loop
      vertex 19.3767 -11.1678 14
      vertex 8.5 -5.25 14
      vertex 19.2539 -11.3333 14
    endloop
  endfacet
  facet normal 0 0 1
    outer loop
      vertex 22.9401 13.3036 14
      vertex 27.5 14 14
      vertex 27.4807 14.3921 14
    endloop
  endfacet
  facet normal 0 0 1
    outer loop
      vertex 23.0899 12.2942 14
      vertex 27.5 14 14
      vertex 23.1 12.5 14
    endloop
  endfacet
  facet normal 0 0 1
    outer loop
      vertex 22.9401 13.3036 14
      vertex 27.4807 14.3921 14
      vertex 27.4231 14.7804 14
    endloop
  endfacet
  facet normal 0 0 1
    outer loop
      vertex 23.0596 12.0903 14
      vertex 27.5 14 14
      vertex 23.0899 12.2942 14
    endloop
  endfacet
  facet normal 0 0 1
    outer loop
      vertex 22.9401 13.3036 14
      vertex 27.4231 14.7804 14
      vertex 27.3278 15.1611 14
    endloop
  endfacet
  facet normal -0 0 1
    outer loop
      vertex 23.0899 -12.7058 14
      vertex 27.5 -14 14
      vertex 23.1 -12.5 14
    endloop
  endfacet
  facet normal 0 0 1
    outer loop
      vertex 22.852 13.4899 14
      vertex 27.3278 15.1611 14
      vertex 27.1955 15.5307 14
    endloop
  endfacet
  facet normal -0 0 1
    outer loop
      vertex 23.0596 -12.9097 14
      vertex 27.5 -14 14
      vertex 23.0899 -12.7058 14
    endloop
  endfacet
  facet normal 0 0 1
    outer loop
      vertex 22.852 13.4899 14
      vertex 27.1955 15.5307 14
      vertex 27.0277 15.8856 14
    endloop
  endfacet
  facet normal -0 0 1
    outer loop
      vertex 23.0096 -13.1096 14
      vertex 27.5 -14 14
      vertex 23.0596 -12.9097 14
    endloop
  endfacet
  facet normal 0 0 1
    outer loop
      vertex 22.852 13.4899 14
      vertex 27.0277 15.8856 14
      vertex 26.8259 16.2223 14
    endloop
  endfacet
  facet normal -0 0 1
    outer loop
      vertex 22.9401 -13.3036 14
      vertex 27.5 -14 14
      vertex 23.0096 -13.1096 14
    endloop
  endfacet
  facet normal 0 0 1
    outer loop
      vertex 22.7461 13.6667 14
      vertex 26.8259 16.2223 14
      vertex 26.592 16.5376 14
    endloop
  endfacet
  facet normal 0 0 1
    outer loop
      vertex 27.5 -14 14
      vertex 22.9401 -13.3036 14
      vertex 27.4807 -14.3921 14
    endloop
  endfacet
  facet normal 0 0 1
    outer loop
      vertex 22.7461 13.6667 14
      vertex 26.592 16.5376 14
      vertex 26.3284 16.8284 14
    endloop
  endfacet
  facet normal 0 0 1
    outer loop
      vertex 27.4807 -14.3921 14
      vertex 22.9401 -13.3036 14
      vertex 27.4231 -14.7804 14
    endloop
  endfacet
  facet normal 0 0 1
    outer loop
      vertex 22.6233 13.8322 14
      vertex 26.3284 16.8284 14
      vertex 26.0376 17.092 14
    endloop
  endfacet
  facet normal 0 0 1
    outer loop
      vertex 27.4231 -14.7804 14
      vertex 22.9401 -13.3036 14
      vertex 27.3278 -15.1611 14
    endloop
  endfacet
  facet normal 0 0 1
    outer loop
      vertex 22.6233 13.8322 14
      vertex 26.0376 17.092 14
      vertex 25.7223 17.3259 14
    endloop
  endfacet
  facet normal -0 0 1
    outer loop
      vertex 22.852 -13.4899 14
      vertex 27.3278 -15.1611 14
      vertex 22.9401 -13.3036 14
    endloop
  endfacet
  facet normal 0 0 1
    outer loop
      vertex 22.6233 13.8322 14
      vertex 25.7223 17.3259 14
      vertex 25.3856 17.5277 14
    endloop
  endfacet
  facet normal 0 0 1
    outer loop
      vertex 27.3278 -15.1611 14
      vertex 22.852 -13.4899 14
      vertex 27.1955 -15.5307 14
    endloop
  endfacet
  facet normal 0 0 1
    outer loop
      vertex 22.4849 13.9849 14
      vertex 25.3856 17.5277 14
      vertex 25.0307 17.6955 14
    endloop
  endfacet
  facet normal 0 0 1
    outer loop
      vertex 27.1955 -15.5307 14
      vertex 22.852 -13.4899 14
      vertex 27.0277 -15.8856 14
    endloop
  endfacet
  facet normal 0 0 1
    outer loop
      vertex 22.4849 13.9849 14
      vertex 25.0307 17.6955 14
      vertex 24.6611 17.8278 14
    endloop
  endfacet
  facet normal 0 0 1
    outer loop
      vertex 27.0277 -15.8856 14
      vertex 22.852 -13.4899 14
      vertex 26.8259 -16.2223 14
    endloop
  endfacet
  facet normal 0 0 1
    outer loop
      vertex 22.4849 13.9849 14
      vertex 24.6611 17.8278 14
      vertex 24.2804 17.9231 14
    endloop
  endfacet
  facet normal -0 0 1
    outer loop
      vertex 22.7461 -13.6667 14
      vertex 26.8259 -16.2223 14
      vertex 22.852 -13.4899 14
    endloop
  endfacet
  facet normal 0 0 1
    outer loop
      vertex 22.3322 14.1233 14
      vertex 24.2804 17.9231 14
      vertex 23.8921 17.9807 14
    endloop
  endfacet
  facet normal 0 0 1
    outer loop
      vertex 26.8259 -16.2223 14
      vertex 22.7461 -13.6667 14
      vertex 26.592 -16.5376 14
    endloop
  endfacet
  facet normal 0 0 1
    outer loop
      vertex 22.3322 14.1233 14
      vertex 23.8921 17.9807 14
      vertex 23.5 18 14
    endloop
  endfacet
  facet normal 0 0 1
    outer loop
      vertex 26.592 -16.5376 14
      vertex 22.7461 -13.6667 14
      vertex 26.3284 -16.8284 14
    endloop
  endfacet
  facet normal -0 0 1
    outer loop
      vertex 22.6233 -13.8322 14
      vertex 26.3284 -16.8284 14
      vertex 22.7461 -13.6667 14
    endloop
  endfacet
  facet normal 0 0 1
    outer loop
      vertex 27.5 14 14
      vertex 23.0899 12.7058 14
      vertex 23.1 12.5 14
    endloop
  endfacet
  facet normal 0 0 1
    outer loop
      vertex 27.5 14 14
      vertex 23.0596 12.9097 14
      vertex 23.0899 12.7058 14
    endloop
  endfacet
  facet normal 0 0 1
    outer loop
      vertex 27.5 14 14
      vertex 23.0096 13.1096 14
      vertex 23.0596 12.9097 14
    endloop
  endfacet
  facet normal 0 0 1
    outer loop
      vertex 27.5 14 14
      vertex 22.9401 13.3036 14
      vertex 23.0096 13.1096 14
    endloop
  endfacet
  facet normal 0 0 1
    outer loop
      vertex 27.3278 15.1611 14
      vertex 22.852 13.4899 14
      vertex 22.9401 13.3036 14
    endloop
  endfacet
  facet normal 0 0 1
    outer loop
      vertex 26.8259 16.2223 14
      vertex 22.7461 13.6667 14
      vertex 22.852 13.4899 14
    endloop
  endfacet
  facet normal 0 0 1
    outer loop
      vertex 26.3284 16.8284 14
      vertex 22.6233 13.8322 14
      vertex 22.7461 13.6667 14
    endloop
  endfacet
  facet normal 0 0 1
    outer loop
      vertex 25.3856 17.5277 14
      vertex 22.4849 13.9849 14
      vertex 22.6233 13.8322 14
    endloop
  endfacet
  facet normal 0 0 1
    outer loop
      vertex 24.2804 17.9231 14
      vertex 22.3322 14.1233 14
      vertex 22.4849 13.9849 14
    endloop
  endfacet
  facet normal 0 0 1
    outer loop
      vertex 23.5 18 14
      vertex 22.1667 14.2461 14
      vertex 22.3322 14.1233 14
    endloop
  endfacet
  facet normal 0 0 1
    outer loop
      vertex 23.5 18 14
      vertex 21.9899 14.352 14
      vertex 22.1667 14.2461 14
    endloop
  endfacet
  facet normal 0 0 1
    outer loop
      vertex 23.5 18 14
      vertex 21.8036 14.4401 14
      vertex 21.9899 14.352 14
    endloop
  endfacet
  facet normal 0 0 1
    outer loop
      vertex 23.5 18 14
      vertex 21.6096 14.5096 14
      vertex 21.8036 14.4401 14
    endloop
  endfacet
  facet normal 0 0 1
    outer loop
      vertex 23.5 18 14
      vertex 21.4097 14.5596 14
      vertex 21.6096 14.5096 14
    endloop
  endfacet
  facet normal 0 0 1
    outer loop
      vertex 23.5 18 14
      vertex 21.2058 14.5899 14
      vertex 21.4097 14.5596 14
    endloop
  endfacet
  facet normal 0 0 1
    outer loop
      vertex 23.5 18 14
      vertex 21 14.6 14
      vertex 21.2058 14.5899 14
    endloop
  endfacet
  facet normal -0 0 1
    outer loop
      vertex 19.1902 15.1987 14
      vertex 21 14.6 14
      vertex 23.5 18 14
    endloop
  endfacet
  facet normal 0 0 1
    outer loop
      vertex 21 14.6 14
      vertex 19.1902 15.1987 14
      vertex 20.7942 14.5899 14
    endloop
  endfacet
  facet normal 0 0 1
    outer loop
      vertex 20.7942 14.5899 14
      vertex 19.1902 15.1987 14
      vertex 20.5903 14.5596 14
    endloop
  endfacet
  facet normal 0 0 1
    outer loop
      vertex 20.5903 14.5596 14
      vertex 19.1902 15.1987 14
      vertex 20.3904 14.5096 14
    endloop
  endfacet
  facet normal 0 0 1
    outer loop
      vertex 20.3904 14.5096 14
      vertex 19.1902 15.1987 14
      vertex 20.1964 14.4401 14
    endloop
  endfacet
  facet normal 0 0 1
    outer loop
      vertex 20.1964 14.4401 14
      vertex 19.1902 15.1987 14
      vertex 20.0101 14.352 14
    endloop
  endfacet
  facet normal 0 0 1
    outer loop
      vertex 20.0101 14.352 14
      vertex 19.1902 15.1987 14
      vertex 19.8333 14.2461 14
    endloop
  endfacet
  facet normal 0 0 1
    outer loop
      vertex 19.8333 14.2461 14
      vertex 19.1902 15.1987 14
      vertex 19.6678 14.1233 14
    endloop
  endfacet
  facet normal 0 0 1
    outer loop
      vertex 19.3767 13.8322 14
      vertex 19.1902 15.1987 14
      vertex 19.2539 13.6667 14
    endloop
  endfacet
  facet normal 0 0 1
    outer loop
      vertex 19.5151 13.9849 14
      vertex 19.1902 15.1987 14
      vertex 19.3767 13.8322 14
    endloop
  endfacet
  facet normal 0 0 1
    outer loop
      vertex 19.6678 14.1233 14
      vertex 19.1902 15.1987 14
      vertex 19.5151 13.9849 14
    endloop
  endfacet
  facet normal 0 0 1
    outer loop
      vertex 23.5 18 14
      vertex 18.6837 15.1987 14
      vertex 19.1902 15.1987 14
    endloop
  endfacet
  facet normal 0 0 1
    outer loop
      vertex 16.6754 15.1987 14
      vertex 17.6675 13.9812 14
      vertex 17.6675 14.4999 14
    endloop
  endfacet
  facet normal 0 0 1
    outer loop
      vertex 17.6675 13.9812 14
      vertex 16.6754 10.8991 14
      vertex 17.5424 11.366 14
    endloop
  endfacet
  facet normal 0 0 1
    outer loop
      vertex 17.6675 13.9812 14
      vertex 16.6754 15.1987 14
      vertex 16.6754 10.8991 14
    endloop
  endfacet
  facet normal 0 0 1
    outer loop
      vertex 18.6837 15.1987 14
      vertex 16.6754 15.1987 14
      vertex 17.6675 14.4999 14
    endloop
  endfacet
  facet normal 0 0 1
    outer loop
      vertex 23.5 18 14
      vertex 16.6754 15.1987 14
      vertex 18.6837 15.1987 14
    endloop
  endfacet
  facet normal 0 0 1
    outer loop
      vertex 23.5 18 14
      vertex 15.9277 15.1987 14
      vertex 16.6754 15.1987 14
    endloop
  endfacet
  facet normal 0 0 1
    outer loop
      vertex 14.405 12.2173 14
      vertex 14.8047 12.2173 14
      vertex 15.9277 15.1987 14
    endloop
  endfacet
  facet normal 0 0 1
    outer loop
      vertex 14.8047 12.2173 14
      vertex 14.405 12.2173 14
      vertex 14.798 12.2008 14
    endloop
  endfacet
  facet normal 0 0 1
    outer loop
      vertex 14.6033 11.5625 14
      vertex 14.5927 11.5555 14
      vertex 14.5972 11.5338 14
    endloop
  endfacet
  facet normal -0 0 1
    outer loop
      vertex 14.5872 11.5801 14
      vertex 14.6033 11.5625 14
      vertex 14.6107 11.5943 14
    endloop
  endfacet
  facet normal -0 0 1
    outer loop
      vertex 14.5808 11.6075 14
      vertex 14.6107 11.5943 14
      vertex 14.6194 11.6293 14
    endloop
  endfacet
  facet normal -0 0 1
    outer loop
      vertex 14.5734 11.6378 14
      vertex 14.6194 11.6293 14
      vertex 14.6295 11.6673 14
    endloop
  endfacet
  facet normal -0 0 1
    outer loop
      vertex 14.5651 11.6708 14
      vertex 14.6295 11.6673 14
      vertex 14.6408 11.7085 14
    endloop
  endfacet
  facet normal -0 0 1
    outer loop
      vertex 14.5456 11.7454 14
      vertex 14.6408 11.7085 14
      vertex 14.6535 11.7528 14
    endloop
  endfacet
  facet normal -0 0 1
    outer loop
      vertex 14.5345 11.7869 14
      vertex 14.6535 11.7528 14
      vertex 14.6675 11.8003 14
    endloop
  endfacet
  facet normal -0 0 1
    outer loop
      vertex 14.5224 11.8313 14
      vertex 14.6675 11.8003 14
      vertex 14.6828 11.8508 14
    endloop
  endfacet
  facet normal 0 0 1
    outer loop
      vertex 14.6033 11.5625 14
      vertex 14.5872 11.5801 14
      vertex 14.5927 11.5555 14
    endloop
  endfacet
  facet normal -0 0 1
    outer loop
      vertex 14.5098 11.8768 14
      vertex 14.6828 11.8508 14
      vertex 14.6994 11.9046 14
    endloop
  endfacet
  facet normal -0 0 1
    outer loop
      vertex 14.4971 11.9216 14
      vertex 14.6994 11.9046 14
      vertex 14.7161 11.9575 14
    endloop
  endfacet
  facet normal -0 0 1
    outer loop
      vertex 14.4843 11.9657 14
      vertex 14.7161 11.9575 14
      vertex 14.7315 12.006 14
    endloop
  endfacet
  facet normal -0 0 1
    outer loop
      vertex 14.4714 12.0093 14
      vertex 14.7315 12.006 14
      vertex 14.7457 12.0499 14
    endloop
  endfacet
  facet normal -0 0 1
    outer loop
      vertex 14.4583 12.0522 14
      vertex 14.7457 12.0499 14
      vertex 14.7587 12.0892 14
    endloop
  endfacet
  facet normal -0 0 1
    outer loop
      vertex 14.4451 12.0944 14
      vertex 14.7587 12.0892 14
      vertex 14.7704 12.1239 14
    endloop
  endfacet
  facet normal 0 0 1
    outer loop
      vertex 14.6107 11.5943 14
      vertex 14.5808 11.6075 14
      vertex 14.5872 11.5801 14
    endloop
  endfacet
  facet normal -0 0 1
    outer loop
      vertex 14.4319 12.136 14
      vertex 14.7704 12.1239 14
      vertex 14.7808 12.1541 14
    endloop
  endfacet
  facet normal -0 0 1
    outer loop
      vertex 14.4185 12.177 14
      vertex 14.7808 12.1541 14
      vertex 14.79 12.1797 14
    endloop
  endfacet
  facet normal 0 0 1
    outer loop
      vertex 14.6194 11.6293 14
      vertex 14.5734 11.6378 14
      vertex 14.5808 11.6075 14
    endloop
  endfacet
  facet normal 0 0 1
    outer loop
      vertex 14.798 12.2008 14
      vertex 14.405 12.2173 14
      vertex 14.79 12.1797 14
    endloop
  endfacet
  facet normal 0 0 1
    outer loop
      vertex 14.6295 11.6673 14
      vertex 14.5651 11.6708 14
      vertex 14.5734 11.6378 14
    endloop
  endfacet
  facet normal 0 0 1
    outer loop
      vertex 14.6408 11.7085 14
      vertex 14.5558 11.7067 14
      vertex 14.5651 11.6708 14
    endloop
  endfacet
  facet normal 0 0 1
    outer loop
      vertex 14.6408 11.7085 14
      vertex 14.5456 11.7454 14
      vertex 14.5558 11.7067 14
    endloop
  endfacet
  facet normal 0 0 1
    outer loop
      vertex 14.6535 11.7528 14
      vertex 14.5345 11.7869 14
      vertex 14.5456 11.7454 14
    endloop
  endfacet
  facet normal 0 0 1
    outer loop
      vertex 14.6675 11.8003 14
      vertex 14.5224 11.8313 14
      vertex 14.5345 11.7869 14
    endloop
  endfacet
  facet normal 0 0 1
    outer loop
      vertex 14.6828 11.8508 14
      vertex 14.5098 11.8768 14
      vertex 14.5224 11.8313 14
    endloop
  endfacet
  facet normal 0 0 1
    outer loop
      vertex 14.6994 11.9046 14
      vertex 14.4971 11.9216 14
      vertex 14.5098 11.8768 14
    endloop
  endfacet
  facet normal 0 0 1
    outer loop
      vertex 14.7161 11.9575 14
      vertex 14.4843 11.9657 14
      vertex 14.4971 11.9216 14
    endloop
  endfacet
  facet normal 0 0 1
    outer loop
      vertex 14.7315 12.006 14
      vertex 14.4714 12.0093 14
      vertex 14.4843 11.9657 14
    endloop
  endfacet
  facet normal 0 0 1
    outer loop
      vertex 14.7457 12.0499 14
      vertex 14.4583 12.0522 14
      vertex 14.4714 12.0093 14
    endloop
  endfacet
  facet normal 0 0 1
    outer loop
      vertex 14.7587 12.0892 14
      vertex 14.4451 12.0944 14
      vertex 14.4583 12.0522 14
    endloop
  endfacet
  facet normal 0 0 1
    outer loop
      vertex 14.7704 12.1239 14
      vertex 14.4319 12.136 14
      vertex 14.4451 12.0944 14
    endloop
  endfacet
  facet normal 0 0 1
    outer loop
      vertex 14.7808 12.1541 14
      vertex 14.4185 12.177 14
      vertex 14.4319 12.136 14
    endloop
  endfacet
  facet normal 0 0 1
    outer loop
      vertex 14.79 12.1797 14
      vertex 14.405 12.2173 14
      vertex 14.4185 12.177 14
    endloop
  endfacet
  facet normal 0 0 1
    outer loop
      vertex 15.9277 15.1987 14
      vertex 13.2606 15.1987 14
      vertex 14.405 12.2173 14
    endloop
  endfacet
  facet normal 0 0 1
    outer loop
      vertex 23.5 18 14
      vertex 13.2606 15.1987 14
      vertex 15.9277 15.1987 14
    endloop
  endfacet
  facet normal 0 0 1
    outer loop
      vertex 23.5 18 14
      vertex 12.4947 15.1987 14
      vertex 13.2606 15.1987 14
    endloop
  endfacet
  facet normal 0 0 1
    outer loop
      vertex 12.4947 15.1987 14
      vertex 10.1009 13.0687 14
      vertex 12.4947 10.8991 14
    endloop
  endfacet
  facet normal 0 0 1
    outer loop
      vertex 12.4947 15.1987 14
      vertex 10.0977 13.217 14
      vertex 10.1009 13.0687 14
    endloop
  endfacet
  facet normal 0 0 1
    outer loop
      vertex 12.4947 15.1987 14
      vertex 10.0883 13.3609 14
      vertex 10.0977 13.217 14
    endloop
  endfacet
  facet normal 0 0 1
    outer loop
      vertex 12.4947 15.1987 14
      vertex 10.0726 13.5004 14
      vertex 10.0883 13.3609 14
    endloop
  endfacet
  facet normal 0 0 1
    outer loop
      vertex 12.4947 15.1987 14
      vertex 10.0505 13.6353 14
      vertex 10.0726 13.5004 14
    endloop
  endfacet
  facet normal 0 0 1
    outer loop
      vertex 12.4947 15.1987 14
      vertex 10.0222 13.7659 14
      vertex 10.0505 13.6353 14
    endloop
  endfacet
  facet normal 0 0 1
    outer loop
      vertex 12.4947 15.1987 14
      vertex 9.98761 13.892 14
      vertex 10.0222 13.7659 14
    endloop
  endfacet
  facet normal 0 0 1
    outer loop
      vertex 12.4947 15.1987 14
      vertex 9.94672 14.0136 14
      vertex 9.98761 13.892 14
    endloop
  endfacet
  facet normal 0 0 1
    outer loop
      vertex 12.4947 15.1987 14
      vertex 9.89952 14.1308 14
      vertex 9.94672 14.0136 14
    endloop
  endfacet
  facet normal 0 0 1
    outer loop
      vertex 12.4947 15.1987 14
      vertex 9.84604 14.2435 14
      vertex 9.89952 14.1308 14
    endloop
  endfacet
  facet normal 0 0 1
    outer loop
      vertex 12.4947 15.1987 14
      vertex 9.78661 14.3512 14
      vertex 9.84604 14.2435 14
    endloop
  endfacet
  facet normal 0 0 1
    outer loop
      vertex 12.4947 15.1987 14
      vertex 9.72157 14.4529 14
      vertex 9.78661 14.3512 14
    endloop
  endfacet
  facet normal 0 0 1
    outer loop
      vertex 12.4947 15.1987 14
      vertex 9.65091 14.5489 14
      vertex 9.72157 14.4529 14
    endloop
  endfacet
  facet normal -0 0 1
    outer loop
      vertex 8.25388 15.2499 14
      vertex 12.4947 15.1987 14
      vertex 23.5 18 14
    endloop
  endfacet
  facet normal 0 0 1
    outer loop
      vertex 12.4947 15.1987 14
      vertex 9.57465 14.639 14
      vertex 9.65091 14.5489 14
    endloop
  endfacet
  facet normal 0 0 1
    outer loop
      vertex 12.4947 15.1987 14
      vertex 9.49275 14.7233 14
      vertex 9.57465 14.639 14
    endloop
  endfacet
  facet normal 0 0 1
    outer loop
      vertex 12.4947 15.1987 14
      vertex 9.40526 14.8017 14
      vertex 9.49275 14.7233 14
    endloop
  endfacet
  facet normal 0 0 1
    outer loop
      vertex 12.4947 15.1987 14
      vertex 9.31215 14.8743 14
      vertex 9.40526 14.8017 14
    endloop
  endfacet
  facet normal 0 0 1
    outer loop
      vertex 12.4947 15.1987 14
      vertex 9.21341 14.941 14
      vertex 9.31215 14.8743 14
    endloop
  endfacet
  facet normal 0 0 1
    outer loop
      vertex 12.4947 15.1987 14
      vertex 9.10907 15.0019 14
      vertex 9.21341 14.941 14
    endloop
  endfacet
  facet normal 0 0 1
    outer loop
      vertex 12.4947 15.1987 14
      vertex 8.99979 15.0566 14
      vertex 9.10907 15.0019 14
    endloop
  endfacet
  facet normal 0 0 1
    outer loop
      vertex 12.4947 15.1987 14
      vertex 8.8862 15.105 14
      vertex 8.99979 15.0566 14
    endloop
  endfacet
  facet normal 0 0 1
    outer loop
      vertex 12.4947 15.1987 14
      vertex 8.76833 15.1468 14
      vertex 8.8862 15.105 14
    endloop
  endfacet
  facet normal 0 0 1
    outer loop
      vertex 12.4947 15.1987 14
      vertex 8.64615 15.1823 14
      vertex 8.76833 15.1468 14
    endloop
  endfacet
  facet normal 0 0 1
    outer loop
      vertex 12.4947 15.1987 14
      vertex 8.51968 15.2113 14
      vertex 8.64615 15.1823 14
    endloop
  endfacet
  facet normal 0 0 1
    outer loop
      vertex 12.4947 15.1987 14
      vertex 8.38893 15.2338 14
      vertex 8.51968 15.2113 14
    endloop
  endfacet
  facet normal 0 0 1
    outer loop
      vertex 12.4947 15.1987 14
      vertex 8.25388 15.2499 14
      vertex 8.38893 15.2338 14
    endloop
  endfacet
  facet normal 0 0 1
    outer loop
      vertex 23.5 18 14
      vertex 8.11453 15.2596 14
      vertex 8.25388 15.2499 14
    endloop
  endfacet
  facet normal 0 0 1
    outer loop
      vertex 23.5 18 14
      vertex 7.97089 15.2628 14
      vertex 8.11453 15.2596 14
    endloop
  endfacet
  facet normal 0 0 1
    outer loop
      vertex 23.5 18 14
      vertex 7.75256 15.2556 14
      vertex 7.97089 15.2628 14
    endloop
  endfacet
  facet normal 0 0 1
    outer loop
      vertex 5.59482 15.1987 14
      vertex 7.75256 15.2556 14
      vertex 23.5 18 14
    endloop
  endfacet
  facet normal 0 0 1
    outer loop
      vertex 5.89751 13.7063 14
      vertex 4.11787 14.7227 14
      vertex 5.86266 13.5049 14
    endloop
  endfacet
  facet normal -0 0 1
    outer loop
      vertex 4.11787 14.7227 14
      vertex 5.89751 13.7063 14
      vertex 5.59482 14.7227 14
    endloop
  endfacet
  facet normal 0 0 1
    outer loop
      vertex 5.94629 13.8966 14
      vertex 5.59482 14.7227 14
      vertex 5.89751 13.7063 14
    endloop
  endfacet
  facet normal 0 0 1
    outer loop
      vertex 6.00902 14.0758 14
      vertex 5.59482 14.7227 14
      vertex 5.94629 13.8966 14
    endloop
  endfacet
  facet normal 0 0 1
    outer loop
      vertex 6.08568 14.2439 14
      vertex 5.59482 14.7227 14
      vertex 6.00902 14.0758 14
    endloop
  endfacet
  facet normal 0 0 1
    outer loop
      vertex 6.17628 14.4008 14
      vertex 5.59482 14.7227 14
      vertex 6.08568 14.2439 14
    endloop
  endfacet
  facet normal 0 0 1
    outer loop
      vertex 6.28082 14.5467 14
      vertex 5.59482 14.7227 14
      vertex 6.17628 14.4008 14
    endloop
  endfacet
  facet normal 0 0 1
    outer loop
      vertex 6.39931 14.6814 14
      vertex 5.59482 14.7227 14
      vertex 6.28082 14.5467 14
    endloop
  endfacet
  facet normal -0 0 1
    outer loop
      vertex 5.59482 14.7227 14
      vertex 6.39931 14.6814 14
      vertex 5.59482 15.1987 14
    endloop
  endfacet
  facet normal 0 0 1
    outer loop
      vertex 6.53021 14.8035 14
      vertex 5.59482 15.1987 14
      vertex 6.39931 14.6814 14
    endloop
  endfacet
  facet normal 0 0 1
    outer loop
      vertex 6.67206 14.9111 14
      vertex 5.59482 15.1987 14
      vertex 6.53021 14.8035 14
    endloop
  endfacet
  facet normal 0 0 1
    outer loop
      vertex 6.82483 15.0044 14
      vertex 5.59482 15.1987 14
      vertex 6.67206 14.9111 14
    endloop
  endfacet
  facet normal 0 0 1
    outer loop
      vertex 6.98853 15.0834 14
      vertex 5.59482 15.1987 14
      vertex 6.82483 15.0044 14
    endloop
  endfacet
  facet normal 0 0 1
    outer loop
      vertex 7.16315 15.148 14
      vertex 5.59482 15.1987 14
      vertex 6.98853 15.0834 14
    endloop
  endfacet
  facet normal 0 0 1
    outer loop
      vertex 7.34869 15.1982 14
      vertex 5.59482 15.1987 14
      vertex 7.16315 15.148 14
    endloop
  endfacet
  facet normal 0 0 1
    outer loop
      vertex 7.54517 15.2341 14
      vertex 5.59482 15.1987 14
      vertex 7.34869 15.1982 14
    endloop
  endfacet
  facet normal 0 0 1
    outer loop
      vertex 7.75256 15.2556 14
      vertex 5.59482 15.1987 14
      vertex 7.54517 15.2341 14
    endloop
  endfacet
  facet normal 0 0 1
    outer loop
      vertex 23.5 18 14
      vertex 2.06111 15.1987 14
      vertex 5.59482 15.1987 14
    endloop
  endfacet
  facet normal -0 0 1
    outer loop
      vertex 1.62453 15.1987 14
      vertex 2.06111 14.7227 14
      vertex 2.06111 15.1987 14
    endloop
  endfacet
  facet normal 0 0 1
    outer loop
      vertex 1.62453 14.7227 14
      vertex 2.06111 14.7227 14
      vertex 1.62453 15.1987 14
    endloop
  endfacet
  facet normal 0 0 1
    outer loop
      vertex 23.5 18 14
      vertex 1.62453 15.1987 14
      vertex 2.06111 15.1987 14
    endloop
  endfacet
  facet normal 0 0 1
    outer loop
      vertex 23.5 18 14
      vertex -1.63756 15.1987 14
      vertex 1.62453 15.1987 14
    endloop
  endfacet
  facet normal 0 0 1
    outer loop
      vertex -1.63756 15.1987 14
      vertex -2.55435 15.1987 14
      vertex -1.63756 10.8991 14
    endloop
  endfacet
  facet normal -0 0 1
    outer loop
      vertex -23.5 18 14
      vertex -1.63756 15.1987 14
      vertex 23.5 18 14
    endloop
  endfacet
  facet normal 0 0 1
    outer loop
      vertex -1.63756 15.1987 14
      vertex -23.5 18 14
      vertex -2.55435 15.1987 14
    endloop
  endfacet
  facet normal 0 0 1
    outer loop
      vertex -3.07922 15.1987 14
      vertex -5.36787 15.1987 14
      vertex -3.07922 12.3791 14
    endloop
  endfacet
  facet normal 0 0 1
    outer loop
      vertex -2.55435 15.1987 14
      vertex -23.5 18 14
      vertex -3.07922 15.1987 14
    endloop
  endfacet
  facet normal 0 0 1
    outer loop
      vertex -3.07922 15.1987 14
      vertex -23.5 18 14
      vertex -5.36787 15.1987 14
    endloop
  endfacet
  facet normal 0 0 1
    outer loop
      vertex -6.0453 15.1987 14
      vertex -6.91124 13.0504 14
      vertex -6.0453 10.8991 14
    endloop
  endfacet
  facet normal 0 0 1
    outer loop
      vertex -6.0453 15.1987 14
      vertex -7.00583 14.2497 14
      vertex -6.91124 13.0504 14
    endloop
  endfacet
  facet normal 0 0 1
    outer loop
      vertex -6.0453 15.1987 14
      vertex -7.06194 14.3641 14
      vertex -7.00583 14.2497 14
    endloop
  endfacet
  facet normal 0 0 1
    outer loop
      vertex -6.0453 15.1987 14
      vertex -7.12308 14.4713 14
      vertex -7.06194 14.3641 14
    endloop
  endfacet
  facet normal 0 0 1
    outer loop
      vertex -6.0453 15.1987 14
      vertex -7.18927 14.5715 14
      vertex -7.12308 14.4713 14
    endloop
  endfacet
  facet normal 0 0 1
    outer loop
      vertex -6.0453 15.1987 14
      vertex -7.26051 14.6644 14
      vertex -7.18927 14.5715 14
    endloop
  endfacet
  facet normal 0 0 1
    outer loop
      vertex -6.0453 15.1987 14
      vertex -7.33679 14.7502 14
      vertex -7.26051 14.6644 14
    endloop
  endfacet
  facet normal 0 0 1
    outer loop
      vertex -6.0453 15.1987 14
      vertex -7.41814 14.8288 14
      vertex -7.33679 14.7502 14
    endloop
  endfacet
  facet normal 0 0 1
    outer loop
      vertex -6.0453 15.1987 14
      vertex -7.50452 14.9003 14
      vertex -7.41814 14.8288 14
    endloop
  endfacet
  facet normal 0 0 1
    outer loop
      vertex -6.0453 15.1987 14
      vertex -7.59596 14.9646 14
      vertex -7.50452 14.9003 14
    endloop
  endfacet
  facet normal 0 0 1
    outer loop
      vertex -6.0453 15.1987 14
      vertex -7.69244 15.0217 14
      vertex -7.59596 14.9646 14
    endloop
  endfacet
  facet normal 0 0 1
    outer loop
      vertex -6.0453 15.1987 14
      vertex -7.79477 15.0723 14
      vertex -7.69244 15.0217 14
    endloop
  endfacet
  facet normal 0 0 1
    outer loop
      vertex -5.36787 15.1987 14
      vertex -23.5 18 14
      vertex -6.0453 15.1987 14
    endloop
  endfacet
  facet normal 0 0 1
    outer loop
      vertex -6.0453 15.1987 14
      vertex -7.90373 15.117 14
      vertex -7.79477 15.0723 14
    endloop
  endfacet
  facet normal 0 0 1
    outer loop
      vertex -6.0453 15.1987 14
      vertex -8.01932 15.1557 14
      vertex -7.90373 15.117 14
    endloop
  endfacet
  facet normal 0 0 1
    outer loop
      vertex -6.0453 15.1987 14
      vertex -8.14153 15.1884 14
      vertex -8.01932 15.1557 14
    endloop
  endfacet
  facet normal 0 0 1
    outer loop
      vertex -6.0453 15.1987 14
      vertex -8.27037 15.2152 14
      vertex -8.14153 15.1884 14
    endloop
  endfacet
  facet normal 0 0 1
    outer loop
      vertex -6.0453 15.1987 14
      vertex -8.40584 15.236 14
      vertex -8.27037 15.2152 14
    endloop
  endfacet
  facet normal 0 0 1
    outer loop
      vertex -6.0453 15.1987 14
      vertex -8.54794 15.2509 14
      vertex -8.40584 15.236 14
    endloop
  endfacet
  facet normal -0 -0 1
    outer loop
      vertex -8.69669 15.2598 14
      vertex -6.0453 15.1987 14
      vertex -23.5 18 14
    endloop
  endfacet
  facet normal 0 0 1
    outer loop
      vertex -6.0453 15.1987 14
      vertex -8.69669 15.2598 14
      vertex -8.54794 15.2509 14
    endloop
  endfacet
  facet normal 0 0 1
    outer loop
      vertex -8.69669 15.2598 14
      vertex -23.5 18 14
      vertex -8.85205 15.2628 14
    endloop
  endfacet
  facet normal 0 0 1
    outer loop
      vertex -12.9474 15.1987 14
      vertex -10.9912 13.0687 14
      vertex -10.9842 13.2955 14
    endloop
  endfacet
  facet normal 0 0 1
    outer loop
      vertex -12.9474 15.1987 14
      vertex -10.9842 13.2955 14
      vertex -10.9634 13.5106 14
    endloop
  endfacet
  facet normal 0 0 1
    outer loop
      vertex -10.9912 13.0687 14
      vertex -12.9474 15.1987 14
      vertex -11.2203 10.8991 14
    endloop
  endfacet
  facet normal 0 0 1
    outer loop
      vertex -10.9288 13.7139 14
      vertex -12.9474 15.1987 14
      vertex -10.9634 13.5106 14
    endloop
  endfacet
  facet normal 0 0 1
    outer loop
      vertex -10.8803 13.9057 14
      vertex -12.9474 15.1987 14
      vertex -10.9288 13.7139 14
    endloop
  endfacet
  facet normal 0 0 1
    outer loop
      vertex -10.8179 14.0857 14
      vertex -12.9474 15.1987 14
      vertex -10.8803 13.9057 14
    endloop
  endfacet
  facet normal 0 0 1
    outer loop
      vertex -10.7416 14.2541 14
      vertex -12.9474 15.1987 14
      vertex -10.8179 14.0857 14
    endloop
  endfacet
  facet normal 0 0 1
    outer loop
      vertex -10.6515 14.4108 14
      vertex -12.9474 15.1987 14
      vertex -10.7416 14.2541 14
    endloop
  endfacet
  facet normal 0 0 1
    outer loop
      vertex -10.5475 14.5558 14
      vertex -12.9474 15.1987 14
      vertex -10.6515 14.4108 14
    endloop
  endfacet
  facet normal 0 0 1
    outer loop
      vertex -10.4297 14.6891 14
      vertex -12.9474 15.1987 14
      vertex -10.5475 14.5558 14
    endloop
  endfacet
  facet normal 0 0 1
    outer loop
      vertex -10.2993 14.8095 14
      vertex -12.9474 15.1987 14
      vertex -10.4297 14.6891 14
    endloop
  endfacet
  facet normal 0 0 1
    outer loop
      vertex -10.1577 14.9157 14
      vertex -12.9474 15.1987 14
      vertex -10.2993 14.8095 14
    endloop
  endfacet
  facet normal 0 0 1
    outer loop
      vertex -10.0049 15.0078 14
      vertex -12.9474 15.1987 14
      vertex -10.1577 14.9157 14
    endloop
  endfacet
  facet normal 0 0 1
    outer loop
      vertex -9.84077 15.0857 14
      vertex -12.9474 15.1987 14
      vertex -10.0049 15.0078 14
    endloop
  endfacet
  facet normal 0 0 1
    outer loop
      vertex -9.66548 15.1495 14
      vertex -12.9474 15.1987 14
      vertex -9.84077 15.0857 14
    endloop
  endfacet
  facet normal 0 0 1
    outer loop
      vertex -9.47896 15.1991 14
      vertex -12.9474 15.1987 14
      vertex -9.66548 15.1495 14
    endloop
  endfacet
  facet normal 0 0 1
    outer loop
      vertex -9.28122 15.2345 14
      vertex -12.9474 15.1987 14
      vertex -9.47896 15.1991 14
    endloop
  endfacet
  facet normal 0 0 1
    outer loop
      vertex -9.07225 15.2557 14
      vertex -12.9474 15.1987 14
      vertex -9.28122 15.2345 14
    endloop
  endfacet
  facet normal 0 0 1
    outer loop
      vertex -8.85205 15.2628 14
      vertex -23.5 18 14
      vertex -9.07225 15.2557 14
    endloop
  endfacet
  facet normal 0 0 1
    outer loop
      vertex -9.07225 15.2557 14
      vertex -23.5 18 14
      vertex -12.9474 15.1987 14
    endloop
  endfacet
  facet normal 0 0 1
    outer loop
      vertex -13.6097 15.1987 14
      vertex -15.7675 15.1987 14
      vertex -15.3643 10.8991 14
    endloop
  endfacet
  facet normal 0 0 1
    outer loop
      vertex -12.9474 15.1987 14
      vertex -23.5 18 14
      vertex -13.6097 15.1987 14
    endloop
  endfacet
  facet normal 0 0 1
    outer loop
      vertex -13.6097 15.1987 14
      vertex -23.5 18 14
      vertex -15.7675 15.1987 14
    endloop
  endfacet
  facet normal 0 0 1
    outer loop
      vertex -18.0379 12.2173 14
      vertex -17.6381 12.2173 14
      vertex -16.5151 15.1987 14
    endloop
  endfacet
  facet normal 0 0 1
    outer loop
      vertex -17.6381 12.2173 14
      vertex -18.0379 12.2173 14
      vertex -17.6448 12.2008 14
    endloop
  endfacet
  facet normal 0 0 1
    outer loop
      vertex -17.8395 11.5625 14
      vertex -17.8502 11.5555 14
      vertex -17.8456 11.5338 14
    endloop
  endfacet
  facet normal -0 0 1
    outer loop
      vertex -17.8557 11.5801 14
      vertex -17.8395 11.5625 14
      vertex -17.8321 11.5943 14
    endloop
  endfacet
  facet normal -0 0 1
    outer loop
      vertex -17.8621 11.6075 14
      vertex -17.8321 11.5943 14
      vertex -17.8234 11.6293 14
    endloop
  endfacet
  facet normal -0 0 1
    outer loop
      vertex -17.8694 11.6378 14
      vertex -17.8234 11.6293 14
      vertex -17.8134 11.6673 14
    endloop
  endfacet
  facet normal -0 0 1
    outer loop
      vertex -17.8777 11.6708 14
      vertex -17.8134 11.6673 14
      vertex -17.802 11.7085 14
    endloop
  endfacet
  facet normal -0 0 1
    outer loop
      vertex -17.8972 11.7454 14
      vertex -17.802 11.7085 14
      vertex -17.7893 11.7528 14
    endloop
  endfacet
  facet normal -0 0 1
    outer loop
      vertex -17.9083 11.7869 14
      vertex -17.7893 11.7528 14
      vertex -17.7753 11.8003 14
    endloop
  endfacet
  facet normal -0 0 1
    outer loop
      vertex -17.9204 11.8313 14
      vertex -17.7753 11.8003 14
      vertex -17.76 11.8508 14
    endloop
  endfacet
  facet normal 0 0 1
    outer loop
      vertex -17.8395 11.5625 14
      vertex -17.8557 11.5801 14
      vertex -17.8502 11.5555 14
    endloop
  endfacet
  facet normal -0 0 1
    outer loop
      vertex -17.933 11.8768 14
      vertex -17.76 11.8508 14
      vertex -17.7434 11.9046 14
    endloop
  endfacet
  facet normal -0 0 1
    outer loop
      vertex -17.9457 11.9216 14
      vertex -17.7434 11.9046 14
      vertex -17.7267 11.9575 14
    endloop
  endfacet
  facet normal -0 0 1
    outer loop
      vertex -17.9585 11.9657 14
      vertex -17.7267 11.9575 14
      vertex -17.7113 12.006 14
    endloop
  endfacet
  facet normal -0 0 1
    outer loop
      vertex -17.9715 12.0093 14
      vertex -17.7113 12.006 14
      vertex -17.6971 12.0499 14
    endloop
  endfacet
  facet normal -0 0 1
    outer loop
      vertex -17.9845 12.0522 14
      vertex -17.6971 12.0499 14
      vertex -17.6842 12.0892 14
    endloop
  endfacet
  facet normal -0 0 1
    outer loop
      vertex -17.9977 12.0944 14
      vertex -17.6842 12.0892 14
      vertex -17.6725 12.1239 14
    endloop
  endfacet
  facet normal 0 0 1
    outer loop
      vertex -17.8321 11.5943 14
      vertex -17.8621 11.6075 14
      vertex -17.8557 11.5801 14
    endloop
  endfacet
  facet normal -0 0 1
    outer loop
      vertex -18.011 12.136 14
      vertex -17.6725 12.1239 14
      vertex -17.662 12.1541 14
    endloop
  endfacet
  facet normal -0 0 1
    outer loop
      vertex -18.0244 12.177 14
      vertex -17.662 12.1541 14
      vertex -17.6528 12.1797 14
    endloop
  endfacet
  facet normal 0 0 1
    outer loop
      vertex -17.8234 11.6293 14
      vertex -17.8694 11.6378 14
      vertex -17.8621 11.6075 14
    endloop
  endfacet
  facet normal 0 0 1
    outer loop
      vertex -17.6448 12.2008 14
      vertex -18.0379 12.2173 14
      vertex -17.6528 12.1797 14
    endloop
  endfacet
  facet normal 0 0 1
    outer loop
      vertex -17.8134 11.6673 14
      vertex -17.8777 11.6708 14
      vertex -17.8694 11.6378 14
    endloop
  endfacet
  facet normal 0 0 1
    outer loop
      vertex -17.802 11.7085 14
      vertex -17.887 11.7067 14
      vertex -17.8777 11.6708 14
    endloop
  endfacet
  facet normal 0 0 1
    outer loop
      vertex -17.802 11.7085 14
      vertex -17.8972 11.7454 14
      vertex -17.887 11.7067 14
    endloop
  endfacet
  facet normal 0 0 1
    outer loop
      vertex -17.7893 11.7528 14
      vertex -17.9083 11.7869 14
      vertex -17.8972 11.7454 14
    endloop
  endfacet
  facet normal 0 0 1
    outer loop
      vertex -17.7753 11.8003 14
      vertex -17.9204 11.8313 14
      vertex -17.9083 11.7869 14
    endloop
  endfacet
  facet normal 0 0 1
    outer loop
      vertex -17.76 11.8508 14
      vertex -17.933 11.8768 14
      vertex -17.9204 11.8313 14
    endloop
  endfacet
  facet normal 0 0 1
    outer loop
      vertex -17.7434 11.9046 14
      vertex -17.9457 11.9216 14
      vertex -17.933 11.8768 14
    endloop
  endfacet
  facet normal 0 0 1
    outer loop
      vertex -17.7267 11.9575 14
      vertex -17.9585 11.9657 14
      vertex -17.9457 11.9216 14
    endloop
  endfacet
  facet normal 0 0 1
    outer loop
      vertex -17.7113 12.006 14
      vertex -17.9715 12.0093 14
      vertex -17.9585 11.9657 14
    endloop
  endfacet
  facet normal 0 0 1
    outer loop
      vertex -17.6971 12.0499 14
      vertex -17.9845 12.0522 14
      vertex -17.9715 12.0093 14
    endloop
  endfacet
  facet normal 0 0 1
    outer loop
      vertex -17.6842 12.0892 14
      vertex -17.9977 12.0944 14
      vertex -17.9845 12.0522 14
    endloop
  endfacet
  facet normal 0 0 1
    outer loop
      vertex -17.6725 12.1239 14
      vertex -18.011 12.136 14
      vertex -17.9977 12.0944 14
    endloop
  endfacet
  facet normal 0 0 1
    outer loop
      vertex -17.662 12.1541 14
      vertex -18.0244 12.177 14
      vertex -18.011 12.136 14
    endloop
  endfacet
  facet normal 0 0 1
    outer loop
      vertex -17.6528 12.1797 14
      vertex -18.0379 12.2173 14
      vertex -18.0244 12.177 14
    endloop
  endfacet
  facet normal 0 0 1
    outer loop
      vertex -16.5151 15.1987 14
      vertex -19.1822 15.1987 14
      vertex -18.0379 12.2173 14
    endloop
  endfacet
  facet normal 0 0 1
    outer loop
      vertex -15.7675 15.1987 14
      vertex -23.5 18 14
      vertex -16.5151 15.1987 14
    endloop
  endfacet
  facet normal 0 0 1
    outer loop
      vertex -16.5151 15.1987 14
      vertex -23.5 18 14
      vertex -19.1822 15.1987 14
    endloop
  endfacet
  facet normal 0 0 1
    outer loop
      vertex -19.9481 15.1987 14
      vertex -20.0101 14.352 14
      vertex -19.9481 14.3149 14
    endloop
  endfacet
  facet normal 0 0 1
    outer loop
      vertex -19.9481 15.1987 14
      vertex -20.1964 14.4401 14
      vertex -20.0101 14.352 14
    endloop
  endfacet
  facet normal 0 0 1
    outer loop
      vertex -19.9481 15.1987 14
      vertex -20.3904 14.5096 14
      vertex -20.1964 14.4401 14
    endloop
  endfacet
  facet normal 0 0 1
    outer loop
      vertex -19.9481 15.1987 14
      vertex -20.5903 14.5596 14
      vertex -20.3904 14.5096 14
    endloop
  endfacet
  facet normal 0 0 1
    outer loop
      vertex -19.9481 15.1987 14
      vertex -20.7942 14.5899 14
      vertex -20.5903 14.5596 14
    endloop
  endfacet
  facet normal 0 0 1
    outer loop
      vertex -19.9481 15.1987 14
      vertex -21 14.6 14
      vertex -20.7942 14.5899 14
    endloop
  endfacet
  facet normal 0 0 1
    outer loop
      vertex -19.9481 15.1987 14
      vertex -21.2058 14.5899 14
      vertex -21 14.6 14
    endloop
  endfacet
  facet normal 0 0 1
    outer loop
      vertex -23.5 18 14
      vertex -21.2058 14.5899 14
      vertex -19.9481 15.1987 14
    endloop
  endfacet
  facet normal 0 0 1
    outer loop
      vertex -21.2058 14.5899 14
      vertex -23.5 18 14
      vertex -21.4097 14.5596 14
    endloop
  endfacet
  facet normal 0 0 1
    outer loop
      vertex -21.4097 14.5596 14
      vertex -23.5 18 14
      vertex -21.6096 14.5096 14
    endloop
  endfacet
  facet normal -0 0 1
    outer loop
      vertex -26.3284 16.8284 14
      vertex -22.6233 13.8322 14
      vertex -26.0376 17.092 14
    endloop
  endfacet
  facet normal -0 0 1
    outer loop
      vertex -26.0376 17.092 14
      vertex -22.6233 13.8322 14
      vertex -25.7223 17.3259 14
    endloop
  endfacet
  facet normal -0 0 1
    outer loop
      vertex -25.7223 17.3259 14
      vertex -22.6233 13.8322 14
      vertex -25.3856 17.5277 14
    endloop
  endfacet
  facet normal 0 0 1
    outer loop
      vertex -22.4849 13.9849 14
      vertex -25.3856 17.5277 14
      vertex -22.6233 13.8322 14
    endloop
  endfacet
  facet normal -0 0 1
    outer loop
      vertex -25.3856 17.5277 14
      vertex -22.4849 13.9849 14
      vertex -25.0307 17.6955 14
    endloop
  endfacet
  facet normal -0 0 1
    outer loop
      vertex -25.0307 17.6955 14
      vertex -22.4849 13.9849 14
      vertex -24.6611 17.8278 14
    endloop
  endfacet
  facet normal -0 0 1
    outer loop
      vertex -24.6611 17.8278 14
      vertex -22.4849 13.9849 14
      vertex -24.2804 17.9231 14
    endloop
  endfacet
  facet normal 0 0 1
    outer loop
      vertex -22.3322 14.1233 14
      vertex -24.2804 17.9231 14
      vertex -22.4849 13.9849 14
    endloop
  endfacet
  facet normal -0 0 1
    outer loop
      vertex -24.2804 17.9231 14
      vertex -22.3322 14.1233 14
      vertex -23.8921 17.9807 14
    endloop
  endfacet
  facet normal -0 0 1
    outer loop
      vertex -23.8921 17.9807 14
      vertex -22.3322 14.1233 14
      vertex -23.5 18 14
    endloop
  endfacet
  facet normal 0 0 1
    outer loop
      vertex -22.1667 14.2461 14
      vertex -23.5 18 14
      vertex -22.3322 14.1233 14
    endloop
  endfacet
  facet normal 0 0 1
    outer loop
      vertex -21.9899 14.352 14
      vertex -23.5 18 14
      vertex -22.1667 14.2461 14
    endloop
  endfacet
  facet normal 0 0 1
    outer loop
      vertex -21.8036 14.4401 14
      vertex -23.5 18 14
      vertex -21.9899 14.352 14
    endloop
  endfacet
  facet normal 0 0 1
    outer loop
      vertex -21.6096 14.5096 14
      vertex -23.5 18 14
      vertex -21.8036 14.4401 14
    endloop
  endfacet
  facet normal 0 0 1
    outer loop
      vertex -19.1822 15.1987 14
      vertex -23.5 18 14
      vertex -19.9481 15.1987 14
    endloop
  endfacet
  facet normal 0 0 1
    outer loop
      vertex 26.3284 -16.8284 14
      vertex 22.6233 -13.8322 14
      vertex 26.0376 -17.092 14
    endloop
  endfacet
  facet normal 0 0 1
    outer loop
      vertex 26.0376 -17.092 14
      vertex 22.6233 -13.8322 14
      vertex 25.7223 -17.3259 14
    endloop
  endfacet
  facet normal 0 0 1
    outer loop
      vertex 25.7223 -17.3259 14
      vertex 22.6233 -13.8322 14
      vertex 25.3856 -17.5277 14
    endloop
  endfacet
  facet normal -0 0 1
    outer loop
      vertex 22.4849 -13.9849 14
      vertex 25.3856 -17.5277 14
      vertex 22.6233 -13.8322 14
    endloop
  endfacet
  facet normal 0 0 1
    outer loop
      vertex 25.3856 -17.5277 14
      vertex 22.4849 -13.9849 14
      vertex 25.0307 -17.6955 14
    endloop
  endfacet
  facet normal 0 0 1
    outer loop
      vertex 25.0307 -17.6955 14
      vertex 22.4849 -13.9849 14
      vertex 24.6611 -17.8278 14
    endloop
  endfacet
  facet normal 0 0 1
    outer loop
      vertex 24.6611 -17.8278 14
      vertex 22.4849 -13.9849 14
      vertex 24.2804 -17.9231 14
    endloop
  endfacet
  facet normal -0 0 1
    outer loop
      vertex 22.3322 -14.1233 14
      vertex 24.2804 -17.9231 14
      vertex 22.4849 -13.9849 14
    endloop
  endfacet
  facet normal 0 0 1
    outer loop
      vertex 24.2804 -17.9231 14
      vertex 22.3322 -14.1233 14
      vertex 23.8921 -17.9807 14
    endloop
  endfacet
  facet normal 0 0 1
    outer loop
      vertex 23.8921 -17.9807 14
      vertex 22.3322 -14.1233 14
      vertex 23.5 -18 14
    endloop
  endfacet
  facet normal -0 0 1
    outer loop
      vertex 22.1667 -14.2461 14
      vertex 23.5 -18 14
      vertex 22.3322 -14.1233 14
    endloop
  endfacet
  facet normal -0 0 1
    outer loop
      vertex 21.9899 -14.352 14
      vertex 23.5 -18 14
      vertex 22.1667 -14.2461 14
    endloop
  endfacet
  facet normal -0 0 1
    outer loop
      vertex 21.8036 -14.4401 14
      vertex 23.5 -18 14
      vertex 21.9899 -14.352 14
    endloop
  endfacet
  facet normal -0 0 1
    outer loop
      vertex 21.6096 -14.5096 14
      vertex 23.5 -18 14
      vertex 21.8036 -14.4401 14
    endloop
  endfacet
  facet normal -0 0 1
    outer loop
      vertex 21.4097 -14.5596 14
      vertex 23.5 -18 14
      vertex 21.6096 -14.5096 14
    endloop
  endfacet
  facet normal -0 0 1
    outer loop
      vertex 21.2058 -14.5899 14
      vertex 23.5 -18 14
      vertex 21.4097 -14.5596 14
    endloop
  endfacet
  facet normal -0 0 1
    outer loop
      vertex 21 -14.6 14
      vertex 23.5 -18 14
      vertex 21.2058 -14.5899 14
    endloop
  endfacet
  facet normal 0 0 1
    outer loop
      vertex 20.7942 -14.5899 14
      vertex 23.5 -18 14
      vertex 21 -14.6 14
    endloop
  endfacet
  facet normal 0 0 1
    outer loop
      vertex 20.5903 -14.5596 14
      vertex 23.5 -18 14
      vertex 20.7942 -14.5899 14
    endloop
  endfacet
  facet normal 0 0 1
    outer loop
      vertex 20.3904 -14.5096 14
      vertex 23.5 -18 14
      vertex 20.5903 -14.5596 14
    endloop
  endfacet
  facet normal 0 0 1
    outer loop
      vertex 20.1964 -14.4401 14
      vertex 23.5 -18 14
      vertex 20.3904 -14.5096 14
    endloop
  endfacet
  facet normal 0 0 1
    outer loop
      vertex 20.0101 -14.352 14
      vertex 23.5 -18 14
      vertex 20.1964 -14.4401 14
    endloop
  endfacet
  facet normal 0 0 1
    outer loop
      vertex 19.8333 -14.2461 14
      vertex 23.5 -18 14
      vertex 20.0101 -14.352 14
    endloop
  endfacet
  facet normal 0 0 1
    outer loop
      vertex 2.17317 -14.9761 14
      vertex 19.8333 -14.2461 14
      vertex 19.6678 -14.1233 14
    endloop
  endfacet
  facet normal 0 0 1
    outer loop
      vertex 2.17317 -14.9761 14
      vertex 19.6678 -14.1233 14
      vertex 19.5151 -13.9849 14
    endloop
  endfacet
  facet normal 0 0 1
    outer loop
      vertex 18.9101 -12.2942 14
      vertex 8.5 -5.25 14
      vertex 18.9 -12.5 14
    endloop
  endfacet
  facet normal 0 0 1
    outer loop
      vertex 17.5424 11.366 14
      vertex 16.6754 10.8991 14
      vertex 17.5424 10.8991 14
    endloop
  endfacet
  facet normal 0 0 1
    outer loop
      vertex 8.5 -5.25 14
      vertex 17.5424 10.8991 14
      vertex 16.6754 10.8991 14
    endloop
  endfacet
  facet normal 0 0 1
    outer loop
      vertex 8.5 -5.25 14
      vertex 16.6754 10.8991 14
      vertex 16.1505 10.8991 14
    endloop
  endfacet
  facet normal 0 0 1
    outer loop
      vertex 15.9921 14.0605 14
      vertex 16.1535 14.0808 14
      vertex 16.0212 14.1495 14
    endloop
  endfacet
  facet normal 0 0 1
    outer loop
      vertex 16.1535 14.0808 14
      vertex 15.9921 14.0605 14
      vertex 16.1518 13.9773 14
    endloop
  endfacet
  facet normal 0 0 1
    outer loop
      vertex 15.9638 13.9773 14
      vertex 16.1518 13.9773 14
      vertex 15.9921 14.0605 14
    endloop
  endfacet
  facet normal 0 0 1
    outer loop
      vertex 16.1518 13.9773 14
      vertex 15.9638 13.9773 14
      vertex 16.1508 13.8729 14
    endloop
  endfacet
  facet normal -0 0 1
    outer loop
      vertex 15.9362 13.9 14
      vertex 16.1508 13.8729 14
      vertex 15.9638 13.9773 14
    endloop
  endfacet
  facet normal 0 0 1
    outer loop
      vertex 15.9094 13.8286 14
      vertex 16.1508 13.8729 14
      vertex 15.9362 13.9 14
    endloop
  endfacet
  facet normal 0 0 1
    outer loop
      vertex 16.1508 13.8729 14
      vertex 15.9094 13.8286 14
      vertex 16.1505 13.7675 14
    endloop
  endfacet
  facet normal 0 0 1
    outer loop
      vertex 16.1505 13.7675 14
      vertex 15.9094 13.8286 14
      vertex 16.1505 10.8991 14
    endloop
  endfacet
  facet normal 0 0 1
    outer loop
      vertex 14.7986 10.8991 14
      vertex 16.1505 10.8991 14
      vertex 15.9094 13.8286 14
    endloop
  endfacet
  facet normal 0 0 1
    outer loop
      vertex 8.5 7.25 14
      vertex 16.1505 10.8991 14
      vertex 14.7986 10.8991 14
    endloop
  endfacet
  facet normal 0 0 1
    outer loop
      vertex 18.9 -12.5 14
      vertex 8.5 -5.25 14
      vertex 18.9101 -12.7058 14
    endloop
  endfacet
  facet normal 0 0 1
    outer loop
      vertex 8.5 7.25 14
      vertex 14.7986 10.8991 14
      vertex 14.3897 10.8991 14
    endloop
  endfacet
  facet normal 0 0 1
    outer loop
      vertex 13.0135 10.8991 14
      vertex 14.3897 10.8991 14
      vertex 13.2637 13.8286 14
    endloop
  endfacet
  facet normal 0 0 1
    outer loop
      vertex 13.0135 13.7675 14
      vertex 13.2637 13.8286 14
      vertex 13.0928 14.3473 14
    endloop
  endfacet
  facet normal 0 0 1
    outer loop
      vertex 13.2637 13.8286 14
      vertex 13.0135 13.7675 14
      vertex 13.0135 10.8991 14
    endloop
  endfacet
  facet normal 0 0 1
    outer loop
      vertex 8.5 7.25 14
      vertex 14.3897 10.8991 14
      vertex 13.0135 10.8991 14
    endloop
  endfacet
  facet normal 0 0 1
    outer loop
      vertex 8.5 7.25 14
      vertex 13.0135 10.8991 14
      vertex 12.4947 10.8991 14
    endloop
  endfacet
  facet normal -0 0 1
    outer loop
      vertex 2.27086 -12.2012 14
      vertex 18.9101 -12.7058 14
      vertex 8.5 -5.25 14
    endloop
  endfacet
  facet normal -0 0 1
    outer loop
      vertex 10.0977 12.9209 14
      vertex 12.4947 10.8991 14
      vertex 10.1009 13.0687 14
    endloop
  endfacet
  facet normal -0 0 1
    outer loop
      vertex 10.0881 12.7773 14
      vertex 12.4947 10.8991 14
      vertex 10.0977 12.9209 14
    endloop
  endfacet
  facet normal -0 0 1
    outer loop
      vertex 10.0722 12.6378 14
      vertex 12.4947 10.8991 14
      vertex 10.0881 12.7773 14
    endloop
  endfacet
  facet normal -0 0 1
    outer loop
      vertex 10.0499 12.5024 14
      vertex 12.4947 10.8991 14
      vertex 10.0722 12.6378 14
    endloop
  endfacet
  facet normal -0 0 1
    outer loop
      vertex 10.0213 12.3712 14
      vertex 12.4947 10.8991 14
      vertex 10.0499 12.5024 14
    endloop
  endfacet
  facet normal -0 0 1
    outer loop
      vertex 9.98625 12.2441 14
      vertex 12.4947 10.8991 14
      vertex 10.0213 12.3712 14
    endloop
  endfacet
  facet normal -0 0 1
    outer loop
      vertex 9.94485 12.1212 14
      vertex 12.4947 10.8991 14
      vertex 9.98625 12.2441 14
    endloop
  endfacet
  facet normal -0 0 1
    outer loop
      vertex 9.89711 12.0024 14
      vertex 12.4947 10.8991 14
      vertex 9.94485 12.1212 14
    endloop
  endfacet
  facet normal -0 0 1
    outer loop
      vertex 9.84297 11.8878 14
      vertex 12.4947 10.8991 14
      vertex 9.89711 12.0024 14
    endloop
  endfacet
  facet normal 0 0 1
    outer loop
      vertex 16.1505 10.8991 14
      vertex 8.5 7.25 14
      vertex 8.5 -5.25 14
    endloop
  endfacet
  facet normal -0 0 1
    outer loop
      vertex 9.78291 11.7781 14
      vertex 12.4947 10.8991 14
      vertex 9.84297 11.8878 14
    endloop
  endfacet
  facet normal -0 0 1
    outer loop
      vertex 9.7173 11.6742 14
      vertex 12.4947 10.8991 14
      vertex 9.78291 11.7781 14
    endloop
  endfacet
  facet normal -0 0 1
    outer loop
      vertex 9.64616 11.5762 14
      vertex 12.4947 10.8991 14
      vertex 9.7173 11.6742 14
    endloop
  endfacet
  facet normal -0 0 1
    outer loop
      vertex 9.56947 11.4839 14
      vertex 12.4947 10.8991 14
      vertex 9.64616 11.5762 14
    endloop
  endfacet
  facet normal -0 0 1
    outer loop
      vertex 9.48726 11.3974 14
      vertex 12.4947 10.8991 14
      vertex 9.56947 11.4839 14
    endloop
  endfacet
  facet normal -0 0 1
    outer loop
      vertex 9.39949 11.3168 14
      vertex 12.4947 10.8991 14
      vertex 9.48726 11.3974 14
    endloop
  endfacet
  facet normal -0 0 1
    outer loop
      vertex 9.3062 11.2419 14
      vertex 12.4947 10.8991 14
      vertex 9.39949 11.3168 14
    endloop
  endfacet
  facet normal -0 0 1
    outer loop
      vertex 9.20737 11.1729 14
      vertex 12.4947 10.8991 14
      vertex 9.3062 11.2419 14
    endloop
  endfacet
  facet normal 0 0 1
    outer loop
      vertex 12.4947 10.8991 14
      vertex 9.20737 11.1729 14
      vertex 8.5 7.25 14
    endloop
  endfacet
  facet normal 0 0 1
    outer loop
      vertex 8.5 7.25 14
      vertex 9.20737 11.1729 14
      vertex 9.103 11.1096 14
    endloop
  endfacet
  facet normal 0 0 1
    outer loop
      vertex 8.5 7.25 14
      vertex 9.103 11.1096 14
      vertex 8.99371 11.0526 14
    endloop
  endfacet
  facet normal 0 0 1
    outer loop
      vertex 8.5 7.25 14
      vertex 8.99371 11.0526 14
      vertex 8.88013 11.0023 14
    endloop
  endfacet
  facet normal 0 0 1
    outer loop
      vertex 8.5 7.25 14
      vertex 8.88013 11.0023 14
      vertex 8.76225 10.9588 14
    endloop
  endfacet
  facet normal 0 0 1
    outer loop
      vertex 8.5 7.25 14
      vertex 8.76225 10.9588 14
      vertex 8.64008 10.9219 14
    endloop
  endfacet
  facet normal 0 0 1
    outer loop
      vertex 8.5 7.25 14
      vertex 8.64008 10.9219 14
      vertex 8.5136 10.8917 14
    endloop
  endfacet
  facet normal 0 0 1
    outer loop
      vertex 2.17317 -14.3333 14
      vertex 18.9101 -12.7058 14
      vertex 2.27086 -12.2012 14
    endloop
  endfacet
  facet normal 0 0 1
    outer loop
      vertex 18.9101 -12.7058 14
      vertex 2.17317 -14.3333 14
      vertex 18.9403 -12.9097 14
    endloop
  endfacet
  facet normal 0 0 1
    outer loop
      vertex 2.17317 -14.9761 14
      vertex 18.9403 -12.9097 14
      vertex 2.17317 -14.3333 14
    endloop
  endfacet
  facet normal 0 0 1
    outer loop
      vertex 18.9403 -12.9097 14
      vertex 2.17317 -14.9761 14
      vertex 18.9904 -13.1096 14
    endloop
  endfacet
  facet normal 0 0 1
    outer loop
      vertex 18.9904 -13.1096 14
      vertex 2.17317 -14.9761 14
      vertex 19.0599 -13.3036 14
    endloop
  endfacet
  facet normal 0 0 1
    outer loop
      vertex 19.0599 -13.3036 14
      vertex 2.17317 -14.9761 14
      vertex 19.148 -13.4899 14
    endloop
  endfacet
  facet normal 0 0 1
    outer loop
      vertex 19.2539 -13.6667 14
      vertex 2.17317 -14.9761 14
      vertex 19.3767 -13.8322 14
    endloop
  endfacet
  facet normal 0 0 1
    outer loop
      vertex 2.27086 -12.2012 14
      vertex 8.5 -5.25 14
      vertex 2.27086 -11.5665 14
    endloop
  endfacet
  facet normal 0 0 1
    outer loop
      vertex 19.148 -13.4899 14
      vertex 2.17317 -14.9761 14
      vertex 19.2539 -13.6667 14
    endloop
  endfacet
  facet normal 0 0 1
    outer loop
      vertex 19.3767 -13.8322 14
      vertex 2.17317 -14.9761 14
      vertex 19.5151 -13.9849 14
    endloop
  endfacet
  facet normal 0 0 1
    outer loop
      vertex 19.8333 -14.2461 14
      vertex 2.17317 -14.9761 14
      vertex 23.5 -18 14
    endloop
  endfacet
  facet normal 0 0 1
    outer loop
      vertex -1.02481 -17.2994 14
      vertex 2.17317 -14.9761 14
      vertex -1.02481 -14.9761 14
    endloop
  endfacet
  facet normal 0 0 1
    outer loop
      vertex 2.17317 -14.9761 14
      vertex -1.02481 -17.2994 14
      vertex 23.5 -18 14
    endloop
  endfacet
  facet normal -0 0 1
    outer loop
      vertex -1.80193 -17.2994 14
      vertex 23.5 -18 14
      vertex -1.02481 -17.2994 14
    endloop
  endfacet
  facet normal -0 0 1
    outer loop
      vertex -8.82455 10.838 14
      vertex -8.5 7.25 14
      vertex -8.69675 10.8404 14
    endloop
  endfacet
  facet normal 0 0 1
    outer loop
      vertex -8.97212 10.8414 14
      vertex -8.5 7.25 14
      vertex -8.82455 10.838 14
    endloop
  endfacet
  facet normal 0 0 1
    outer loop
      vertex -9.1151 10.8513 14
      vertex -8.5 7.25 14
      vertex -8.97212 10.8414 14
    endloop
  endfacet
  facet normal 0 0 1
    outer loop
      vertex -9.25348 10.8679 14
      vertex -8.5 7.25 14
      vertex -9.1151 10.8513 14
    endloop
  endfacet
  facet normal 0 0 1
    outer loop
      vertex -9.38727 10.8911 14
      vertex -8.5 7.25 14
      vertex -9.25348 10.8679 14
    endloop
  endfacet
  facet normal 0 0 1
    outer loop
      vertex -9.51645 10.9209 14
      vertex -8.5 7.25 14
      vertex -9.38727 10.8911 14
    endloop
  endfacet
  facet normal 0 0 1
    outer loop
      vertex -9.64104 10.9574 14
      vertex -8.5 7.25 14
      vertex -9.51645 10.9209 14
    endloop
  endfacet
  facet normal 0 0 1
    outer loop
      vertex -8.5 7.25 14
      vertex -9.64104 10.9574 14
      vertex -11.2203 10.8991 14
    endloop
  endfacet
  facet normal 0 0 1
    outer loop
      vertex -11.2203 10.8991 14
      vertex -9.64104 10.9574 14
      vertex -9.76103 11.0005 14
    endloop
  endfacet
  facet normal 0 0 1
    outer loop
      vertex -11.2203 10.8991 14
      vertex -9.76103 11.0005 14
      vertex -9.87642 11.0502 14
    endloop
  endfacet
  facet normal 0 0 1
    outer loop
      vertex -11.2203 10.8991 14
      vertex -9.87642 11.0502 14
      vertex -9.98721 11.1066 14
    endloop
  endfacet
  facet normal 0 0 1
    outer loop
      vertex -11.2203 10.8991 14
      vertex -9.98721 11.1066 14
      vertex -10.0929 11.1692 14
    endloop
  endfacet
  facet normal 0 0 1
    outer loop
      vertex -11.2203 10.8991 14
      vertex -10.0929 11.1692 14
      vertex -10.1928 11.2376 14
    endloop
  endfacet
  facet normal 0 0 1
    outer loop
      vertex -11.2203 10.8991 14
      vertex -10.1928 11.2376 14
      vertex -10.2871 11.3119 14
    endloop
  endfacet
  facet normal 0 0 1
    outer loop
      vertex -11.2203 10.8991 14
      vertex -10.2871 11.3119 14
      vertex -10.3757 11.392 14
    endloop
  endfacet
  facet normal 0 0 1
    outer loop
      vertex -11.2203 10.8991 14
      vertex -10.3757 11.392 14
      vertex -10.4586 11.478 14
    endloop
  endfacet
  facet normal 0 0 1
    outer loop
      vertex -11.2203 10.8991 14
      vertex -10.4586 11.478 14
      vertex -10.5358 11.5697 14
    endloop
  endfacet
  facet normal 0 0 1
    outer loop
      vertex -11.2203 10.8991 14
      vertex -10.5358 11.5697 14
      vertex -10.6073 11.6674 14
    endloop
  endfacet
  facet normal 0 0 1
    outer loop
      vertex -11.2203 10.8991 14
      vertex -10.6073 11.6674 14
      vertex -10.6732 11.7708 14
    endloop
  endfacet
  facet normal 0 0 1
    outer loop
      vertex -11.2203 10.8991 14
      vertex -10.6732 11.7708 14
      vertex -10.7333 11.8802 14
    endloop
  endfacet
  facet normal 0 0 1
    outer loop
      vertex -11.2203 10.8991 14
      vertex -10.7333 11.8802 14
      vertex -10.7874 11.9946 14
    endloop
  endfacet
  facet normal 0 0 1
    outer loop
      vertex -11.2203 10.8991 14
      vertex -10.7874 11.9946 14
      vertex -10.8352 12.1134 14
    endloop
  endfacet
  facet normal 0 0 1
    outer loop
      vertex -11.2203 10.8991 14
      vertex -10.8352 12.1134 14
      vertex -10.8766 12.2367 14
    endloop
  endfacet
  facet normal 0 0 1
    outer loop
      vertex -11.2203 10.8991 14
      vertex -10.8766 12.2367 14
      vertex -10.9116 12.3643 14
    endloop
  endfacet
  facet normal 0 0 1
    outer loop
      vertex -11.2203 10.8991 14
      vertex -10.9116 12.3643 14
      vertex -10.9402 12.4964 14
    endloop
  endfacet
  facet normal 0 0 1
    outer loop
      vertex -11.2203 10.8991 14
      vertex -10.9402 12.4964 14
      vertex -10.9625 12.6329 14
    endloop
  endfacet
  facet normal 0 0 1
    outer loop
      vertex -11.2203 10.8991 14
      vertex -10.988 12.9191 14
      vertex -10.9912 13.0687 14
    endloop
  endfacet
  facet normal 0 0 1
    outer loop
      vertex -11.2203 10.8991 14
      vertex -10.9784 12.7738 14
      vertex -10.988 12.9191 14
    endloop
  endfacet
  facet normal 0 0 1
    outer loop
      vertex -11.2203 10.8991 14
      vertex -10.9625 12.6329 14
      vertex -10.9784 12.7738 14
    endloop
  endfacet
  facet normal -0 0 1
    outer loop
      vertex -11.8153 10.8991 14
      vertex -8.5 7.25 14
      vertex -11.2203 10.8991 14
    endloop
  endfacet
  facet normal -0 0 1
    outer loop
      vertex -14.7601 10.8991 14
      vertex -8.5 7.25 14
      vertex -11.8153 10.8991 14
    endloop
  endfacet
  facet normal 0 0 1
    outer loop
      vertex -14.7601 10.8991 14
      vertex -11.8153 10.8991 14
      vertex -12.3066 12.1563 14
    endloop
  endfacet
  facet normal 0 0 1
    outer loop
      vertex -14.7601 10.8991 14
      vertex -12.3066 12.1563 14
      vertex -14.2657 12.1563 14
    endloop
  endfacet
  facet normal -0 0 1
    outer loop
      vertex -15.3643 10.8991 14
      vertex -8.5 7.25 14
      vertex -14.7601 10.8991 14
    endloop
  endfacet
  facet normal -0 0 1
    outer loop
      vertex -15.7675 10.8991 14
      vertex -8.5 7.25 14
      vertex -15.3643 10.8991 14
    endloop
  endfacet
  facet normal 0 0 1
    outer loop
      vertex -15.7675 10.8991 14
      vertex -15.3643 10.8991 14
      vertex -15.7675 15.1987 14
    endloop
  endfacet
  facet normal -0 0 1
    outer loop
      vertex -16.2924 10.8991 14
      vertex -8.5 7.25 14
      vertex -15.7675 10.8991 14
    endloop
  endfacet
  facet normal 0 0 1
    outer loop
      vertex -8.5 7.25 14
      vertex -16.2924 10.8991 14
      vertex -8.5 -5.25 14
    endloop
  endfacet
  facet normal 0 0 1
    outer loop
      vertex -16.4507 14.0605 14
      vertex -16.2893 14.0808 14
      vertex -16.4216 14.1495 14
    endloop
  endfacet
  facet normal 0 0 1
    outer loop
      vertex -16.2893 14.0808 14
      vertex -16.4507 14.0605 14
      vertex -16.291 13.9773 14
    endloop
  endfacet
  facet normal 0 0 1
    outer loop
      vertex -16.479 13.9773 14
      vertex -16.291 13.9773 14
      vertex -16.4507 14.0605 14
    endloop
  endfacet
  facet normal 0 0 1
    outer loop
      vertex -16.291 13.9773 14
      vertex -16.479 13.9773 14
      vertex -16.292 13.8729 14
    endloop
  endfacet
  facet normal -0 0 1
    outer loop
      vertex -16.5066 13.9 14
      vertex -16.292 13.8729 14
      vertex -16.479 13.9773 14
    endloop
  endfacet
  facet normal 0 0 1
    outer loop
      vertex -16.5334 13.8286 14
      vertex -16.292 13.8729 14
      vertex -16.5066 13.9 14
    endloop
  endfacet
  facet normal 0 0 1
    outer loop
      vertex -16.292 13.8729 14
      vertex -16.5334 13.8286 14
      vertex -16.2924 13.7675 14
    endloop
  endfacet
  facet normal 0 0 1
    outer loop
      vertex -16.2924 13.7675 14
      vertex -16.5334 13.8286 14
      vertex -16.2924 10.8991 14
    endloop
  endfacet
  facet normal 0 0 1
    outer loop
      vertex -17.6442 10.8991 14
      vertex -16.2924 10.8991 14
      vertex -16.5334 13.8286 14
    endloop
  endfacet
  facet normal -0 0 1
    outer loop
      vertex -17.6442 10.8991 14
      vertex -8.5 -5.25 14
      vertex -16.2924 10.8991 14
    endloop
  endfacet
  facet normal -0 0 1
    outer loop
      vertex -18.0531 10.8991 14
      vertex -8.5 -5.25 14
      vertex -17.6442 10.8991 14
    endloop
  endfacet
  facet normal 0 0 1
    outer loop
      vertex -8.5 -5.25 14
      vertex -18.0531 10.8991 14
      vertex -18.9 -12.5 14
    endloop
  endfacet
  facet normal -0 0 1
    outer loop
      vertex -18.9101 12.2942 14
      vertex -18.0531 10.8991 14
      vertex -18.9 12.5 14
    endloop
  endfacet
  facet normal 0 0 1
    outer loop
      vertex -18.9101 -12.7058 14
      vertex -8.5 -5.25 14
      vertex -18.9 -12.5 14
    endloop
  endfacet
  facet normal 0 0 1
    outer loop
      vertex -18.9403 -12.9097 14
      vertex -1.80193 -11.5665 14
      vertex -18.9101 -12.7058 14
    endloop
  endfacet
  facet normal 0 0 1
    outer loop
      vertex -1.80193 -11.5665 14
      vertex -18.9403 -12.9097 14
      vertex -1.80193 -17.2994 14
    endloop
  endfacet
  facet normal -0 0 1
    outer loop
      vertex -18.9904 -13.1096 14
      vertex -1.80193 -17.2994 14
      vertex -18.9403 -12.9097 14
    endloop
  endfacet
  facet normal -0 0 1
    outer loop
      vertex -19.0599 -13.3036 14
      vertex -1.80193 -17.2994 14
      vertex -18.9904 -13.1096 14
    endloop
  endfacet
  facet normal -0 0 1
    outer loop
      vertex -19.148 -13.4899 14
      vertex -1.80193 -17.2994 14
      vertex -19.0599 -13.3036 14
    endloop
  endfacet
  facet normal -0 0 1
    outer loop
      vertex -19.2539 -13.6667 14
      vertex -1.80193 -17.2994 14
      vertex -19.148 -13.4899 14
    endloop
  endfacet
  facet normal -0 0 1
    outer loop
      vertex -19.3767 -13.8322 14
      vertex -1.80193 -17.2994 14
      vertex -19.2539 -13.6667 14
    endloop
  endfacet
  facet normal -0 0 1
    outer loop
      vertex -19.5151 -13.9849 14
      vertex -1.80193 -17.2994 14
      vertex -19.3767 -13.8322 14
    endloop
  endfacet
  facet normal -0 0 1
    outer loop
      vertex -19.6678 -14.1233 14
      vertex -1.80193 -17.2994 14
      vertex -19.5151 -13.9849 14
    endloop
  endfacet
  facet normal -0 0 1
    outer loop
      vertex -19.8333 -14.2461 14
      vertex -1.80193 -17.2994 14
      vertex -19.6678 -14.1233 14
    endloop
  endfacet
  facet normal 0 0 1
    outer loop
      vertex -23.5 -18 14
      vertex -19.8333 -14.2461 14
      vertex -20.0101 -14.352 14
    endloop
  endfacet
  facet normal 0 0 1
    outer loop
      vertex -23.5 -18 14
      vertex -20.0101 -14.352 14
      vertex -20.1964 -14.4401 14
    endloop
  endfacet
  facet normal 0 0 1
    outer loop
      vertex -23.5 -18 14
      vertex -20.1964 -14.4401 14
      vertex -20.3904 -14.5096 14
    endloop
  endfacet
  facet normal 0 0 1
    outer loop
      vertex -23.5 -18 14
      vertex -20.3904 -14.5096 14
      vertex -20.5903 -14.5596 14
    endloop
  endfacet
  facet normal 0 0 1
    outer loop
      vertex -23.5 -18 14
      vertex -20.5903 -14.5596 14
      vertex -20.7942 -14.5899 14
    endloop
  endfacet
  facet normal 0 0 1
    outer loop
      vertex -23.5 -18 14
      vertex -20.7942 -14.5899 14
      vertex -21 -14.6 14
    endloop
  endfacet
  facet normal 0 0 1
    outer loop
      vertex -23.5 -18 14
      vertex -21 -14.6 14
      vertex -21.2058 -14.5899 14
    endloop
  endfacet
  facet normal 0 0 1
    outer loop
      vertex -1.80193 -17.2994 14
      vertex -23.5 -18 14
      vertex 23.5 -18 14
    endloop
  endfacet
  facet normal 0 0 1
    outer loop
      vertex -19.8333 -14.2461 14
      vertex -23.5 -18 14
      vertex -1.80193 -17.2994 14
    endloop
  endfacet
  facet normal 0 0 1
    outer loop
      vertex -21.4097 -14.5596 14
      vertex -23.5 -18 14
      vertex -21.2058 -14.5899 14
    endloop
  endfacet
  facet normal 0 0 1
    outer loop
      vertex -21.6096 -14.5096 14
      vertex -23.5 -18 14
      vertex -21.4097 -14.5596 14
    endloop
  endfacet
  facet normal 0 0 1
    outer loop
      vertex -21.8036 -14.4401 14
      vertex -23.5 -18 14
      vertex -21.6096 -14.5096 14
    endloop
  endfacet
  facet normal 0 0 1
    outer loop
      vertex -21.9899 -14.352 14
      vertex -23.5 -18 14
      vertex -21.8036 -14.4401 14
    endloop
  endfacet
  facet normal 0 0 1
    outer loop
      vertex -22.1667 -14.2461 14
      vertex -23.5 -18 14
      vertex -21.9899 -14.352 14
    endloop
  endfacet
  facet normal 0 0 1
    outer loop
      vertex -22.3322 -14.1233 14
      vertex -23.5 -18 14
      vertex -22.1667 -14.2461 14
    endloop
  endfacet
  facet normal 0 0 1
    outer loop
      vertex -24.2804 -17.9231 14
      vertex -22.3322 -14.1233 14
      vertex -22.4849 -13.9849 14
    endloop
  endfacet
  facet normal 0 0 1
    outer loop
      vertex -25.3856 -17.5277 14
      vertex -22.4849 -13.9849 14
      vertex -22.6233 -13.8322 14
    endloop
  endfacet
  facet normal 0 0 1
    outer loop
      vertex -26.3284 -16.8284 14
      vertex -22.6233 -13.8322 14
      vertex -22.7461 -13.6667 14
    endloop
  endfacet
  facet normal 0 0 1
    outer loop
      vertex -26.8259 -16.2223 14
      vertex -22.7461 -13.6667 14
      vertex -22.852 -13.4899 14
    endloop
  endfacet
  facet normal 0 0 1
    outer loop
      vertex -27.3278 -15.1611 14
      vertex -22.852 -13.4899 14
      vertex -22.9401 -13.3036 14
    endloop
  endfacet
  facet normal 0 0 1
    outer loop
      vertex -27.5 -14 14
      vertex -22.9401 -13.3036 14
      vertex -23.0096 -13.1096 14
    endloop
  endfacet
  facet normal 0 0 1
    outer loop
      vertex -27.5 -14 14
      vertex -23.0096 -13.1096 14
      vertex -23.0596 -12.9097 14
    endloop
  endfacet
  facet normal 0 0 1
    outer loop
      vertex -27.5 -14 14
      vertex -23.0596 -12.9097 14
      vertex -23.0899 -12.7058 14
    endloop
  endfacet
  facet normal 0 0 1
    outer loop
      vertex -27.5 -14 14
      vertex -23.0899 -12.7058 14
      vertex -23.1 -12.5 14
    endloop
  endfacet
  facet normal 0 0 1
    outer loop
      vertex -23.0596 -12.0903 14
      vertex -27.5 -14 14
      vertex -23.0899 -12.2942 14
    endloop
  endfacet
  facet normal 0 0 1
    outer loop
      vertex -22.6233 13.8322 14
      vertex -26.3284 16.8284 14
      vertex -22.7461 13.6667 14
    endloop
  endfacet
  facet normal 0 0 1
    outer loop
      vertex -23.0899 -12.2942 14
      vertex -27.5 -14 14
      vertex -23.1 -12.5 14
    endloop
  endfacet
  facet normal -0 0 1
    outer loop
      vertex -26.592 16.5376 14
      vertex -22.7461 13.6667 14
      vertex -26.3284 16.8284 14
    endloop
  endfacet
  facet normal 0 0 1
    outer loop
      vertex -22.9401 -13.3036 14
      vertex -27.5 -14 14
      vertex -27.4807 -14.3921 14
    endloop
  endfacet
  facet normal -0 0 1
    outer loop
      vertex -26.8259 16.2223 14
      vertex -22.7461 13.6667 14
      vertex -26.592 16.5376 14
    endloop
  endfacet
  facet normal 0 0 1
    outer loop
      vertex -22.3322 -14.1233 14
      vertex -23.8921 -17.9807 14
      vertex -23.5 -18 14
    endloop
  endfacet
  facet normal 0 0 1
    outer loop
      vertex -22.7461 13.6667 14
      vertex -26.8259 16.2223 14
      vertex -22.852 13.4899 14
    endloop
  endfacet
  facet normal 0 0 1
    outer loop
      vertex -22.3322 -14.1233 14
      vertex -24.2804 -17.9231 14
      vertex -23.8921 -17.9807 14
    endloop
  endfacet
  facet normal -0 0 1
    outer loop
      vertex -27.0277 15.8856 14
      vertex -22.852 13.4899 14
      vertex -26.8259 16.2223 14
    endloop
  endfacet
  facet normal 0 0 1
    outer loop
      vertex -22.4849 -13.9849 14
      vertex -24.6611 -17.8278 14
      vertex -24.2804 -17.9231 14
    endloop
  endfacet
  facet normal -0 0 1
    outer loop
      vertex -27.1955 15.5307 14
      vertex -22.852 13.4899 14
      vertex -27.0277 15.8856 14
    endloop
  endfacet
  facet normal 0 0 1
    outer loop
      vertex -22.4849 -13.9849 14
      vertex -25.0307 -17.6955 14
      vertex -24.6611 -17.8278 14
    endloop
  endfacet
  facet normal -0 0 1
    outer loop
      vertex -27.3278 15.1611 14
      vertex -22.852 13.4899 14
      vertex -27.1955 15.5307 14
    endloop
  endfacet
  facet normal 0 0 1
    outer loop
      vertex -22.4849 -13.9849 14
      vertex -25.3856 -17.5277 14
      vertex -25.0307 -17.6955 14
    endloop
  endfacet
  facet normal 0 0 1
    outer loop
      vertex -22.852 13.4899 14
      vertex -27.3278 15.1611 14
      vertex -22.9401 13.3036 14
    endloop
  endfacet
  facet normal 0 0 1
    outer loop
      vertex -22.6233 -13.8322 14
      vertex -25.7223 -17.3259 14
      vertex -25.3856 -17.5277 14
    endloop
  endfacet
  facet normal -0 0 1
    outer loop
      vertex -27.4231 14.7804 14
      vertex -22.9401 13.3036 14
      vertex -27.3278 15.1611 14
    endloop
  endfacet
  facet normal 0 0 1
    outer loop
      vertex -22.6233 -13.8322 14
      vertex -26.0376 -17.092 14
      vertex -25.7223 -17.3259 14
    endloop
  endfacet
  facet normal -0 0 1
    outer loop
      vertex -27.4807 14.3921 14
      vertex -22.9401 13.3036 14
      vertex -27.4231 14.7804 14
    endloop
  endfacet
  facet normal 0 0 1
    outer loop
      vertex -22.6233 -13.8322 14
      vertex -26.3284 -16.8284 14
      vertex -26.0376 -17.092 14
    endloop
  endfacet
  facet normal -0 0 1
    outer loop
      vertex -27.5 14 14
      vertex -22.9401 13.3036 14
      vertex -27.4807 14.3921 14
    endloop
  endfacet
  facet normal 0 0 1
    outer loop
      vertex -22.7461 -13.6667 14
      vertex -26.592 -16.5376 14
      vertex -26.3284 -16.8284 14
    endloop
  endfacet
  facet normal 0 0 1
    outer loop
      vertex -22.9401 13.3036 14
      vertex -27.5 14 14
      vertex -23.0096 13.1096 14
    endloop
  endfacet
  facet normal 0 0 1
    outer loop
      vertex -22.7461 -13.6667 14
      vertex -26.8259 -16.2223 14
      vertex -26.592 -16.5376 14
    endloop
  endfacet
  facet normal 0 0 1
    outer loop
      vertex -23.0096 13.1096 14
      vertex -27.5 14 14
      vertex -23.0596 12.9097 14
    endloop
  endfacet
  facet normal 0 0 1
    outer loop
      vertex -22.852 -13.4899 14
      vertex -27.0277 -15.8856 14
      vertex -26.8259 -16.2223 14
    endloop
  endfacet
  facet normal 0 0 1
    outer loop
      vertex -23.0596 12.9097 14
      vertex -27.5 14 14
      vertex -23.0899 12.7058 14
    endloop
  endfacet
  facet normal 0 0 1
    outer loop
      vertex -22.852 -13.4899 14
      vertex -27.1955 -15.5307 14
      vertex -27.0277 -15.8856 14
    endloop
  endfacet
  facet normal 0 0 1
    outer loop
      vertex -23.0899 12.7058 14
      vertex -27.5 14 14
      vertex -23.1 12.5 14
    endloop
  endfacet
  facet normal 0 0 1
    outer loop
      vertex -22.852 -13.4899 14
      vertex -27.3278 -15.1611 14
      vertex -27.1955 -15.5307 14
    endloop
  endfacet
  facet normal 0 0 1
    outer loop
      vertex -22.9401 -13.3036 14
      vertex -27.4231 -14.7804 14
      vertex -27.3278 -15.1611 14
    endloop
  endfacet
  facet normal 0 0 1
    outer loop
      vertex -22.9401 -13.3036 14
      vertex -27.4807 -14.3921 14
      vertex -27.4231 -14.7804 14
    endloop
  endfacet
  facet normal 0 0 1
    outer loop
      vertex 19.2539 13.6667 14
      vertex 19.1902 15.1987 14
      vertex 19.1902 13.5605 14
    endloop
  endfacet
  facet normal 0 0 1
    outer loop
      vertex 19.1902 11.4395 14
      vertex 19.1902 11.366 14
      vertex 19.2343 11.366 14
    endloop
  endfacet
  facet normal 0 0 1
    outer loop
      vertex -13.5395 14.0238 14
      vertex -13.0329 14.03 14
      vertex -13.0519 14.0774 14
    endloop
  endfacet
  facet normal -0 0 1
    outer loop
      vertex -13.3137 14.6738 14
      vertex -13.1848 14.4477 14
      vertex -13.2862 14.7593 14
    endloop
  endfacet
  facet normal -0 0 1
    outer loop
      vertex -13.3315 14.6158 14
      vertex -13.1848 14.4477 14
      vertex -13.3137 14.6738 14
    endloop
  endfacet
  facet normal -0 0 1
    outer loop
      vertex -13.3512 14.5542 14
      vertex -13.1848 14.4477 14
      vertex -13.3315 14.6158 14
    endloop
  endfacet
  facet normal -0 0 1
    outer loop
      vertex -13.3727 14.4891 14
      vertex -13.1848 14.4477 14
      vertex -13.3512 14.5542 14
    endloop
  endfacet
  facet normal 0 0 1
    outer loop
      vertex -13.3959 14.4204 14
      vertex -13.1848 14.4477 14
      vertex -13.3727 14.4891 14
    endloop
  endfacet
  facet normal 0 0 1
    outer loop
      vertex -13.1848 14.4477 14
      vertex -13.3959 14.4204 14
      vertex -13.1658 14.3907 14
    endloop
  endfacet
  facet normal 0 0 1
    outer loop
      vertex -13.421 14.3482 14
      vertex -13.1658 14.3907 14
      vertex -13.3959 14.4204 14
    endloop
  endfacet
  facet normal 0 0 1
    outer loop
      vertex -13.1658 14.3907 14
      vertex -13.421 14.3482 14
      vertex -13.1468 14.3351 14
    endloop
  endfacet
  facet normal 0 0 1
    outer loop
      vertex -13.4479 14.2724 14
      vertex -13.1468 14.3351 14
      vertex -13.421 14.3482 14
    endloop
  endfacet
  facet normal 0 0 1
    outer loop
      vertex -13.1468 14.3351 14
      vertex -13.4479 14.2724 14
      vertex -13.1278 14.2809 14
    endloop
  endfacet
  facet normal 0 0 1
    outer loop
      vertex -13.1278 14.2809 14
      vertex -13.4479 14.2724 14
      vertex -13.1089 14.228 14
    endloop
  endfacet
  facet normal 0 0 1
    outer loop
      vertex -13.4766 14.1931 14
      vertex -13.1089 14.228 14
      vertex -13.4479 14.2724 14
    endloop
  endfacet
  facet normal 0 0 1
    outer loop
      vertex -13.1089 14.228 14
      vertex -13.4766 14.1931 14
      vertex -13.0899 14.1764 14
    endloop
  endfacet
  facet normal 0 0 1
    outer loop
      vertex -13.5071 14.1102 14
      vertex -13.0899 14.1764 14
      vertex -13.4766 14.1931 14
    endloop
  endfacet
  facet normal 0 0 1
    outer loop
      vertex -13.0899 14.1764 14
      vertex -13.5071 14.1102 14
      vertex -13.0709 14.1263 14
    endloop
  endfacet
  facet normal 0 0 1
    outer loop
      vertex -13.0709 14.1263 14
      vertex -13.5071 14.1102 14
      vertex -13.0519 14.0774 14
    endloop
  endfacet
  facet normal 0 0 1
    outer loop
      vertex -13.5395 14.0238 14
      vertex -13.0519 14.0774 14
      vertex -13.5071 14.1102 14
    endloop
  endfacet
  facet normal 0 0 1
    outer loop
      vertex -13.0329 14.03 14
      vertex -13.5395 14.0238 14
      vertex -12.4806 12.611 14
    endloop
  endfacet
  facet normal 0 0 1
    outer loop
      vertex -12.4806 12.611 14
      vertex -13.5395 14.0238 14
      vertex -14.0887 12.611 14
    endloop
  endfacet
  facet normal 0 0 1
    outer loop
      vertex 6.42676 13.0687 14
      vertex 9.5058 13.0687 14
      vertex 9.50084 13.2428 14
    endloop
  endfacet
  facet normal 0 0 1
    outer loop
      vertex 9.5058 13.0687 14
      vertex 6.42676 13.0687 14
      vertex 9.50087 12.8869 14
    endloop
  endfacet
  facet normal -0 0 1
    outer loop
      vertex 6.43173 13.2453 14
      vertex 9.50084 13.2428 14
      vertex 9.48598 13.4084 14
    endloop
  endfacet
  facet normal -0 -0 1
    outer loop
      vertex 6.43179 12.8932 14
      vertex 9.50087 12.8869 14
      vertex 6.42676 13.0687 14
    endloop
  endfacet
  facet normal -0 0 1
    outer loop
      vertex 6.44666 13.4129 14
      vertex 9.48598 13.4084 14
      vertex 9.46121 13.5654 14
    endloop
  endfacet
  facet normal 0 -0 1
    outer loop
      vertex 6.44687 12.7258 14
      vertex 9.50087 12.8869 14
      vertex 6.43179 12.8932 14
    endloop
  endfacet
  facet normal 0 0 1
    outer loop
      vertex 7.97089 14.7867 14
      vertex 9.46121 13.5654 14
      vertex 9.42653 13.714 14
    endloop
  endfacet
  facet normal 0 0 1
    outer loop
      vertex 9.50087 12.8869 14
      vertex 6.44687 12.7258 14
      vertex 9.48613 12.7145 14
    endloop
  endfacet
  facet normal 0 0 1
    outer loop
      vertex 8.12955 14.7811 14
      vertex 9.42653 13.714 14
      vertex 9.38194 13.854 14
    endloop
  endfacet
  facet normal 0 -0 1
    outer loop
      vertex 6.47202 12.5667 14
      vertex 9.48613 12.7145 14
      vertex 6.44687 12.7258 14
    endloop
  endfacet
  facet normal 0 0 1
    outer loop
      vertex 8.28003 14.7641 14
      vertex 9.38194 13.854 14
      vertex 9.32745 13.9855 14
    endloop
  endfacet
  facet normal 0 0 1
    outer loop
      vertex 9.48613 12.7145 14
      vertex 6.47202 12.5667 14
      vertex 9.46155 12.5515 14
    endloop
  endfacet
  facet normal 0 0 1
    outer loop
      vertex 8.28003 14.7641 14
      vertex 9.32745 13.9855 14
      vertex 9.26305 14.1085 14
    endloop
  endfacet
  facet normal 0 -0 1
    outer loop
      vertex 7.96477 11.3111 14
      vertex 9.46155 12.5515 14
      vertex 6.47202 12.5667 14
    endloop
  endfacet
  facet normal 0 0 1
    outer loop
      vertex 8.42235 14.7359 14
      vertex 9.26305 14.1085 14
      vertex 9.18874 14.223 14
    endloop
  endfacet
  facet normal 0 0 1
    outer loop
      vertex 9.46155 12.5515 14
      vertex 7.96477 11.3111 14
      vertex 9.42712 12.3978 14
    endloop
  endfacet
  facet normal 0 0 1
    outer loop
      vertex 8.42235 14.7359 14
      vertex 9.18874 14.223 14
      vertex 9.10452 14.329 14
    endloop
  endfacet
  facet normal 0 -0 1
    outer loop
      vertex 8.12595 11.3167 14
      vertex 9.42712 12.3978 14
      vertex 7.96477 11.3111 14
    endloop
  endfacet
  facet normal 0 0 1
    outer loop
      vertex 8.42235 14.7359 14
      vertex 9.10452 14.329 14
      vertex 9.01128 14.4251 14
    endloop
  endfacet
  facet normal 0 -0 1
    outer loop
      vertex 8.27858 11.3337 14
      vertex 9.38287 12.2536 14
      vertex 8.12595 11.3167 14
    endloop
  endfacet
  facet normal 0 0 1
    outer loop
      vertex 8.42235 14.7359 14
      vertex 9.01128 14.4251 14
      vertex 8.90984 14.5098 14
    endloop
  endfacet
  facet normal 0 0 1
    outer loop
      vertex 9.38287 12.2536 14
      vertex 8.27858 11.3337 14
      vertex 9.3288 12.1187 14
    endloop
  endfacet
  facet normal 0 0 1
    outer loop
      vertex 8.42235 14.7359 14
      vertex 8.90984 14.5098 14
      vertex 8.80023 14.5833 14
    endloop
  endfacet
  facet normal 0 0 1
    outer loop
      vertex 9.3288 12.1187 14
      vertex 8.27858 11.3337 14
      vertex 9.26488 11.9931 14
    endloop
  endfacet
  facet normal 0 0 1
    outer loop
      vertex 8.42235 14.7359 14
      vertex 8.80023 14.5833 14
      vertex 8.68245 14.6455 14
    endloop
  endfacet
  facet normal 0 0 1
    outer loop
      vertex 9.26488 11.9931 14
      vertex 8.42267 11.3621 14
      vertex 9.19113 11.877 14
    endloop
  endfacet
  facet normal 0 0 1
    outer loop
      vertex 8.42235 14.7359 14
      vertex 8.68245 14.6455 14
      vertex 8.55649 14.6963 14
    endloop
  endfacet
  facet normal 0 0 1
    outer loop
      vertex 9.10754 11.7703 14
      vertex 8.42267 11.3621 14
      vertex 9.01477 11.6739 14
    endloop
  endfacet
  facet normal 0 0 1
    outer loop
      vertex 9.26305 14.1085 14
      vertex 8.42235 14.7359 14
      vertex 8.28003 14.7641 14
    endloop
  endfacet
  facet normal 0 0 1
    outer loop
      vertex 9.38194 13.854 14
      vertex 8.28003 14.7641 14
      vertex 8.12955 14.7811 14
    endloop
  endfacet
  facet normal 0 0 1
    outer loop
      vertex 9.01477 11.6739 14
      vertex 8.42267 11.3621 14
      vertex 8.91345 11.5889 14
    endloop
  endfacet
  facet normal 0 0 1
    outer loop
      vertex 9.42653 13.714 14
      vertex 8.12955 14.7811 14
      vertex 7.97089 14.7867 14
    endloop
  endfacet
  facet normal 0 0 1
    outer loop
      vertex 8.80359 11.5152 14
      vertex 8.42267 11.3621 14
      vertex 8.68517 11.4528 14
    endloop
  endfacet
  facet normal 0 0 1
    outer loop
      vertex 9.46121 13.5654 14
      vertex 7.97089 14.7867 14
      vertex 6.44666 13.4129 14
    endloop
  endfacet
  facet normal 0 0 1
    outer loop
      vertex 8.68517 11.4528 14
      vertex 8.42267 11.3621 14
      vertex 8.55818 11.4017 14
    endloop
  endfacet
  facet normal 0 0 1
    outer loop
      vertex 6.47151 13.5716 14
      vertex 7.97089 14.7867 14
      vertex 7.81091 14.7812 14
    endloop
  endfacet
  facet normal 0 0 1
    outer loop
      vertex 8.91345 11.5889 14
      vertex 8.42267 11.3621 14
      vertex 8.80359 11.5152 14
    endloop
  endfacet
  facet normal 0 0 1
    outer loop
      vertex 6.50632 13.7212 14
      vertex 7.81091 14.7812 14
      vertex 7.65924 14.7644 14
    endloop
  endfacet
  facet normal 0 0 1
    outer loop
      vertex 9.19113 11.877 14
      vertex 8.42267 11.3621 14
      vertex 9.10754 11.7703 14
    endloop
  endfacet
  facet normal 0 -0 1
    outer loop
      vertex 8.42267 11.3621 14
      vertex 9.26488 11.9931 14
      vertex 8.27858 11.3337 14
    endloop
  endfacet
  facet normal 0 0 1
    outer loop
      vertex 6.55107 13.862 14
      vertex 7.65924 14.7644 14
      vertex 7.51585 14.7366 14
    endloop
  endfacet
  facet normal 0 0 1
    outer loop
      vertex 9.42712 12.3978 14
      vertex 8.12595 11.3167 14
      vertex 9.38287 12.2536 14
    endloop
  endfacet
  facet normal 0 0 1
    outer loop
      vertex 6.55107 13.862 14
      vertex 7.51585 14.7366 14
      vertex 7.38075 14.6975 14
    endloop
  endfacet
  facet normal -0 -0 1
    outer loop
      vertex 6.50723 12.4159 14
      vertex 7.96477 11.3111 14
      vertex 6.47202 12.5667 14
    endloop
  endfacet
  facet normal 0 0 1
    outer loop
      vertex 6.55107 13.862 14
      vertex 7.38075 14.6975 14
      vertex 7.25394 14.6474 14
    endloop
  endfacet
  facet normal 0 0 1
    outer loop
      vertex 7.96477 11.3111 14
      vertex 6.50723 12.4159 14
      vertex 7.80795 11.3169 14
    endloop
  endfacet
  facet normal 0 0 1
    outer loop
      vertex 6.55107 13.862 14
      vertex 7.25394 14.6474 14
      vertex 7.13541 14.586 14
    endloop
  endfacet
  facet normal -0 -0 1
    outer loop
      vertex 6.55249 12.2733 14
      vertex 7.80795 11.3169 14
      vertex 6.50723 12.4159 14
    endloop
  endfacet
  facet normal 0 0 1
    outer loop
      vertex 6.55107 13.862 14
      vertex 7.13541 14.586 14
      vertex 7.02516 14.5135 14
    endloop
  endfacet
  facet normal 0 0 1
    outer loop
      vertex 7.80795 11.3169 14
      vertex 6.55249 12.2733 14
      vertex 7.65892 11.3345 14
    endloop
  endfacet
  facet normal 0 0 1
    outer loop
      vertex 6.55107 13.862 14
      vertex 7.02516 14.5135 14
      vertex 6.92322 14.4299 14
    endloop
  endfacet
  facet normal 0 0 1
    outer loop
      vertex 7.65892 11.3345 14
      vertex 6.55249 12.2733 14
      vertex 7.5177 11.3638 14
    endloop
  endfacet
  facet normal 0 0 1
    outer loop
      vertex 6.55107 13.862 14
      vertex 6.92322 14.4299 14
      vertex 6.82954 14.3351 14
    endloop
  endfacet
  facet normal 0 0 1
    outer loop
      vertex 7.5177 11.3638 14
      vertex 6.55249 12.2733 14
      vertex 7.38428 11.4048 14
    endloop
  endfacet
  facet normal 0 0 1
    outer loop
      vertex 6.55107 13.862 14
      vertex 6.82954 14.3351 14
      vertex 6.74501 14.2303 14
    endloop
  endfacet
  facet normal 0 0 1
    outer loop
      vertex 7.25865 11.4575 14
      vertex 6.55249 12.2733 14
      vertex 7.14082 11.5219 14
    endloop
  endfacet
  facet normal 0 0 1
    outer loop
      vertex 6.55107 13.862 14
      vertex 6.74501 14.2303 14
      vertex 6.67043 14.1165 14
    endloop
  endfacet
  facet normal 0 0 1
    outer loop
      vertex 7.14082 11.5219 14
      vertex 6.55249 12.2733 14
      vertex 7.03079 11.5981 14
    endloop
  endfacet
  facet normal 0 0 1
    outer loop
      vertex 6.55107 13.862 14
      vertex 6.67043 14.1165 14
      vertex 6.60577 13.9937 14
    endloop
  endfacet
  facet normal 0 0 1
    outer loop
      vertex 7.03079 11.5981 14
      vertex 6.55249 12.2733 14
      vertex 6.92857 11.6859 14
    endloop
  endfacet
  facet normal 0 0 1
    outer loop
      vertex 7.65924 14.7644 14
      vertex 6.55107 13.862 14
      vertex 6.50632 13.7212 14
    endloop
  endfacet
  facet normal 0 0 1
    outer loop
      vertex 6.74864 11.8951 14
      vertex 6.60782 12.139 14
      vertex 6.6732 12.0129 14
    endloop
  endfacet
  facet normal 0 0 1
    outer loop
      vertex 7.81091 14.7812 14
      vertex 6.50632 13.7212 14
      vertex 6.47151 13.5716 14
    endloop
  endfacet
  facet normal 0 0 1
    outer loop
      vertex 6.74864 11.8951 14
      vertex 6.55249 12.2733 14
      vertex 6.60782 12.139 14
    endloop
  endfacet
  facet normal 0 0 1
    outer loop
      vertex 7.97089 14.7867 14
      vertex 6.47151 13.5716 14
      vertex 6.44666 13.4129 14
    endloop
  endfacet
  facet normal 0 0 1
    outer loop
      vertex 6.92857 11.6859 14
      vertex 6.55249 12.2733 14
      vertex 6.83414 11.7855 14
    endloop
  endfacet
  facet normal 0 0 1
    outer loop
      vertex 9.48598 13.4084 14
      vertex 6.44666 13.4129 14
      vertex 6.43173 13.2453 14
    endloop
  endfacet
  facet normal 0 0 1
    outer loop
      vertex 6.83414 11.7855 14
      vertex 6.55249 12.2733 14
      vertex 6.74864 11.8951 14
    endloop
  endfacet
  facet normal 0 0 1
    outer loop
      vertex 9.50084 13.2428 14
      vertex 6.43173 13.2453 14
      vertex 6.42676 13.0687 14
    endloop
  endfacet
  facet normal 0 0 1
    outer loop
      vertex 7.38428 11.4048 14
      vertex 6.55249 12.2733 14
      vertex 7.25865 11.4575 14
    endloop
  endfacet
  facet normal 0.803137 -0.595794 0
    outer loop
      vertex 26.592 -16.5376 14
      vertex 26.8259 -16.2223 0
      vertex 26.8259 -16.2223 14
    endloop
  endfacet
  facet normal 0.803137 -0.595794 0
    outer loop
      vertex 26.8259 -16.2223 0
      vertex 26.592 -16.5376 14
      vertex 26.592 -16.5376 0
    endloop
  endfacet
  facet normal 0 0 -1
    outer loop
      vertex 27.5 -8 2
      vertex 5.2 -1.05 2
      vertex 27.5 8 2
    endloop
  endfacet
  facet normal 0 0 -1
    outer loop
      vertex 27.5 -8 2
      vertex 2.3 -2.4 2
      vertex 5.2 -1.05 2
    endloop
  endfacet
  facet normal 0 0 -1
    outer loop
      vertex 27.5 -8 2
      vertex -2.3 -2.4 2
      vertex 2.3 -2.4 2
    endloop
  endfacet
  facet normal 0 0 -1
    outer loop
      vertex -2.3 -2.4 2
      vertex -5.2 -1.05 2
      vertex -2.3 -1.05 2
    endloop
  endfacet
  facet normal 0 0 -1
    outer loop
      vertex -27.5 8 2
      vertex -5.2 -1.05 2
      vertex -27.5 -8 2
    endloop
  endfacet
  facet normal -0 0 -1
    outer loop
      vertex -2.3 -2.4 2
      vertex -27.5 -8 2
      vertex -5.2 -1.05 2
    endloop
  endfacet
  facet normal 0 0 -1
    outer loop
      vertex -27.5 -8 2
      vertex -2.3 -2.4 2
      vertex 27.5 -8 2
    endloop
  endfacet
  facet normal 0 0 -1
    outer loop
      vertex 5.2 3.55 2
      vertex 27.5 8 2
      vertex 5.2 -1.05 2
    endloop
  endfacet
  facet normal 0 0 -1
    outer loop
      vertex -5.2 3.55 2
      vertex 27.5 8 2
      vertex 5.2 3.55 2
    endloop
  endfacet
  facet normal 0 0 -1
    outer loop
      vertex -5.2 3.55 2
      vertex -27.5 8 2
      vertex 27.5 8 2
    endloop
  endfacet
  facet normal 0 0 -1
    outer loop
      vertex -5.2 -1.05 2
      vertex -27.5 8 2
      vertex -5.2 3.55 2
    endloop
  endfacet
  facet normal -0 0 -1
    outer loop
      vertex 5.2 -1.05 2
      vertex 2.3 -2.4 2
      vertex 2.3 -1.05 2
    endloop
  endfacet
  facet normal 0 -1 0
    outer loop
      vertex -27.5 8 0
      vertex 27.5 8 2
      vertex -27.5 8 2
    endloop
  endfacet
  facet normal 0 -1 -0
    outer loop
      vertex 27.5 8 2
      vertex -27.5 8 0
      vertex 27.5 8 0
    endloop
  endfacet
  facet normal 0 1 -0
    outer loop
      vertex 27.5 -8 0
      vertex -27.5 -8 2
      vertex 27.5 -8 2
    endloop
  endfacet
  facet normal 0 1 0
    outer loop
      vertex -27.5 -8 2
      vertex 27.5 -8 0
      vertex -27.5 -8 0
    endloop
  endfacet
  facet normal -1 0 0
    outer loop
      vertex 5.2 -1.05 2
      vertex 5.2 3.55 6
      vertex 5.2 3.55 2
    endloop
  endfacet
  facet normal -1 -0 0
    outer loop
      vertex 5.2 3.55 6
      vertex 5.2 -1.05 2
      vertex 5.2 -1.05 6
    endloop
  endfacet
  facet normal 1 -0 0
    outer loop
      vertex -5.2 -1.05 6
      vertex -5.2 3.55 2
      vertex -5.2 3.55 6
    endloop
  endfacet
  facet normal 1 0 0
    outer loop
      vertex -5.2 3.55 2
      vertex -5.2 -1.05 6
      vertex -5.2 -1.05 2
    endloop
  endfacet
  facet normal 0 -1 0
    outer loop
      vertex -5.2 3.55 2
      vertex 5.2 3.55 6
      vertex -5.2 3.55 6
    endloop
  endfacet
  facet normal 0 -1 -0
    outer loop
      vertex 5.2 3.55 6
      vertex -5.2 3.55 2
      vertex 5.2 3.55 2
    endloop
  endfacet
  facet normal 0 1 -0
    outer loop
      vertex -2.3 -1.05 2
      vertex -5.2 -1.05 6
      vertex -2.3 -1.05 6
    endloop
  endfacet
  facet normal 0 1 0
    outer loop
      vertex -5.2 -1.05 6
      vertex -2.3 -1.05 2
      vertex -5.2 -1.05 2
    endloop
  endfacet
  facet normal 0 1 -0
    outer loop
      vertex 5.2 -1.05 2
      vertex 2.3 -1.05 6
      vertex 5.2 -1.05 6
    endloop
  endfacet
  facet normal 0 1 0
    outer loop
      vertex 2.3 -1.05 6
      vertex 5.2 -1.05 2
      vertex 2.3 -1.05 2
    endloop
  endfacet
  facet normal -1 0 0
    outer loop
      vertex 2.3 -2.4 2
      vertex 2.3 -1.05 6
      vertex 2.3 -1.05 2
    endloop
  endfacet
  facet normal -1 -0 0
    outer loop
      vertex 2.3 -1.05 6
      vertex 2.3 -2.4 2
      vertex 2.3 -2.4 6
    endloop
  endfacet
  facet normal 1 -0 0
    outer loop
      vertex -2.3 -2.4 6
      vertex -2.3 -1.05 2
      vertex -2.3 -1.05 6
    endloop
  endfacet
  facet normal 1 0 0
    outer loop
      vertex -2.3 -1.05 2
      vertex -2.3 -2.4 6
      vertex -2.3 -2.4 2
    endloop
  endfacet
  facet normal 0 1 -0
    outer loop
      vertex 2.3 -2.4 2
      vertex -2.3 -2.4 6
      vertex 2.3 -2.4 6
    endloop
  endfacet
  facet normal 0 1 0
    outer loop
      vertex -2.3 -2.4 6
      vertex 2.3 -2.4 2
      vertex -2.3 -2.4 2
    endloop
  endfacet
  facet normal -1 0 0
    outer loop
      vertex 8.5 -5.25 6
      vertex 8.5 7.25 14
      vertex 8.5 7.25 6
    endloop
  endfacet
  facet normal -1 -0 0
    outer loop
      vertex 8.5 7.25 14
      vertex 8.5 -5.25 6
      vertex 8.5 -5.25 14
    endloop
  endfacet
  facet normal 0 0 1
    outer loop
      vertex -2.3 -1.05 6
      vertex -5.2 -1.05 6
      vertex -2.3 -2.4 6
    endloop
  endfacet
  facet normal 0 0 1
    outer loop
      vertex 5.2 -1.05 6
      vertex 8.5 7.25 6
      vertex 5.2 3.55 6
    endloop
  endfacet
  facet normal 0 0 1
    outer loop
      vertex 8.5 7.25 6
      vertex -5.2 3.55 6
      vertex 5.2 3.55 6
    endloop
  endfacet
  facet normal 0 0 1
    outer loop
      vertex -5.2 3.55 6
      vertex -8.5 7.25 6
      vertex -5.2 -1.05 6
    endloop
  endfacet
  facet normal -0 0 1
    outer loop
      vertex -8.5 7.25 6
      vertex -5.2 3.55 6
      vertex 8.5 7.25 6
    endloop
  endfacet
  facet normal 0 0 1
    outer loop
      vertex 8.5 7.25 6
      vertex 5.2 -1.05 6
      vertex 8.5 -5.25 6
    endloop
  endfacet
  facet normal 0 0 1
    outer loop
      vertex 2.3 -2.4 6
      vertex 5.2 -1.05 6
      vertex 2.3 -1.05 6
    endloop
  endfacet
  facet normal 0 0 1
    outer loop
      vertex 5.2 -1.05 6
      vertex 2.3 -2.4 6
      vertex 8.5 -5.25 6
    endloop
  endfacet
  facet normal -0 0 1
    outer loop
      vertex -2.3 -2.4 6
      vertex 8.5 -5.25 6
      vertex 2.3 -2.4 6
    endloop
  endfacet
  facet normal 0 0 1
    outer loop
      vertex -2.3 -2.4 6
      vertex -8.5 -5.25 6
      vertex 8.5 -5.25 6
    endloop
  endfacet
  facet normal 0 0 1
    outer loop
      vertex -5.2 -1.05 6
      vertex -8.5 -5.25 6
      vertex -2.3 -2.4 6
    endloop
  endfacet
  facet normal 0 0 1
    outer loop
      vertex -8.5 -5.25 6
      vertex -5.2 -1.05 6
      vertex -8.5 7.25 6
    endloop
  endfacet
  facet normal 1 -0 0
    outer loop
      vertex -8.5 -5.25 14
      vertex -8.5 7.25 6
      vertex -8.5 7.25 14
    endloop
  endfacet
  facet normal 1 0 0
    outer loop
      vertex -8.5 7.25 6
      vertex -8.5 -5.25 14
      vertex -8.5 -5.25 6
    endloop
  endfacet
  facet normal 0 -1 0
    outer loop
      vertex -8.5 7.25 6
      vertex 8.5 7.25 14
      vertex -8.5 7.25 14
    endloop
  endfacet
  facet normal 0 -1 -0
    outer loop
      vertex 8.5 7.25 14
      vertex -8.5 7.25 6
      vertex 8.5 7.25 6
    endloop
  endfacet
  facet normal 0 1 -0
    outer loop
      vertex 8.5 -5.25 6
      vertex -8.5 -5.25 14
      vertex 8.5 -5.25 14
    endloop
  endfacet
  facet normal 0 1 0
    outer loop
      vertex -8.5 -5.25 14
      vertex 8.5 -5.25 6
      vertex -8.5 -5.25 6
    endloop
  endfacet
  facet normal 0 0 1
    outer loop
      vertex 2.27086 -11.5665 13.4
      vertex -1.02481 -12.2012 13.4
      vertex 2.27086 -12.2012 13.4
    endloop
  endfacet
  facet normal 0 0 1
    outer loop
      vertex -1.80193 -11.5665 13.4
      vertex -1.02481 -14.3333 13.4
      vertex -1.02481 -12.2012 13.4
    endloop
  endfacet
  facet normal 0 0 1
    outer loop
      vertex -1.80193 -17.2994 13.4
      vertex -1.02481 -14.3333 13.4
      vertex -1.80193 -11.5665 13.4
    endloop
  endfacet
  facet normal -0 0 1
    outer loop
      vertex -1.80193 -11.5665 13.4
      vertex -1.02481 -12.2012 13.4
      vertex 2.27086 -11.5665 13.4
    endloop
  endfacet
  facet normal 0 0 1
    outer loop
      vertex -1.02481 -14.3333 13.4
      vertex -1.80193 -17.2994 13.4
      vertex -1.02481 -14.9761 13.4
    endloop
  endfacet
  facet normal 0 0 1
    outer loop
      vertex -1.02481 -14.9761 13.4
      vertex -1.80193 -17.2994 13.4
      vertex -1.02481 -17.2994 13.4
    endloop
  endfacet
  facet normal -0 0 1
    outer loop
      vertex -1.02481 -14.3333 13.4
      vertex 2.17317 -14.9761 13.4
      vertex 2.17317 -14.3333 13.4
    endloop
  endfacet
  facet normal 0 0 1
    outer loop
      vertex 2.17317 -14.9761 13.4
      vertex -1.02481 -14.3333 13.4
      vertex -1.02481 -14.9761 13.4
    endloop
  endfacet
  facet normal 0 1 -0
    outer loop
      vertex 2.17317 -14.9761 13.4
      vertex -1.02481 -14.9761 14
      vertex 2.17317 -14.9761 14
    endloop
  endfacet
  facet normal 0 1 0
    outer loop
      vertex -1.02481 -14.9761 14
      vertex 2.17317 -14.9761 13.4
      vertex -1.02481 -14.9761 13.4
    endloop
  endfacet
  facet normal -1 0 0
    outer loop
      vertex 2.17317 -14.9761 13.4
      vertex 2.17317 -14.3333 14
      vertex 2.17317 -14.3333 13.4
    endloop
  endfacet
  facet normal -1 -0 0
    outer loop
      vertex 2.17317 -14.3333 14
      vertex 2.17317 -14.9761 13.4
      vertex 2.17317 -14.9761 14
    endloop
  endfacet
  facet normal 0 -1 0
    outer loop
      vertex -1.02481 -14.3333 13.4
      vertex 2.17317 -14.3333 14
      vertex -1.02481 -14.3333 14
    endloop
  endfacet
  facet normal 0 -1 -0
    outer loop
      vertex 2.17317 -14.3333 14
      vertex -1.02481 -14.3333 13.4
      vertex 2.17317 -14.3333 13.4
    endloop
  endfacet
  facet normal -1 0 0
    outer loop
      vertex -1.02481 -14.3333 13.4
      vertex -1.02481 -12.2012 14
      vertex -1.02481 -12.2012 13.4
    endloop
  endfacet
  facet normal -1 -0 0
    outer loop
      vertex -1.02481 -12.2012 14
      vertex -1.02481 -14.3333 13.4
      vertex -1.02481 -14.3333 14
    endloop
  endfacet
  facet normal 0 1 -0
    outer loop
      vertex 2.27086 -12.2012 13.4
      vertex -1.02481 -12.2012 14
      vertex 2.27086 -12.2012 14
    endloop
  endfacet
  facet normal 0 1 0
    outer loop
      vertex -1.02481 -12.2012 14
      vertex 2.27086 -12.2012 13.4
      vertex -1.02481 -12.2012 13.4
    endloop
  endfacet
  facet normal -1 0 0
    outer loop
      vertex 2.27086 -12.2012 13.4
      vertex 2.27086 -11.5665 14
      vertex 2.27086 -11.5665 13.4
    endloop
  endfacet
  facet normal -1 -0 0
    outer loop
      vertex 2.27086 -11.5665 14
      vertex 2.27086 -12.2012 13.4
      vertex 2.27086 -12.2012 14
    endloop
  endfacet
  facet normal 0 -1 0
    outer loop
      vertex -1.80193 -11.5665 13.4
      vertex 2.27086 -11.5665 14
      vertex -1.80193 -11.5665 14
    endloop
  endfacet
  facet normal 0 -1 -0
    outer loop
      vertex 2.27086 -11.5665 14
      vertex -1.80193 -11.5665 13.4
      vertex 2.27086 -11.5665 13.4
    endloop
  endfacet
  facet normal 1 -0 0
    outer loop
      vertex -1.80193 -17.2994 14
      vertex -1.80193 -11.5665 13.4
      vertex -1.80193 -11.5665 14
    endloop
  endfacet
  facet normal 1 0 0
    outer loop
      vertex -1.80193 -11.5665 13.4
      vertex -1.80193 -17.2994 14
      vertex -1.80193 -17.2994 13.4
    endloop
  endfacet
  facet normal 0 1 -0
    outer loop
      vertex -1.02481 -17.2994 13.4
      vertex -1.80193 -17.2994 14
      vertex -1.02481 -17.2994 14
    endloop
  endfacet
  facet normal 0 1 0
    outer loop
      vertex -1.80193 -17.2994 14
      vertex -1.02481 -17.2994 13.4
      vertex -1.80193 -17.2994 13.4
    endloop
  endfacet
  facet normal -1 0 0
    outer loop
      vertex -1.02481 -17.2994 13.4
      vertex -1.02481 -14.9761 14
      vertex -1.02481 -14.9761 13.4
    endloop
  endfacet
  facet normal -1 -0 0
    outer loop
      vertex -1.02481 -14.9761 14
      vertex -1.02481 -17.2994 13.4
      vertex -1.02481 -17.2994 14
    endloop
  endfacet
  facet normal 0 0 1
    outer loop
      vertex -7.60362 14.1638 13.4
      vertex -7.06194 14.3641 13.4
      vertex -7.12308 14.4713 13.4
    endloop
  endfacet
  facet normal 0 0 1
    outer loop
      vertex -7.64946 14.2378 13.4
      vertex -7.12308 14.4713 13.4
      vertex -7.18927 14.5715 13.4
    endloop
  endfacet
  facet normal 0 0 1
    outer loop
      vertex -7.69872 14.307 13.4
      vertex -7.18927 14.5715 13.4
      vertex -7.26051 14.6644 13.4
    endloop
  endfacet
  facet normal 0 0 1
    outer loop
      vertex -7.7514 14.3712 13.4
      vertex -7.26051 14.6644 13.4
      vertex -7.33679 14.7502 13.4
    endloop
  endfacet
  facet normal 0 0 1
    outer loop
      vertex -7.7514 14.3712 13.4
      vertex -7.33679 14.7502 13.4
      vertex -7.41814 14.8288 13.4
    endloop
  endfacet
  facet normal 0 0 1
    outer loop
      vertex -7.80753 14.4305 13.4
      vertex -7.41814 14.8288 13.4
      vertex -7.50452 14.9003 13.4
    endloop
  endfacet
  facet normal 0 0 1
    outer loop
      vertex -7.12308 14.4713 13.4
      vertex -7.64946 14.2378 13.4
      vertex -7.60362 14.1638 13.4
    endloop
  endfacet
  facet normal 0 0 1
    outer loop
      vertex -7.86707 14.485 13.4
      vertex -7.50452 14.9003 13.4
      vertex -7.59596 14.9646 13.4
    endloop
  endfacet
  facet normal 0 0 1
    outer loop
      vertex -7.06194 14.3641 13.4
      vertex -7.56122 14.0849 13.4
      vertex -7.00583 14.2497 13.4
    endloop
  endfacet
  facet normal 0 0 1
    outer loop
      vertex -7.06194 14.3641 13.4
      vertex -7.60362 14.1638 13.4
      vertex -7.56122 14.0849 13.4
    endloop
  endfacet
  facet normal 0 0 1
    outer loop
      vertex -7.93004 14.5345 13.4
      vertex -7.59596 14.9646 13.4
      vertex -7.69244 15.0217 13.4
    endloop
  endfacet
  facet normal 0 0 1
    outer loop
      vertex -7.18927 14.5715 13.4
      vertex -7.69872 14.307 13.4
      vertex -7.64946 14.2378 13.4
    endloop
  endfacet
  facet normal 0 0 1
    outer loop
      vertex -7.26051 14.6644 13.4
      vertex -7.7514 14.3712 13.4
      vertex -7.69872 14.307 13.4
    endloop
  endfacet
  facet normal 0 0 1
    outer loop
      vertex -7.99643 14.5791 13.4
      vertex -7.69244 15.0217 13.4
      vertex -7.79477 15.0723 13.4
    endloop
  endfacet
  facet normal 0 0 1
    outer loop
      vertex -7.41814 14.8288 13.4
      vertex -7.80753 14.4305 13.4
      vertex -7.7514 14.3712 13.4
    endloop
  endfacet
  facet normal 0 0 1
    outer loop
      vertex -7.50452 14.9003 13.4
      vertex -7.86707 14.485 13.4
      vertex -7.80753 14.4305 13.4
    endloop
  endfacet
  facet normal 0 0 1
    outer loop
      vertex -8.06625 14.6189 13.4
      vertex -7.79477 15.0723 13.4
      vertex -7.90373 15.117 13.4
    endloop
  endfacet
  facet normal 0 0 1
    outer loop
      vertex -7.59596 14.9646 13.4
      vertex -7.93004 14.5345 13.4
      vertex -7.86707 14.485 13.4
    endloop
  endfacet
  facet normal 0 0 1
    outer loop
      vertex -7.69244 15.0217 13.4
      vertex -7.99643 14.5791 13.4
      vertex -7.93004 14.5345 13.4
    endloop
  endfacet
  facet normal 0 0 1
    outer loop
      vertex -8.13974 14.6541 13.4
      vertex -7.90373 15.117 13.4
      vertex -8.01932 15.1557 13.4
    endloop
  endfacet
  facet normal 0 0 1
    outer loop
      vertex -7.79477 15.0723 13.4
      vertex -8.06625 14.6189 13.4
      vertex -7.99643 14.5791 13.4
    endloop
  endfacet
  facet normal 0 0 1
    outer loop
      vertex -7.90373 15.117 13.4
      vertex -8.13974 14.6541 13.4
      vertex -8.06625 14.6189 13.4
    endloop
  endfacet
  facet normal 0 0 1
    outer loop
      vertex -8.2171 14.6852 13.4
      vertex -8.01932 15.1557 13.4
      vertex -8.14153 15.1884 13.4
    endloop
  endfacet
  facet normal 0 0 1
    outer loop
      vertex -8.01932 15.1557 13.4
      vertex -8.2171 14.6852 13.4
      vertex -8.13974 14.6541 13.4
    endloop
  endfacet
  facet normal 0 0 1
    outer loop
      vertex -8.29834 14.7121 13.4
      vertex -8.14153 15.1884 13.4
      vertex -8.27037 15.2152 13.4
    endloop
  endfacet
  facet normal 0 0 1
    outer loop
      vertex -8.14153 15.1884 13.4
      vertex -8.29834 14.7121 13.4
      vertex -8.2171 14.6852 13.4
    endloop
  endfacet
  facet normal 0 0 1
    outer loop
      vertex -8.27037 15.2152 13.4
      vertex -8.38347 14.7349 13.4
      vertex -8.29834 14.7121 13.4
    endloop
  endfacet
  facet normal 0 0 1
    outer loop
      vertex -8.40584 15.236 13.4
      vertex -8.38347 14.7349 13.4
      vertex -8.27037 15.2152 13.4
    endloop
  endfacet
  facet normal 0 0 1
    outer loop
      vertex -8.40584 15.236 13.4
      vertex -8.47247 14.7536 13.4
      vertex -8.38347 14.7349 13.4
    endloop
  endfacet
  facet normal 0 0 1
    outer loop
      vertex -8.56535 14.7681 13.4
      vertex -8.40584 15.236 13.4
      vertex -8.54794 15.2509 13.4
    endloop
  endfacet
  facet normal 0 0 1
    outer loop
      vertex -8.40584 15.236 13.4
      vertex -8.56535 14.7681 13.4
      vertex -8.47247 14.7536 13.4
    endloop
  endfacet
  facet normal 0 0 1
    outer loop
      vertex -8.54794 15.2509 13.4
      vertex -8.66212 14.7785 13.4
      vertex -8.56535 14.7681 13.4
    endloop
  endfacet
  facet normal 0 0 1
    outer loop
      vertex -8.69669 15.2598 13.4
      vertex -8.66212 14.7785 13.4
      vertex -8.54794 15.2509 13.4
    endloop
  endfacet
  facet normal 0 0 1
    outer loop
      vertex -8.69669 15.2598 13.4
      vertex -8.76277 14.7847 13.4
      vertex -8.66212 14.7785 13.4
    endloop
  endfacet
  facet normal 0 0 1
    outer loop
      vertex -8.85205 15.2628 13.4
      vertex -8.76277 14.7847 13.4
      vertex -8.69669 15.2598 13.4
    endloop
  endfacet
  facet normal 0 0 1
    outer loop
      vertex -8.85205 15.2628 13.4
      vertex -8.86731 14.7867 13.4
      vertex -8.76277 14.7847 13.4
    endloop
  endfacet
  facet normal 0 0 1
    outer loop
      vertex -8.85205 15.2628 13.4
      vertex -9.02843 14.7812 13.4
      vertex -8.86731 14.7867 13.4
    endloop
  endfacet
  facet normal -0 0 1
    outer loop
      vertex -9.07225 15.2557 13.4
      vertex -9.02843 14.7812 13.4
      vertex -8.85205 15.2628 13.4
    endloop
  endfacet
  facet normal 0 0 1
    outer loop
      vertex -9.07225 15.2557 13.4
      vertex -9.18089 14.7645 13.4
      vertex -9.02843 14.7812 13.4
    endloop
  endfacet
  facet normal -0 0 1
    outer loop
      vertex -9.28122 15.2345 13.4
      vertex -9.18089 14.7645 13.4
      vertex -9.07225 15.2557 13.4
    endloop
  endfacet
  facet normal 0 0 1
    outer loop
      vertex -9.28122 15.2345 13.4
      vertex -9.32469 14.7367 13.4
      vertex -9.18089 14.7645 13.4
    endloop
  endfacet
  facet normal -0 0 1
    outer loop
      vertex -9.47896 15.1991 13.4
      vertex -9.32469 14.7367 13.4
      vertex -9.28122 15.2345 13.4
    endloop
  endfacet
  facet normal 0 0 1
    outer loop
      vertex -9.32469 14.7367 13.4
      vertex -9.47896 15.1991 13.4
      vertex -9.45982 14.6978 13.4
    endloop
  endfacet
  facet normal -0 0 1
    outer loop
      vertex -9.66548 15.1495 13.4
      vertex -9.45982 14.6978 13.4
      vertex -9.47896 15.1991 13.4
    endloop
  endfacet
  facet normal 0 0 1
    outer loop
      vertex -9.45982 14.6978 13.4
      vertex -9.66548 15.1495 13.4
      vertex -9.5863 14.6478 13.4
    endloop
  endfacet
  facet normal -0 0 1
    outer loop
      vertex -9.84077 15.0857 13.4
      vertex -9.5863 14.6478 13.4
      vertex -9.66548 15.1495 13.4
    endloop
  endfacet
  facet normal 0 0 1
    outer loop
      vertex -9.5863 14.6478 13.4
      vertex -9.84077 15.0857 13.4
      vertex -9.7041 14.5867 13.4
    endloop
  endfacet
  facet normal -0 0 1
    outer loop
      vertex -10.0049 15.0078 13.4
      vertex -9.7041 14.5867 13.4
      vertex -9.84077 15.0857 13.4
    endloop
  endfacet
  facet normal 0 0 1
    outer loop
      vertex -9.7041 14.5867 13.4
      vertex -10.0049 15.0078 13.4
      vertex -9.81325 14.5144 13.4
    endloop
  endfacet
  facet normal -0 0 1
    outer loop
      vertex -10.1577 14.9157 13.4
      vertex -9.81325 14.5144 13.4
      vertex -10.0049 15.0078 13.4
    endloop
  endfacet
  facet normal 0 0 1
    outer loop
      vertex -9.81325 14.5144 13.4
      vertex -10.1577 14.9157 13.4
      vertex -9.91373 14.4311 13.4
    endloop
  endfacet
  facet normal -0 0 1
    outer loop
      vertex -10.2993 14.8095 13.4
      vertex -9.91373 14.4311 13.4
      vertex -10.1577 14.9157 13.4
    endloop
  endfacet
  facet normal 0 0 1
    outer loop
      vertex -9.91373 14.4311 13.4
      vertex -10.2993 14.8095 13.4
      vertex -10.0055 14.3366 13.4
    endloop
  endfacet
  facet normal -0 0 1
    outer loop
      vertex -10.4297 14.6891 13.4
      vertex -10.0055 14.3366 13.4
      vertex -10.2993 14.8095 13.4
    endloop
  endfacet
  facet normal 0 0 1
    outer loop
      vertex -10.0055 14.3366 13.4
      vertex -10.4297 14.6891 13.4
      vertex -10.0882 14.232 13.4
    endloop
  endfacet
  facet normal -0 0 1
    outer loop
      vertex -10.5475 14.5558 13.4
      vertex -10.0882 14.232 13.4
      vertex -10.4297 14.6891 13.4
    endloop
  endfacet
  facet normal 0 0 1
    outer loop
      vertex -10.0882 14.232 13.4
      vertex -10.5475 14.5558 13.4
      vertex -10.1611 14.1184 13.4
    endloop
  endfacet
  facet normal -0 0 1
    outer loop
      vertex -10.6515 14.4108 13.4
      vertex -10.1611 14.1184 13.4
      vertex -10.5475 14.5558 13.4
    endloop
  endfacet
  facet normal 0 0 1
    outer loop
      vertex -10.1611 14.1184 13.4
      vertex -10.6515 14.4108 13.4
      vertex -10.2242 13.9957 13.4
    endloop
  endfacet
  facet normal -0 0 1
    outer loop
      vertex -10.7416 14.2541 13.4
      vertex -10.2242 13.9957 13.4
      vertex -10.6515 14.4108 13.4
    endloop
  endfacet
  facet normal -0 0 1
    outer loop
      vertex -10.8179 14.0857 13.4
      vertex -10.2242 13.9957 13.4
      vertex -10.7416 14.2541 13.4
    endloop
  endfacet
  facet normal -0 0 1
    outer loop
      vertex -10.8803 13.9057 13.4
      vertex -10.2777 13.8639 13.4
      vertex -10.8179 14.0857 13.4
    endloop
  endfacet
  facet normal 0 0 1
    outer loop
      vertex -10.2242 13.9957 13.4
      vertex -10.8179 14.0857 13.4
      vertex -10.2777 13.8639 13.4
    endloop
  endfacet
  facet normal -0 0 1
    outer loop
      vertex -7.44832 12.5622 13.4
      vertex -6.91124 11.5674 13.4
      vertex -6.91124 13.0504 13.4
    endloop
  endfacet
  facet normal -0 0 1
    outer loop
      vertex -7.44832 11.787 13.4
      vertex -6.91124 11.5674 13.4
      vertex -7.44832 12.5622 13.4
    endloop
  endfacet
  facet normal 0 0 1
    outer loop
      vertex -6.91124 11.5674 13.4
      vertex -7.44832 11.787 13.4
      vertex -6.98911 11.492 13.4
    endloop
  endfacet
  facet normal 0 0 1
    outer loop
      vertex -7.07076 11.4205 13.4
      vertex -7.44832 11.787 13.4
      vertex -7.15622 11.3529 13.4
    endloop
  endfacet
  facet normal -0 0 1
    outer loop
      vertex -7.50021 11.7394 13.4
      vertex -7.15622 11.3529 13.4
      vertex -7.44832 11.787 13.4
    endloop
  endfacet
  facet normal 0 0 1
    outer loop
      vertex -7.15622 11.3529 13.4
      vertex -7.50021 11.7394 13.4
      vertex -7.24548 11.2892 13.4
    endloop
  endfacet
  facet normal 0 0 1
    outer loop
      vertex -6.98911 11.492 13.4
      vertex -7.44832 11.787 13.4
      vertex -7.07076 11.4205 13.4
    endloop
  endfacet
  facet normal -0 0 1
    outer loop
      vertex -8.73303 13.0504 13.4
      vertex -7.44832 12.5622 13.4
      vertex -6.91124 13.0504 13.4
    endloop
  endfacet
  facet normal 0 0 1
    outer loop
      vertex -7.44832 12.5622 13.4
      vertex -8.73303 13.0504 13.4
      vertex -8.73303 12.5622 13.4
    endloop
  endfacet
  facet normal -0 0 1
    outer loop
      vertex -7.55554 11.6939 13.4
      vertex -7.24548 11.2892 13.4
      vertex -7.50021 11.7394 13.4
    endloop
  endfacet
  facet normal 0 0 1
    outer loop
      vertex -7.24548 11.2892 13.4
      vertex -7.55554 11.6939 13.4
      vertex -7.33856 11.2293 13.4
    endloop
  endfacet
  facet normal -0 0 1
    outer loop
      vertex -7.61429 11.6508 13.4
      vertex -7.33856 11.2293 13.4
      vertex -7.55554 11.6939 13.4
    endloop
  endfacet
  facet normal -0 0 1
    outer loop
      vertex -7.67647 11.6098 13.4
      vertex -7.33856 11.2293 13.4
      vertex -7.61429 11.6508 13.4
    endloop
  endfacet
  facet normal 0 0 1
    outer loop
      vertex -7.33856 11.2293 13.4
      vertex -7.67647 11.6098 13.4
      vertex -7.43544 11.1734 13.4
    endloop
  endfacet
  facet normal -0 0 1
    outer loop
      vertex -7.74208 11.5712 13.4
      vertex -7.43544 11.1734 13.4
      vertex -7.67647 11.6098 13.4
    endloop
  endfacet
  facet normal 0 0 1
    outer loop
      vertex -7.43544 11.1734 13.4
      vertex -7.74208 11.5712 13.4
      vertex -7.53613 11.1213 13.4
    endloop
  endfacet
  facet normal -0 0 1
    outer loop
      vertex -7.81113 11.5348 13.4
      vertex -7.53613 11.1213 13.4
      vertex -7.74208 11.5712 13.4
    endloop
  endfacet
  facet normal 0 0 1
    outer loop
      vertex -7.53613 11.1213 13.4
      vertex -7.81113 11.5348 13.4
      vertex -7.64062 11.0731 13.4
    endloop
  endfacet
  facet normal -0 0 1
    outer loop
      vertex -7.88359 11.5007 13.4
      vertex -7.64062 11.0731 13.4
      vertex -7.81113 11.5348 13.4
    endloop
  endfacet
  facet normal 0 0 1
    outer loop
      vertex -7.64062 11.0731 13.4
      vertex -7.88359 11.5007 13.4
      vertex -7.74892 11.0288 13.4
    endloop
  endfacet
  facet normal -0 0 1
    outer loop
      vertex -7.95949 11.4688 13.4
      vertex -7.74892 11.0288 13.4
      vertex -7.88359 11.5007 13.4
    endloop
  endfacet
  facet normal 0 0 1
    outer loop
      vertex -7.74892 11.0288 13.4
      vertex -7.95949 11.4688 13.4
      vertex -7.86015 10.9887 13.4
    endloop
  endfacet
  facet normal -0 0 1
    outer loop
      vertex -8.0388 11.4392 13.4
      vertex -7.86015 10.9887 13.4
      vertex -7.95949 11.4688 13.4
    endloop
  endfacet
  facet normal 0 0 1
    outer loop
      vertex -7.86015 10.9887 13.4
      vertex -8.0388 11.4392 13.4
      vertex -7.97345 10.9534 13.4
    endloop
  endfacet
  facet normal -0 0 1
    outer loop
      vertex -8.12054 11.4123 13.4
      vertex -7.97345 10.9534 13.4
      vertex -8.0388 11.4392 13.4
    endloop
  endfacet
  facet normal 0 0 1
    outer loop
      vertex -7.97345 10.9534 13.4
      vertex -8.12054 11.4123 13.4
      vertex -8.08882 10.9228 13.4
    endloop
  endfacet
  facet normal -0 0 1
    outer loop
      vertex -8.20366 11.3886 13.4
      vertex -8.08882 10.9228 13.4
      vertex -8.12054 11.4123 13.4
    endloop
  endfacet
  facet normal -0 0 1
    outer loop
      vertex -8.28818 11.368 13.4
      vertex -8.08882 10.9228 13.4
      vertex -8.20366 11.3886 13.4
    endloop
  endfacet
  facet normal 0 0 1
    outer loop
      vertex -8.08882 10.9228 13.4
      vertex -8.28818 11.368 13.4
      vertex -8.20625 10.8969 13.4
    endloop
  endfacet
  facet normal -0 0 1
    outer loop
      vertex -8.37408 11.3506 13.4
      vertex -8.20625 10.8969 13.4
      vertex -8.28818 11.368 13.4
    endloop
  endfacet
  facet normal 0 0 1
    outer loop
      vertex -8.20625 10.8969 13.4
      vertex -8.37408 11.3506 13.4
      vertex -8.32578 10.8757 13.4
    endloop
  endfacet
  facet normal -0 0 1
    outer loop
      vertex -8.4614 11.3364 13.4
      vertex -8.32578 10.8757 13.4
      vertex -8.37408 11.3506 13.4
    endloop
  endfacet
  facet normal 0 0 1
    outer loop
      vertex -8.32578 10.8757 13.4
      vertex -8.4614 11.3364 13.4
      vertex -8.44736 10.8592 13.4
    endloop
  endfacet
  facet normal -0 0 1
    outer loop
      vertex -8.55009 11.3253 13.4
      vertex -8.44736 10.8592 13.4
      vertex -8.4614 11.3364 13.4
    endloop
  endfacet
  facet normal 0 0 1
    outer loop
      vertex -8.55009 11.3253 13.4
      vertex -8.57101 10.8475 13.4
      vertex -8.44736 10.8592 13.4
    endloop
  endfacet
  facet normal -0 0 1
    outer loop
      vertex -8.64018 11.3174 13.4
      vertex -8.57101 10.8475 13.4
      vertex -8.55009 11.3253 13.4
    endloop
  endfacet
  facet normal 0 0 1
    outer loop
      vertex -8.64018 11.3174 13.4
      vertex -8.69675 10.8404 13.4
      vertex -8.57101 10.8475 13.4
    endloop
  endfacet
  facet normal -0 0 1
    outer loop
      vertex -8.73167 11.3126 13.4
      vertex -8.69675 10.8404 13.4
      vertex -8.64018 11.3174 13.4
    endloop
  endfacet
  facet normal 0 0 1
    outer loop
      vertex -8.82455 10.838 13.4
      vertex -8.73167 11.3126 13.4
      vertex -8.82455 11.3111 13.4
    endloop
  endfacet
  facet normal 0 0 1
    outer loop
      vertex -8.73167 11.3126 13.4
      vertex -8.82455 10.838 13.4
      vertex -8.69675 10.8404 13.4
    endloop
  endfacet
  facet normal 0 0 1
    outer loop
      vertex -8.82455 11.3111 13.4
      vertex -8.97212 10.8414 13.4
      vertex -8.82455 10.838 13.4
    endloop
  endfacet
  facet normal 0 0 1
    outer loop
      vertex -8.98471 11.3169 13.4
      vertex -8.97212 10.8414 13.4
      vertex -8.82455 11.3111 13.4
    endloop
  endfacet
  facet normal 0 0 1
    outer loop
      vertex -8.98471 11.3169 13.4
      vertex -9.1151 10.8513 13.4
      vertex -8.97212 10.8414 13.4
    endloop
  endfacet
  facet normal 0 0 1
    outer loop
      vertex -9.13695 11.3343 13.4
      vertex -9.1151 10.8513 13.4
      vertex -8.98471 11.3169 13.4
    endloop
  endfacet
  facet normal 0 0 1
    outer loop
      vertex -9.13695 11.3343 13.4
      vertex -9.25348 10.8679 13.4
      vertex -9.1151 10.8513 13.4
    endloop
  endfacet
  facet normal 0 0 1
    outer loop
      vertex -9.28128 11.3634 13.4
      vertex -9.25348 10.8679 13.4
      vertex -9.13695 11.3343 13.4
    endloop
  endfacet
  facet normal 0 0 1
    outer loop
      vertex -9.28128 11.3634 13.4
      vertex -9.38727 10.8911 13.4
      vertex -9.25348 10.8679 13.4
    endloop
  endfacet
  facet normal 0 0 1
    outer loop
      vertex -9.51645 10.9209 13.4
      vertex -9.28128 11.3634 13.4
      vertex -9.41771 11.4042 13.4
    endloop
  endfacet
  facet normal 0 0 1
    outer loop
      vertex -9.28128 11.3634 13.4
      vertex -9.51645 10.9209 13.4
      vertex -9.38727 10.8911 13.4
    endloop
  endfacet
  facet normal 0 0 1
    outer loop
      vertex -9.64104 10.9574 13.4
      vertex -9.41771 11.4042 13.4
      vertex -9.54622 11.4566 13.4
    endloop
  endfacet
  facet normal 0 0 1
    outer loop
      vertex -9.41771 11.4042 13.4
      vertex -9.64104 10.9574 13.4
      vertex -9.51645 10.9209 13.4
    endloop
  endfacet
  facet normal 0 0 1
    outer loop
      vertex -9.87642 11.0502 13.4
      vertex -9.54622 11.4566 13.4
      vertex -9.66681 11.5206 13.4
    endloop
  endfacet
  facet normal 0 0 1
    outer loop
      vertex -9.54622 11.4566 13.4
      vertex -9.76103 11.0005 13.4
      vertex -9.64104 10.9574 13.4
    endloop
  endfacet
  facet normal 0 0 1
    outer loop
      vertex -9.98721 11.1066 13.4
      vertex -9.66681 11.5206 13.4
      vertex -9.77951 11.5963 13.4
    endloop
  endfacet
  facet normal 0 0 1
    outer loop
      vertex -9.54622 11.4566 13.4
      vertex -9.87642 11.0502 13.4
      vertex -9.76103 11.0005 13.4
    endloop
  endfacet
  facet normal 0 0 1
    outer loop
      vertex -10.1928 11.2376 13.4
      vertex -9.77951 11.5963 13.4
      vertex -9.88428 11.6836 13.4
    endloop
  endfacet
  facet normal 0 0 1
    outer loop
      vertex -10.2871 11.3119 13.4
      vertex -9.88428 11.6836 13.4
      vertex -9.98114 11.7825 13.4
    endloop
  endfacet
  facet normal 0 0 1
    outer loop
      vertex -9.66681 11.5206 13.4
      vertex -9.98721 11.1066 13.4
      vertex -9.87642 11.0502 13.4
    endloop
  endfacet
  facet normal 0 0 1
    outer loop
      vertex -10.4586 11.478 13.4
      vertex -9.98114 11.7825 13.4
      vertex -10.0689 11.8915 13.4
    endloop
  endfacet
  facet normal 0 0 1
    outer loop
      vertex -9.77951 11.5963 13.4
      vertex -10.0929 11.1692 13.4
      vertex -9.98721 11.1066 13.4
    endloop
  endfacet
  facet normal 0 0 1
    outer loop
      vertex -10.6073 11.6674 13.4
      vertex -10.0689 11.8915 13.4
      vertex -10.1463 12.009 13.4
    endloop
  endfacet
  facet normal 0 0 1
    outer loop
      vertex -9.77951 11.5963 13.4
      vertex -10.1928 11.2376 13.4
      vertex -10.0929 11.1692 13.4
    endloop
  endfacet
  facet normal 0 0 1
    outer loop
      vertex -10.6732 11.7708 13.4
      vertex -10.1463 12.009 13.4
      vertex -10.2134 12.135 13.4
    endloop
  endfacet
  facet normal 0 0 1
    outer loop
      vertex -10.7874 11.9946 13.4
      vertex -10.2134 12.135 13.4
      vertex -10.2702 12.2694 13.4
    endloop
  endfacet
  facet normal 0 0 1
    outer loop
      vertex -9.88428 11.6836 13.4
      vertex -10.2871 11.3119 13.4
      vertex -10.1928 11.2376 13.4
    endloop
  endfacet
  facet normal 0 0 1
    outer loop
      vertex -10.8352 12.1134 13.4
      vertex -10.2702 12.2694 13.4
      vertex -10.3166 12.4123 13.4
    endloop
  endfacet
  facet normal 0 0 1
    outer loop
      vertex -10.9116 12.3643 13.4
      vertex -10.3166 12.4123 13.4
      vertex -10.3528 12.5637 13.4
    endloop
  endfacet
  facet normal 0 0 1
    outer loop
      vertex -9.98114 11.7825 13.4
      vertex -10.3757 11.392 13.4
      vertex -10.2871 11.3119 13.4
    endloop
  endfacet
  facet normal 0 0 1
    outer loop
      vertex -10.9402 12.4964 13.4
      vertex -10.3528 12.5637 13.4
      vertex -10.3786 12.7236 13.4
    endloop
  endfacet
  facet normal -0 0 1
    outer loop
      vertex -10.9784 12.7738 13.4
      vertex -10.3786 12.7236 13.4
      vertex -10.394 12.8919 13.4
    endloop
  endfacet
  facet normal -0 0 1
    outer loop
      vertex -10.988 12.9191 13.4
      vertex -10.394 12.8919 13.4
      vertex -10.3992 13.0687 13.4
    endloop
  endfacet
  facet normal 0 0 1
    outer loop
      vertex -10.2777 13.8639 13.4
      vertex -10.8803 13.9057 13.4
      vertex -10.3214 13.723 13.4
    endloop
  endfacet
  facet normal 0 -0 1
    outer loop
      vertex -10.988 12.9191 13.4
      vertex -10.3992 13.0687 13.4
      vertex -10.9912 13.0687 13.4
    endloop
  endfacet
  facet normal 0 0 1
    outer loop
      vertex -10.394 12.8919 13.4
      vertex -10.988 12.9191 13.4
      vertex -10.9784 12.7738 13.4
    endloop
  endfacet
  facet normal 0 0 1
    outer loop
      vertex -10.9288 13.7139 13.4
      vertex -10.3214 13.723 13.4
      vertex -10.8803 13.9057 13.4
    endloop
  endfacet
  facet normal 0 0 1
    outer loop
      vertex -10.3786 12.7236 13.4
      vertex -10.9784 12.7738 13.4
      vertex -10.9625 12.6329 13.4
    endloop
  endfacet
  facet normal 0 0 1
    outer loop
      vertex -10.3214 13.723 13.4
      vertex -10.9288 13.7139 13.4
      vertex -10.3555 13.5731 13.4
    endloop
  endfacet
  facet normal 0 0 1
    outer loop
      vertex -10.3786 12.7236 13.4
      vertex -10.9625 12.6329 13.4
      vertex -10.9402 12.4964 13.4
    endloop
  endfacet
  facet normal 0 0 1
    outer loop
      vertex -10.0689 11.8915 13.4
      vertex -10.5358 11.5697 13.4
      vertex -10.4586 11.478 13.4
    endloop
  endfacet
  facet normal 0 0 1
    outer loop
      vertex -10.9634 13.5106 13.4
      vertex -10.3555 13.5731 13.4
      vertex -10.9288 13.7139 13.4
    endloop
  endfacet
  facet normal 0 0 1
    outer loop
      vertex -10.0689 11.8915 13.4
      vertex -10.6073 11.6674 13.4
      vertex -10.5358 11.5697 13.4
    endloop
  endfacet
  facet normal 0 0 1
    outer loop
      vertex -10.3555 13.5731 13.4
      vertex -10.9634 13.5106 13.4
      vertex -10.3798 13.414 13.4
    endloop
  endfacet
  facet normal 0 0 1
    outer loop
      vertex -10.1463 12.009 13.4
      vertex -10.6732 11.7708 13.4
      vertex -10.6073 11.6674 13.4
    endloop
  endfacet
  facet normal 0 0 1
    outer loop
      vertex -10.2134 12.135 13.4
      vertex -10.7333 11.8802 13.4
      vertex -10.6732 11.7708 13.4
    endloop
  endfacet
  facet normal 0 0 1
    outer loop
      vertex -10.9842 13.2955 13.4
      vertex -10.3798 13.414 13.4
      vertex -10.9634 13.5106 13.4
    endloop
  endfacet
  facet normal 0 0 1
    outer loop
      vertex -10.3166 12.4123 13.4
      vertex -10.8766 12.2367 13.4
      vertex -10.8352 12.1134 13.4
    endloop
  endfacet
  facet normal 0 0 1
    outer loop
      vertex -10.3798 13.414 13.4
      vertex -10.9842 13.2955 13.4
      vertex -10.3943 13.2459 13.4
    endloop
  endfacet
  facet normal 0 0 1
    outer loop
      vertex -10.3166 12.4123 13.4
      vertex -10.9116 12.3643 13.4
      vertex -10.8766 12.2367 13.4
    endloop
  endfacet
  facet normal 0 0 1
    outer loop
      vertex -10.3528 12.5637 13.4
      vertex -10.9402 12.4964 13.4
      vertex -10.9116 12.3643 13.4
    endloop
  endfacet
  facet normal 0 0 1
    outer loop
      vertex -10.9912 13.0687 13.4
      vertex -10.3943 13.2459 13.4
      vertex -10.9842 13.2955 13.4
    endloop
  endfacet
  facet normal 0 0 1
    outer loop
      vertex -10.2702 12.2694 13.4
      vertex -10.8352 12.1134 13.4
      vertex -10.7874 11.9946 13.4
    endloop
  endfacet
  facet normal 0 0 1
    outer loop
      vertex -10.3943 13.2459 13.4
      vertex -10.9912 13.0687 13.4
      vertex -10.3992 13.0687 13.4
    endloop
  endfacet
  facet normal 0 0 1
    outer loop
      vertex -10.2134 12.135 13.4
      vertex -10.7874 11.9946 13.4
      vertex -10.7333 11.8802 13.4
    endloop
  endfacet
  facet normal 0 0 1
    outer loop
      vertex -9.98114 11.7825 13.4
      vertex -10.4586 11.478 13.4
      vertex -10.3757 11.392 13.4
    endloop
  endfacet
  facet normal 0 0 1
    outer loop
      vertex -11.2203 10.8991 13.4
      vertex -12.3066 12.1563 13.4
      vertex -11.8153 10.8991 13.4
    endloop
  endfacet
  facet normal 0 0 1
    outer loop
      vertex -11.2203 10.8991 13.4
      vertex -12.4806 12.611 13.4
      vertex -12.3066 12.1563 13.4
    endloop
  endfacet
  facet normal 0 0 1
    outer loop
      vertex -12.9474 15.1987 13.4
      vertex -12.4806 12.611 13.4
      vertex -11.2203 10.8991 13.4
    endloop
  endfacet
  facet normal 0 0 1
    outer loop
      vertex -12.9474 15.1987 13.4
      vertex -13.0329 14.03 13.4
      vertex -12.4806 12.611 13.4
    endloop
  endfacet
  facet normal 0 0 1
    outer loop
      vertex -12.9474 15.1987 13.4
      vertex -13.0519 14.0774 13.4
      vertex -13.0329 14.03 13.4
    endloop
  endfacet
  facet normal 0 0 1
    outer loop
      vertex -12.9474 15.1987 13.4
      vertex -13.0709 14.1263 13.4
      vertex -13.0519 14.0774 13.4
    endloop
  endfacet
  facet normal 0 0 1
    outer loop
      vertex -12.9474 15.1987 13.4
      vertex -13.0899 14.1764 13.4
      vertex -13.0709 14.1263 13.4
    endloop
  endfacet
  facet normal 0 0 1
    outer loop
      vertex -12.9474 15.1987 13.4
      vertex -13.1089 14.228 13.4
      vertex -13.0899 14.1764 13.4
    endloop
  endfacet
  facet normal 0 0 1
    outer loop
      vertex -12.9474 15.1987 13.4
      vertex -13.1278 14.2809 13.4
      vertex -13.1089 14.228 13.4
    endloop
  endfacet
  facet normal 0 0 1
    outer loop
      vertex -12.9474 15.1987 13.4
      vertex -13.1468 14.3351 13.4
      vertex -13.1278 14.2809 13.4
    endloop
  endfacet
  facet normal 0 0 1
    outer loop
      vertex -12.9474 15.1987 13.4
      vertex -13.1658 14.3907 13.4
      vertex -13.1468 14.3351 13.4
    endloop
  endfacet
  facet normal 0 0 1
    outer loop
      vertex -12.9474 15.1987 13.4
      vertex -13.1848 14.4477 13.4
      vertex -13.1658 14.3907 13.4
    endloop
  endfacet
  facet normal 0 0 1
    outer loop
      vertex -12.9474 15.1987 13.4
      vertex -13.2862 14.7593 13.4
      vertex -13.1848 14.4477 13.4
    endloop
  endfacet
  facet normal 0 0 1
    outer loop
      vertex -13.6097 15.1987 13.4
      vertex -13.3315 14.6158 13.4
      vertex -13.3137 14.6738 13.4
    endloop
  endfacet
  facet normal 0 0 1
    outer loop
      vertex -13.3315 14.6158 13.4
      vertex -13.6097 15.1987 13.4
      vertex -13.3512 14.5542 13.4
    endloop
  endfacet
  facet normal 0 0 1
    outer loop
      vertex -13.3512 14.5542 13.4
      vertex -13.6097 15.1987 13.4
      vertex -13.3727 14.4891 13.4
    endloop
  endfacet
  facet normal 0 0 1
    outer loop
      vertex -13.6097 15.1987 13.4
      vertex -13.3137 14.6738 13.4
      vertex -13.2862 14.7593 13.4
    endloop
  endfacet
  facet normal 0 0 1
    outer loop
      vertex -13.3727 14.4891 13.4
      vertex -13.6097 15.1987 13.4
      vertex -13.3959 14.4204 13.4
    endloop
  endfacet
  facet normal 0 0 1
    outer loop
      vertex -13.3959 14.4204 13.4
      vertex -13.6097 15.1987 13.4
      vertex -13.421 14.3482 13.4
    endloop
  endfacet
  facet normal 0 0 1
    outer loop
      vertex -13.421 14.3482 13.4
      vertex -13.6097 15.1987 13.4
      vertex -13.4479 14.2724 13.4
    endloop
  endfacet
  facet normal 0 0 1
    outer loop
      vertex -13.4479 14.2724 13.4
      vertex -13.6097 15.1987 13.4
      vertex -13.4766 14.1931 13.4
    endloop
  endfacet
  facet normal 0 0 1
    outer loop
      vertex -13.4766 14.1931 13.4
      vertex -13.6097 15.1987 13.4
      vertex -13.5071 14.1102 13.4
    endloop
  endfacet
  facet normal -0 0 1
    outer loop
      vertex -13.6097 15.1987 13.4
      vertex -13.2862 14.7593 13.4
      vertex -12.9474 15.1987 13.4
    endloop
  endfacet
  facet normal 0 0 1
    outer loop
      vertex -13.5071 14.1102 13.4
      vertex -13.6097 15.1987 13.4
      vertex -13.5395 14.0238 13.4
    endloop
  endfacet
  facet normal 0 0 1
    outer loop
      vertex -13.6097 15.1987 13.4
      vertex -14.0887 12.611 13.4
      vertex -13.5395 14.0238 13.4
    endloop
  endfacet
  facet normal 0 0 1
    outer loop
      vertex -15.3643 10.8991 13.4
      vertex -14.0887 12.611 13.4
      vertex -13.6097 15.1987 13.4
    endloop
  endfacet
  facet normal 0 0 1
    outer loop
      vertex -14.0887 12.611 13.4
      vertex -15.3643 10.8991 13.4
      vertex -14.2657 12.1563 13.4
    endloop
  endfacet
  facet normal 0 0 1
    outer loop
      vertex -14.2657 12.1563 13.4
      vertex -15.3643 10.8991 13.4
      vertex -14.7601 10.8991 13.4
    endloop
  endfacet
  facet normal -0 0 1
    outer loop
      vertex -14.0887 12.611 13.4
      vertex -12.3066 12.1563 13.4
      vertex -12.4806 12.611 13.4
    endloop
  endfacet
  facet normal 0 0 1
    outer loop
      vertex -12.3066 12.1563 13.4
      vertex -14.0887 12.611 13.4
      vertex -14.2657 12.1563 13.4
    endloop
  endfacet
  facet normal 0 0 1
    outer loop
      vertex 9.5058 13.0687 13.4
      vertex 10.1009 13.0687 13.4
      vertex 10.0977 13.217 13.4
    endloop
  endfacet
  facet normal -0 0 1
    outer loop
      vertex 9.50084 13.2428 13.4
      vertex 10.0977 13.217 13.4
      vertex 10.0883 13.3609 13.4
    endloop
  endfacet
  facet normal 0 0 1
    outer loop
      vertex 10.1009 13.0687 13.4
      vertex 9.5058 13.0687 13.4
      vertex 10.0977 12.9209 13.4
    endloop
  endfacet
  facet normal -0 0 1
    outer loop
      vertex 9.48598 13.4084 13.4
      vertex 10.0883 13.3609 13.4
      vertex 10.0726 13.5004 13.4
    endloop
  endfacet
  facet normal 0 0 1
    outer loop
      vertex 9.50087 12.8869 13.4
      vertex 10.0977 12.9209 13.4
      vertex 9.5058 13.0687 13.4
    endloop
  endfacet
  facet normal 0 0 1
    outer loop
      vertex 9.48598 13.4084 13.4
      vertex 10.0726 13.5004 13.4
      vertex 10.0505 13.6353 13.4
    endloop
  endfacet
  facet normal 0 0 1
    outer loop
      vertex 10.0977 12.9209 13.4
      vertex 9.50087 12.8869 13.4
      vertex 10.0881 12.7773 13.4
    endloop
  endfacet
  facet normal 0 0 1
    outer loop
      vertex 9.46121 13.5654 13.4
      vertex 10.0505 13.6353 13.4
      vertex 10.0222 13.7659 13.4
    endloop
  endfacet
  facet normal 0 0 1
    outer loop
      vertex 9.48613 12.7145 13.4
      vertex 10.0881 12.7773 13.4
      vertex 9.50087 12.8869 13.4
    endloop
  endfacet
  facet normal 0 0 1
    outer loop
      vertex 9.42653 13.714 13.4
      vertex 10.0222 13.7659 13.4
      vertex 9.98761 13.892 13.4
    endloop
  endfacet
  facet normal 0 0 1
    outer loop
      vertex 10.0881 12.7773 13.4
      vertex 9.48613 12.7145 13.4
      vertex 10.0722 12.6378 13.4
    endloop
  endfacet
  facet normal 0 0 1
    outer loop
      vertex 9.42653 13.714 13.4
      vertex 9.98761 13.892 13.4
      vertex 9.94672 14.0136 13.4
    endloop
  endfacet
  facet normal 0 0 1
    outer loop
      vertex 10.0722 12.6378 13.4
      vertex 9.48613 12.7145 13.4
      vertex 10.0499 12.5024 13.4
    endloop
  endfacet
  facet normal 0 0 1
    outer loop
      vertex 9.38194 13.854 13.4
      vertex 9.94672 14.0136 13.4
      vertex 9.89952 14.1308 13.4
    endloop
  endfacet
  facet normal -0 0 1
    outer loop
      vertex 9.46155 12.5515 13.4
      vertex 10.0499 12.5024 13.4
      vertex 9.48613 12.7145 13.4
    endloop
  endfacet
  facet normal 0 0 1
    outer loop
      vertex 9.32745 13.9855 13.4
      vertex 9.89952 14.1308 13.4
      vertex 9.84604 14.2435 13.4
    endloop
  endfacet
  facet normal 0 0 1
    outer loop
      vertex 10.0499 12.5024 13.4
      vertex 9.46155 12.5515 13.4
      vertex 10.0213 12.3712 13.4
    endloop
  endfacet
  facet normal 0 0 1
    outer loop
      vertex 9.32745 13.9855 13.4
      vertex 9.84604 14.2435 13.4
      vertex 9.78661 14.3512 13.4
    endloop
  endfacet
  facet normal -0 0 1
    outer loop
      vertex 9.42712 12.3978 13.4
      vertex 10.0213 12.3712 13.4
      vertex 9.46155 12.5515 13.4
    endloop
  endfacet
  facet normal 0 0 1
    outer loop
      vertex 9.26305 14.1085 13.4
      vertex 9.78661 14.3512 13.4
      vertex 9.72157 14.4529 13.4
    endloop
  endfacet
  facet normal 0 0 1
    outer loop
      vertex 10.0213 12.3712 13.4
      vertex 9.42712 12.3978 13.4
      vertex 9.98625 12.2441 13.4
    endloop
  endfacet
  facet normal 0 0 1
    outer loop
      vertex 9.18874 14.223 13.4
      vertex 9.72157 14.4529 13.4
      vertex 9.65091 14.5489 13.4
    endloop
  endfacet
  facet normal 0 0 1
    outer loop
      vertex 9.98625 12.2441 13.4
      vertex 9.42712 12.3978 13.4
      vertex 9.94485 12.1212 13.4
    endloop
  endfacet
  facet normal 0 0 1
    outer loop
      vertex 9.18874 14.223 13.4
      vertex 9.65091 14.5489 13.4
      vertex 9.57465 14.639 13.4
    endloop
  endfacet
  facet normal -0 0 1
    outer loop
      vertex 9.38287 12.2536 13.4
      vertex 9.94485 12.1212 13.4
      vertex 9.42712 12.3978 13.4
    endloop
  endfacet
  facet normal 0 0 1
    outer loop
      vertex 9.94485 12.1212 13.4
      vertex 9.38287 12.2536 13.4
      vertex 9.89711 12.0024 13.4
    endloop
  endfacet
  facet normal 0 0 1
    outer loop
      vertex 10.0977 13.217 13.4
      vertex 9.50084 13.2428 13.4
      vertex 9.5058 13.0687 13.4
    endloop
  endfacet
  facet normal 0 0 1
    outer loop
      vertex 9.10452 14.329 13.4
      vertex 9.57465 14.639 13.4
      vertex 9.49275 14.7233 13.4
    endloop
  endfacet
  facet normal 0 0 1
    outer loop
      vertex 10.0883 13.3609 13.4
      vertex 9.48598 13.4084 13.4
      vertex 9.50084 13.2428 13.4
    endloop
  endfacet
  facet normal 0 0 1
    outer loop
      vertex 10.0505 13.6353 13.4
      vertex 9.46121 13.5654 13.4
      vertex 9.48598 13.4084 13.4
    endloop
  endfacet
  facet normal 0 0 1
    outer loop
      vertex 10.0222 13.7659 13.4
      vertex 9.42653 13.714 13.4
      vertex 9.46121 13.5654 13.4
    endloop
  endfacet
  facet normal 0 0 1
    outer loop
      vertex 9.10452 14.329 13.4
      vertex 9.49275 14.7233 13.4
      vertex 9.40526 14.8017 13.4
    endloop
  endfacet
  facet normal 0 0 1
    outer loop
      vertex 9.94672 14.0136 13.4
      vertex 9.38194 13.854 13.4
      vertex 9.42653 13.714 13.4
    endloop
  endfacet
  facet normal 0 0 1
    outer loop
      vertex 9.89952 14.1308 13.4
      vertex 9.32745 13.9855 13.4
      vertex 9.38194 13.854 13.4
    endloop
  endfacet
  facet normal 0 0 1
    outer loop
      vertex 9.01128 14.4251 13.4
      vertex 9.40526 14.8017 13.4
      vertex 9.31215 14.8743 13.4
    endloop
  endfacet
  facet normal 0 0 1
    outer loop
      vertex 9.78661 14.3512 13.4
      vertex 9.26305 14.1085 13.4
      vertex 9.32745 13.9855 13.4
    endloop
  endfacet
  facet normal 0 0 1
    outer loop
      vertex 8.90984 14.5098 13.4
      vertex 9.31215 14.8743 13.4
      vertex 9.21341 14.941 13.4
    endloop
  endfacet
  facet normal 0 0 1
    outer loop
      vertex 9.72157 14.4529 13.4
      vertex 9.18874 14.223 13.4
      vertex 9.26305 14.1085 13.4
    endloop
  endfacet
  facet normal 0 0 1
    outer loop
      vertex 8.90984 14.5098 13.4
      vertex 9.21341 14.941 13.4
      vertex 9.10907 15.0019 13.4
    endloop
  endfacet
  facet normal 0 0 1
    outer loop
      vertex 9.57465 14.639 13.4
      vertex 9.10452 14.329 13.4
      vertex 9.18874 14.223 13.4
    endloop
  endfacet
  facet normal 0 0 1
    outer loop
      vertex 9.40526 14.8017 13.4
      vertex 9.01128 14.4251 13.4
      vertex 9.10452 14.329 13.4
    endloop
  endfacet
  facet normal 0 0 1
    outer loop
      vertex 8.80023 14.5833 13.4
      vertex 9.10907 15.0019 13.4
      vertex 8.99979 15.0566 13.4
    endloop
  endfacet
  facet normal 0 0 1
    outer loop
      vertex 9.31215 14.8743 13.4
      vertex 8.90984 14.5098 13.4
      vertex 9.01128 14.4251 13.4
    endloop
  endfacet
  facet normal 0 0 1
    outer loop
      vertex 8.68245 14.6455 13.4
      vertex 8.99979 15.0566 13.4
      vertex 8.8862 15.105 13.4
    endloop
  endfacet
  facet normal 0 0 1
    outer loop
      vertex 9.10907 15.0019 13.4
      vertex 8.80023 14.5833 13.4
      vertex 8.90984 14.5098 13.4
    endloop
  endfacet
  facet normal 0 0 1
    outer loop
      vertex 8.68245 14.6455 13.4
      vertex 8.8862 15.105 13.4
      vertex 8.76833 15.1468 13.4
    endloop
  endfacet
  facet normal 0 0 1
    outer loop
      vertex 8.99979 15.0566 13.4
      vertex 8.68245 14.6455 13.4
      vertex 8.80023 14.5833 13.4
    endloop
  endfacet
  facet normal 0 0 1
    outer loop
      vertex 8.55649 14.6963 13.4
      vertex 8.76833 15.1468 13.4
      vertex 8.64615 15.1823 13.4
    endloop
  endfacet
  facet normal 0 0 1
    outer loop
      vertex 8.76833 15.1468 13.4
      vertex 8.55649 14.6963 13.4
      vertex 8.68245 14.6455 13.4
    endloop
  endfacet
  facet normal 0 0 1
    outer loop
      vertex 8.42235 14.7359 13.4
      vertex 8.64615 15.1823 13.4
      vertex 8.51968 15.2113 13.4
    endloop
  endfacet
  facet normal 0 0 1
    outer loop
      vertex 8.64615 15.1823 13.4
      vertex 8.42235 14.7359 13.4
      vertex 8.55649 14.6963 13.4
    endloop
  endfacet
  facet normal 0 0 1
    outer loop
      vertex 8.38893 15.2338 13.4
      vertex 8.42235 14.7359 13.4
      vertex 8.51968 15.2113 13.4
    endloop
  endfacet
  facet normal 0 0 1
    outer loop
      vertex 8.38893 15.2338 13.4
      vertex 8.28003 14.7641 13.4
      vertex 8.42235 14.7359 13.4
    endloop
  endfacet
  facet normal 0 0 1
    outer loop
      vertex 8.25388 15.2499 13.4
      vertex 8.28003 14.7641 13.4
      vertex 8.38893 15.2338 13.4
    endloop
  endfacet
  facet normal 0 0 1
    outer loop
      vertex 8.25388 15.2499 13.4
      vertex 8.12955 14.7811 13.4
      vertex 8.28003 14.7641 13.4
    endloop
  endfacet
  facet normal 0 0 1
    outer loop
      vertex 8.11453 15.2596 13.4
      vertex 8.12955 14.7811 13.4
      vertex 8.25388 15.2499 13.4
    endloop
  endfacet
  facet normal 0 0 1
    outer loop
      vertex 7.97089 14.7867 13.4
      vertex 8.11453 15.2596 13.4
      vertex 7.97089 15.2628 13.4
    endloop
  endfacet
  facet normal 0 0 1
    outer loop
      vertex 8.11453 15.2596 13.4
      vertex 7.97089 14.7867 13.4
      vertex 8.12955 14.7811 13.4
    endloop
  endfacet
  facet normal 0 0 1
    outer loop
      vertex 7.97089 15.2628 13.4
      vertex 7.81091 14.7812 13.4
      vertex 7.97089 14.7867 13.4
    endloop
  endfacet
  facet normal -0 0 1
    outer loop
      vertex 7.75256 15.2556 13.4
      vertex 7.81091 14.7812 13.4
      vertex 7.97089 15.2628 13.4
    endloop
  endfacet
  facet normal 0 0 1
    outer loop
      vertex 7.75256 15.2556 13.4
      vertex 7.65924 14.7644 13.4
      vertex 7.81091 14.7812 13.4
    endloop
  endfacet
  facet normal -0 0 1
    outer loop
      vertex 7.54517 15.2341 13.4
      vertex 7.65924 14.7644 13.4
      vertex 7.75256 15.2556 13.4
    endloop
  endfacet
  facet normal 0 0 1
    outer loop
      vertex 7.54517 15.2341 13.4
      vertex 7.51585 14.7366 13.4
      vertex 7.65924 14.7644 13.4
    endloop
  endfacet
  facet normal -0 0 1
    outer loop
      vertex 7.34869 15.1982 13.4
      vertex 7.51585 14.7366 13.4
      vertex 7.54517 15.2341 13.4
    endloop
  endfacet
  facet normal 0 0 1
    outer loop
      vertex 7.51585 14.7366 13.4
      vertex 7.34869 15.1982 13.4
      vertex 7.38075 14.6975 13.4
    endloop
  endfacet
  facet normal -0 0 1
    outer loop
      vertex 7.16315 15.148 13.4
      vertex 7.38075 14.6975 13.4
      vertex 7.34869 15.1982 13.4
    endloop
  endfacet
  facet normal 0 0 1
    outer loop
      vertex 7.38075 14.6975 13.4
      vertex 7.16315 15.148 13.4
      vertex 7.25394 14.6474 13.4
    endloop
  endfacet
  facet normal -0 0 1
    outer loop
      vertex 6.98853 15.0834 13.4
      vertex 7.25394 14.6474 13.4
      vertex 7.16315 15.148 13.4
    endloop
  endfacet
  facet normal 0 0 1
    outer loop
      vertex 7.25394 14.6474 13.4
      vertex 6.98853 15.0834 13.4
      vertex 7.13541 14.586 13.4
    endloop
  endfacet
  facet normal -0 0 1
    outer loop
      vertex 6.82483 15.0044 13.4
      vertex 7.13541 14.586 13.4
      vertex 6.98853 15.0834 13.4
    endloop
  endfacet
  facet normal 0 0 1
    outer loop
      vertex 7.13541 14.586 13.4
      vertex 6.82483 15.0044 13.4
      vertex 7.02516 14.5135 13.4
    endloop
  endfacet
  facet normal -0 0 1
    outer loop
      vertex 6.67206 14.9111 13.4
      vertex 7.02516 14.5135 13.4
      vertex 6.82483 15.0044 13.4
    endloop
  endfacet
  facet normal 0 0 1
    outer loop
      vertex 7.02516 14.5135 13.4
      vertex 6.67206 14.9111 13.4
      vertex 6.92322 14.4299 13.4
    endloop
  endfacet
  facet normal -0 0 1
    outer loop
      vertex 6.53021 14.8035 13.4
      vertex 6.92322 14.4299 13.4
      vertex 6.67206 14.9111 13.4
    endloop
  endfacet
  facet normal 0 0 1
    outer loop
      vertex 6.92322 14.4299 13.4
      vertex 6.53021 14.8035 13.4
      vertex 6.82954 14.3351 13.4
    endloop
  endfacet
  facet normal -0 0 1
    outer loop
      vertex 6.39931 14.6814 13.4
      vertex 6.82954 14.3351 13.4
      vertex 6.53021 14.8035 13.4
    endloop
  endfacet
  facet normal 0 0 1
    outer loop
      vertex 6.82954 14.3351 13.4
      vertex 6.39931 14.6814 13.4
      vertex 6.74501 14.2303 13.4
    endloop
  endfacet
  facet normal -0 0 1
    outer loop
      vertex 6.28082 14.5467 13.4
      vertex 6.74501 14.2303 13.4
      vertex 6.39931 14.6814 13.4
    endloop
  endfacet
  facet normal 0 0 1
    outer loop
      vertex 6.74501 14.2303 13.4
      vertex 6.28082 14.5467 13.4
      vertex 6.67043 14.1165 13.4
    endloop
  endfacet
  facet normal -0 0 1
    outer loop
      vertex 6.17628 14.4008 13.4
      vertex 6.67043 14.1165 13.4
      vertex 6.28082 14.5467 13.4
    endloop
  endfacet
  facet normal 0 0 1
    outer loop
      vertex 6.67043 14.1165 13.4
      vertex 6.17628 14.4008 13.4
      vertex 6.60577 13.9937 13.4
    endloop
  endfacet
  facet normal -0 0 1
    outer loop
      vertex 6.08568 14.2439 13.4
      vertex 6.60577 13.9937 13.4
      vertex 6.17628 14.4008 13.4
    endloop
  endfacet
  facet normal 0 0 1
    outer loop
      vertex 6.60577 13.9937 13.4
      vertex 6.08568 14.2439 13.4
      vertex 6.55107 13.862 13.4
    endloop
  endfacet
  facet normal -0 0 1
    outer loop
      vertex 5.94629 13.8966 13.4
      vertex 6.55107 13.862 13.4
      vertex 6.00902 14.0758 13.4
    endloop
  endfacet
  facet normal -0 0 1
    outer loop
      vertex 6.00902 14.0758 13.4
      vertex 6.55107 13.862 13.4
      vertex 6.08568 14.2439 13.4
    endloop
  endfacet
  facet normal -0 0 1
    outer loop
      vertex 9.3288 12.1187 13.4
      vertex 9.89711 12.0024 13.4
      vertex 9.38287 12.2536 13.4
    endloop
  endfacet
  facet normal 0 0 1
    outer loop
      vertex 9.89711 12.0024 13.4
      vertex 9.3288 12.1187 13.4
      vertex 9.84297 11.8878 13.4
    endloop
  endfacet
  facet normal 0 0 1
    outer loop
      vertex 9.84297 11.8878 13.4
      vertex 9.3288 12.1187 13.4
      vertex 9.78291 11.7781 13.4
    endloop
  endfacet
  facet normal -0 0 1
    outer loop
      vertex 9.26488 11.9931 13.4
      vertex 9.78291 11.7781 13.4
      vertex 9.3288 12.1187 13.4
    endloop
  endfacet
  facet normal 0 0 1
    outer loop
      vertex 9.78291 11.7781 13.4
      vertex 9.26488 11.9931 13.4
      vertex 9.7173 11.6742 13.4
    endloop
  endfacet
  facet normal 0 0 1
    outer loop
      vertex 9.7173 11.6742 13.4
      vertex 9.26488 11.9931 13.4
      vertex 9.64616 11.5762 13.4
    endloop
  endfacet
  facet normal -0 0 1
    outer loop
      vertex 9.19113 11.877 13.4
      vertex 9.64616 11.5762 13.4
      vertex 9.26488 11.9931 13.4
    endloop
  endfacet
  facet normal 0 0 1
    outer loop
      vertex 9.64616 11.5762 13.4
      vertex 9.19113 11.877 13.4
      vertex 9.56947 11.4839 13.4
    endloop
  endfacet
  facet normal -0 0 1
    outer loop
      vertex 9.10754 11.7703 13.4
      vertex 9.56947 11.4839 13.4
      vertex 9.19113 11.877 13.4
    endloop
  endfacet
  facet normal 0 0 1
    outer loop
      vertex 9.56947 11.4839 13.4
      vertex 9.10754 11.7703 13.4
      vertex 9.48726 11.3974 13.4
    endloop
  endfacet
  facet normal 0 0 1
    outer loop
      vertex 9.48726 11.3974 13.4
      vertex 9.10754 11.7703 13.4
      vertex 9.39949 11.3168 13.4
    endloop
  endfacet
  facet normal -0 0 1
    outer loop
      vertex 9.01477 11.6739 13.4
      vertex 9.39949 11.3168 13.4
      vertex 9.10754 11.7703 13.4
    endloop
  endfacet
  facet normal 0 0 1
    outer loop
      vertex 9.39949 11.3168 13.4
      vertex 9.01477 11.6739 13.4
      vertex 9.3062 11.2419 13.4
    endloop
  endfacet
  facet normal -0 0 1
    outer loop
      vertex 8.91345 11.5889 13.4
      vertex 9.3062 11.2419 13.4
      vertex 9.01477 11.6739 13.4
    endloop
  endfacet
  facet normal 0 0 1
    outer loop
      vertex 9.3062 11.2419 13.4
      vertex 8.91345 11.5889 13.4
      vertex 9.20737 11.1729 13.4
    endloop
  endfacet
  facet normal 0 0 1
    outer loop
      vertex 9.20737 11.1729 13.4
      vertex 8.91345 11.5889 13.4
      vertex 9.103 11.1096 13.4
    endloop
  endfacet
  facet normal -0 0 1
    outer loop
      vertex 8.80359 11.5152 13.4
      vertex 9.103 11.1096 13.4
      vertex 8.91345 11.5889 13.4
    endloop
  endfacet
  facet normal 0 0 1
    outer loop
      vertex 9.103 11.1096 13.4
      vertex 8.80359 11.5152 13.4
      vertex 8.99371 11.0526 13.4
    endloop
  endfacet
  facet normal -0 0 1
    outer loop
      vertex 8.68517 11.4528 13.4
      vertex 8.99371 11.0526 13.4
      vertex 8.80359 11.5152 13.4
    endloop
  endfacet
  facet normal 0 0 1
    outer loop
      vertex 8.99371 11.0526 13.4
      vertex 8.68517 11.4528 13.4
      vertex 8.88013 11.0023 13.4
    endloop
  endfacet
  facet normal 0 0 1
    outer loop
      vertex 8.88013 11.0023 13.4
      vertex 8.68517 11.4528 13.4
      vertex 8.76225 10.9588 13.4
    endloop
  endfacet
  facet normal -0 0 1
    outer loop
      vertex 8.55818 11.4017 13.4
      vertex 8.76225 10.9588 13.4
      vertex 8.68517 11.4528 13.4
    endloop
  endfacet
  facet normal 0 0 1
    outer loop
      vertex 8.76225 10.9588 13.4
      vertex 8.55818 11.4017 13.4
      vertex 8.64008 10.9219 13.4
    endloop
  endfacet
  facet normal -0 0 1
    outer loop
      vertex 8.42267 11.3621 13.4
      vertex 8.64008 10.9219 13.4
      vertex 8.55818 11.4017 13.4
    endloop
  endfacet
  facet normal 0 0 1
    outer loop
      vertex 8.64008 10.9219 13.4
      vertex 8.42267 11.3621 13.4
      vertex 8.5136 10.8917 13.4
    endloop
  endfacet
  facet normal 0 0 1
    outer loop
      vertex 8.42267 11.3621 13.4
      vertex 8.38284 10.8682 13.4
      vertex 8.5136 10.8917 13.4
    endloop
  endfacet
  facet normal -0 0 1
    outer loop
      vertex 8.27858 11.3337 13.4
      vertex 8.38284 10.8682 13.4
      vertex 8.42267 11.3621 13.4
    endloop
  endfacet
  facet normal 0 0 1
    outer loop
      vertex 8.27858 11.3337 13.4
      vertex 8.24777 10.8515 13.4
      vertex 8.38284 10.8682 13.4
    endloop
  endfacet
  facet normal -0 0 1
    outer loop
      vertex 8.12595 11.3167 13.4
      vertex 8.24777 10.8515 13.4
      vertex 8.27858 11.3337 13.4
    endloop
  endfacet
  facet normal 0 0 1
    outer loop
      vertex 8.12595 11.3167 13.4
      vertex 8.10841 10.8414 13.4
      vertex 8.24777 10.8515 13.4
    endloop
  endfacet
  facet normal -0 0 1
    outer loop
      vertex 7.96477 11.3111 13.4
      vertex 8.10841 10.8414 13.4
      vertex 8.12595 11.3167 13.4
    endloop
  endfacet
  facet normal 0 0 1
    outer loop
      vertex 7.96477 11.3111 13.4
      vertex 7.96477 10.838 13.4
      vertex 8.10841 10.8414 13.4
    endloop
  endfacet
  facet normal 0 0 1
    outer loop
      vertex 7.96477 11.3111 13.4
      vertex 7.81985 10.8414 13.4
      vertex 7.96477 10.838 13.4
    endloop
  endfacet
  facet normal 0 0 1
    outer loop
      vertex 7.80795 11.3169 13.4
      vertex 7.81985 10.8414 13.4
      vertex 7.96477 11.3111 13.4
    endloop
  endfacet
  facet normal 0 0 1
    outer loop
      vertex 7.80795 11.3169 13.4
      vertex 7.67943 10.8513 13.4
      vertex 7.81985 10.8414 13.4
    endloop
  endfacet
  facet normal 0 0 1
    outer loop
      vertex 7.65892 11.3345 13.4
      vertex 7.67943 10.8513 13.4
      vertex 7.80795 11.3169 13.4
    endloop
  endfacet
  facet normal 0 0 1
    outer loop
      vertex 7.65892 11.3345 13.4
      vertex 7.54349 10.8679 13.4
      vertex 7.67943 10.8513 13.4
    endloop
  endfacet
  facet normal 0 0 1
    outer loop
      vertex 7.5177 11.3638 13.4
      vertex 7.54349 10.8679 13.4
      vertex 7.65892 11.3345 13.4
    endloop
  endfacet
  facet normal 0 0 1
    outer loop
      vertex 7.5177 11.3638 13.4
      vertex 7.41202 10.8911 13.4
      vertex 7.54349 10.8679 13.4
    endloop
  endfacet
  facet normal 0 0 1
    outer loop
      vertex 7.28505 10.9209 13.4
      vertex 7.5177 11.3638 13.4
      vertex 7.38428 11.4048 13.4
    endloop
  endfacet
  facet normal 0 0 1
    outer loop
      vertex 7.5177 11.3638 13.4
      vertex 7.28505 10.9209 13.4
      vertex 7.41202 10.8911 13.4
    endloop
  endfacet
  facet normal 0 0 1
    outer loop
      vertex 7.16255 10.9574 13.4
      vertex 7.38428 11.4048 13.4
      vertex 7.25865 11.4575 13.4
    endloop
  endfacet
  facet normal 0 0 1
    outer loop
      vertex 7.38428 11.4048 13.4
      vertex 7.16255 10.9574 13.4
      vertex 7.28505 10.9209 13.4
    endloop
  endfacet
  facet normal 0 0 1
    outer loop
      vertex 6.931 11.0502 13.4
      vertex 7.25865 11.4575 13.4
      vertex 7.14082 11.5219 13.4
    endloop
  endfacet
  facet normal 0 0 1
    outer loop
      vertex 7.25865 11.4575 13.4
      vertex 7.04453 11.0005 13.4
      vertex 7.16255 10.9574 13.4
    endloop
  endfacet
  facet normal 0 0 1
    outer loop
      vertex 6.82195 11.1066 13.4
      vertex 7.14082 11.5219 13.4
      vertex 7.03079 11.5981 13.4
    endloop
  endfacet
  facet normal 0 0 1
    outer loop
      vertex 7.25865 11.4575 13.4
      vertex 6.931 11.0502 13.4
      vertex 7.04453 11.0005 13.4
    endloop
  endfacet
  facet normal 0 0 1
    outer loop
      vertex 6.61957 11.2377 13.4
      vertex 7.03079 11.5981 13.4
      vertex 6.92857 11.6859 13.4
    endloop
  endfacet
  facet normal 0 0 1
    outer loop
      vertex 6.52679 11.3122 13.4
      vertex 6.92857 11.6859 13.4
      vertex 6.83414 11.7855 13.4
    endloop
  endfacet
  facet normal 0 0 1
    outer loop
      vertex 7.14082 11.5219 13.4
      vertex 6.82195 11.1066 13.4
      vertex 6.931 11.0502 13.4
    endloop
  endfacet
  facet normal 0 0 1
    outer loop
      vertex 6.35809 11.4789 13.4
      vertex 6.83414 11.7855 13.4
      vertex 6.74864 11.8951 13.4
    endloop
  endfacet
  facet normal 0 0 1
    outer loop
      vertex 7.03079 11.5981 13.4
      vertex 6.71796 11.1692 13.4
      vertex 6.82195 11.1066 13.4
    endloop
  endfacet
  facet normal 0 0 1
    outer loop
      vertex 6.21185 11.6692 13.4
      vertex 6.74864 11.8951 13.4
      vertex 6.6732 12.0129 13.4
    endloop
  endfacet
  facet normal 0 0 1
    outer loop
      vertex 7.03079 11.5981 13.4
      vertex 6.61957 11.2377 13.4
      vertex 6.71796 11.1692 13.4
    endloop
  endfacet
  facet normal 0 0 1
    outer loop
      vertex 6.14714 11.7732 13.4
      vertex 6.6732 12.0129 13.4
      vertex 6.60782 12.139 13.4
    endloop
  endfacet
  facet normal 0 0 1
    outer loop
      vertex 6.03488 11.9982 13.4
      vertex 6.60782 12.139 13.4
      vertex 6.55249 12.2733 13.4
    endloop
  endfacet
  facet normal 0 0 1
    outer loop
      vertex 6.92857 11.6859 13.4
      vertex 6.52679 11.3122 13.4
      vertex 6.61957 11.2377 13.4
    endloop
  endfacet
  facet normal 0 0 1
    outer loop
      vertex 5.98799 12.1174 13.4
      vertex 6.55249 12.2733 13.4
      vertex 6.50723 12.4159 13.4
    endloop
  endfacet
  facet normal 0 0 1
    outer loop
      vertex 5.91295 12.3683 13.4
      vertex 6.50723 12.4159 13.4
      vertex 6.47202 12.5667 13.4
    endloop
  endfacet
  facet normal 0 0 1
    outer loop
      vertex 5.88481 12.5 13.4
      vertex 6.47202 12.5667 13.4
      vertex 6.44687 12.7258 13.4
    endloop
  endfacet
  facet normal 0 0 1
    outer loop
      vertex 6.83414 11.7855 13.4
      vertex 6.43965 11.3926 13.4
      vertex 6.52679 11.3122 13.4
    endloop
  endfacet
  facet normal -0 0 1
    outer loop
      vertex 5.84729 12.776 13.4
      vertex 6.44687 12.7258 13.4
      vertex 6.43179 12.8932 13.4
    endloop
  endfacet
  facet normal -0 0 1
    outer loop
      vertex 5.83791 12.9203 13.4
      vertex 6.43179 12.8932 13.4
      vertex 6.42676 13.0687 13.4
    endloop
  endfacet
  facet normal 0 0 1
    outer loop
      vertex 6.55107 13.862 13.4
      vertex 5.94629 13.8966 13.4
      vertex 6.50632 13.7212 13.4
    endloop
  endfacet
  facet normal 0 0 1
    outer loop
      vertex 6.43179 12.8932 13.4
      vertex 5.83791 12.9203 13.4
      vertex 5.84729 12.776 13.4
    endloop
  endfacet
  facet normal 0 0 1
    outer loop
      vertex 6.44687 12.7258 13.4
      vertex 5.84729 12.776 13.4
      vertex 5.86292 12.6359 13.4
    endloop
  endfacet
  facet normal 0 0 1
    outer loop
      vertex 5.89751 13.7063 13.4
      vertex 6.50632 13.7212 13.4
      vertex 5.94629 13.8966 13.4
    endloop
  endfacet
  facet normal 0 0 1
    outer loop
      vertex 6.44687 12.7258 13.4
      vertex 5.86292 12.6359 13.4
      vertex 5.88481 12.5 13.4
    endloop
  endfacet
  facet normal 0 0 1
    outer loop
      vertex 6.50632 13.7212 13.4
      vertex 5.89751 13.7063 13.4
      vertex 6.47151 13.5716 13.4
    endloop
  endfacet
  facet normal 0 0 1
    outer loop
      vertex 6.47202 12.5667 13.4
      vertex 5.88481 12.5 13.4
      vertex 5.91295 12.3683 13.4
    endloop
  endfacet
  facet normal 0 0 1
    outer loop
      vertex 6.83414 11.7855 13.4
      vertex 6.35809 11.4789 13.4
      vertex 6.43965 11.3926 13.4
    endloop
  endfacet
  facet normal 0 0 1
    outer loop
      vertex 5.86266 13.5049 13.4
      vertex 6.47151 13.5716 13.4
      vertex 5.89751 13.7063 13.4
    endloop
  endfacet
  facet normal 0 0 1
    outer loop
      vertex 6.74864 11.8951 13.4
      vertex 6.28217 11.5711 13.4
      vertex 6.35809 11.4789 13.4
    endloop
  endfacet
  facet normal 0 0 1
    outer loop
      vertex 6.47151 13.5716 13.4
      vertex 5.86266 13.5049 13.4
      vertex 6.44666 13.4129 13.4
    endloop
  endfacet
  facet normal 0 0 1
    outer loop
      vertex 6.74864 11.8951 13.4
      vertex 6.21185 11.6692 13.4
      vertex 6.28217 11.5711 13.4
    endloop
  endfacet
  facet normal 0 0 1
    outer loop
      vertex 6.55249 12.2733 13.4
      vertex 5.98799 12.1174 13.4
      vertex 6.03488 11.9982 13.4
    endloop
  endfacet
  facet normal 0 0 1
    outer loop
      vertex 5.84175 13.2924 13.4
      vertex 6.44666 13.4129 13.4
      vertex 5.86266 13.5049 13.4
    endloop
  endfacet
  facet normal 0 0 1
    outer loop
      vertex 6.50723 12.4159 13.4
      vertex 5.94734 12.2407 13.4
      vertex 5.98799 12.1174 13.4
    endloop
  endfacet
  facet normal 0 0 1
    outer loop
      vertex 6.44666 13.4129 13.4
      vertex 5.84175 13.2924 13.4
      vertex 6.43173 13.2453 13.4
    endloop
  endfacet
  facet normal 0 0 1
    outer loop
      vertex 6.50723 12.4159 13.4
      vertex 5.91295 12.3683 13.4
      vertex 5.94734 12.2407 13.4
    endloop
  endfacet
  facet normal 0 0 1
    outer loop
      vertex 6.60782 12.139 13.4
      vertex 6.03488 11.9982 13.4
      vertex 6.08804 11.8832 13.4
    endloop
  endfacet
  facet normal 0 0 1
    outer loop
      vertex 5.83478 13.0687 13.4
      vertex 6.43173 13.2453 13.4
      vertex 5.84175 13.2924 13.4
    endloop
  endfacet
  facet normal 0 0 1
    outer loop
      vertex 6.60782 12.139 13.4
      vertex 6.08804 11.8832 13.4
      vertex 6.14714 11.7732 13.4
    endloop
  endfacet
  facet normal 0 0 1
    outer loop
      vertex 6.43173 13.2453 13.4
      vertex 5.83478 13.0687 13.4
      vertex 6.42676 13.0687 13.4
    endloop
  endfacet
  facet normal 0 0 1
    outer loop
      vertex 6.6732 12.0129 13.4
      vertex 6.14714 11.7732 13.4
      vertex 6.21185 11.6692 13.4
    endloop
  endfacet
  facet normal 0 0 1
    outer loop
      vertex 6.42676 13.0687 13.4
      vertex 5.83478 13.0687 13.4
      vertex 5.83791 12.9203 13.4
    endloop
  endfacet
  facet normal 0 0 1
    outer loop
      vertex -16.2707 14.5849 13.4
      vertex -15.7675 15.1987 13.4
      vertex -16.2649 14.683 13.4
    endloop
  endfacet
  facet normal 0 0 1
    outer loop
      vertex -16.5151 15.1987 13.4
      vertex -16.2978 14.5646 13.4
      vertex -16.2649 14.683 13.4
    endloop
  endfacet
  facet normal 0 0 1
    outer loop
      vertex -16.2978 14.5646 13.4
      vertex -16.5151 15.1987 13.4
      vertex -16.3299 14.452 13.4
    endloop
  endfacet
  facet normal 0 0 1
    outer loop
      vertex -16.3299 14.452 13.4
      vertex -16.5151 15.1987 13.4
      vertex -16.3612 14.3453 13.4
    endloop
  endfacet
  facet normal 0 0 1
    outer loop
      vertex -16.3612 14.3453 13.4
      vertex -16.5151 15.1987 13.4
      vertex -16.3918 14.2445 13.4
    endloop
  endfacet
  facet normal 0 0 1
    outer loop
      vertex -16.3918 14.2445 13.4
      vertex -16.5151 15.1987 13.4
      vertex -16.4216 14.1495 13.4
    endloop
  endfacet
  facet normal 0 0 1
    outer loop
      vertex -16.4216 14.1495 13.4
      vertex -16.5151 15.1987 13.4
      vertex -16.4507 14.0605 13.4
    endloop
  endfacet
  facet normal 0 0 1
    outer loop
      vertex -16.4507 14.0605 13.4
      vertex -16.5151 15.1987 13.4
      vertex -16.479 13.9773 13.4
    endloop
  endfacet
  facet normal -0 0 1
    outer loop
      vertex -16.5151 15.1987 13.4
      vertex -16.2649 14.683 13.4
      vertex -15.7675 15.1987 13.4
    endloop
  endfacet
  facet normal 0 0 1
    outer loop
      vertex -16.479 13.9773 13.4
      vertex -16.5151 15.1987 13.4
      vertex -16.5066 13.9 13.4
    endloop
  endfacet
  facet normal 0 0 1
    outer loop
      vertex -16.5151 15.1987 13.4
      vertex -16.5334 13.8286 13.4
      vertex -16.5066 13.9 13.4
    endloop
  endfacet
  facet normal 0 0 1
    outer loop
      vertex -17.6381 12.2173 13.4
      vertex -16.5334 13.8286 13.4
      vertex -16.5151 15.1987 13.4
    endloop
  endfacet
  facet normal -0 0 1
    outer loop
      vertex -17.6381 12.2173 13.4
      vertex -17.6442 10.8991 13.4
      vertex -16.5334 13.8286 13.4
    endloop
  endfacet
  facet normal 0 0 1
    outer loop
      vertex -17.6528 12.1797 13.4
      vertex -17.6381 12.2173 13.4
      vertex -17.6448 12.2008 13.4
    endloop
  endfacet
  facet normal 0 0 1
    outer loop
      vertex -17.6381 12.2173 13.4
      vertex -17.6528 12.1797 13.4
      vertex -17.6442 10.8991 13.4
    endloop
  endfacet
  facet normal -0 0 1
    outer loop
      vertex -17.662 12.1541 13.4
      vertex -17.6442 10.8991 13.4
      vertex -17.6528 12.1797 13.4
    endloop
  endfacet
  facet normal -0 0 1
    outer loop
      vertex -17.6725 12.1239 13.4
      vertex -17.6442 10.8991 13.4
      vertex -17.662 12.1541 13.4
    endloop
  endfacet
  facet normal -0 0 1
    outer loop
      vertex -17.6842 12.0892 13.4
      vertex -17.6442 10.8991 13.4
      vertex -17.6725 12.1239 13.4
    endloop
  endfacet
  facet normal -0 0 1
    outer loop
      vertex -17.6971 12.0499 13.4
      vertex -17.6442 10.8991 13.4
      vertex -17.6842 12.0892 13.4
    endloop
  endfacet
  facet normal -0 0 1
    outer loop
      vertex -17.7113 12.006 13.4
      vertex -17.6442 10.8991 13.4
      vertex -17.6971 12.0499 13.4
    endloop
  endfacet
  facet normal -0 0 1
    outer loop
      vertex -17.7267 11.9575 13.4
      vertex -17.6442 10.8991 13.4
      vertex -17.7113 12.006 13.4
    endloop
  endfacet
  facet normal -0 0 1
    outer loop
      vertex -17.7434 11.9046 13.4
      vertex -17.6442 10.8991 13.4
      vertex -17.7267 11.9575 13.4
    endloop
  endfacet
  facet normal -0 0 1
    outer loop
      vertex -17.76 11.8508 13.4
      vertex -17.6442 10.8991 13.4
      vertex -17.7434 11.9046 13.4
    endloop
  endfacet
  facet normal -0 0 1
    outer loop
      vertex -17.7753 11.8003 13.4
      vertex -17.6442 10.8991 13.4
      vertex -17.76 11.8508 13.4
    endloop
  endfacet
  facet normal -0 0 1
    outer loop
      vertex -17.7893 11.7528 13.4
      vertex -17.6442 10.8991 13.4
      vertex -17.7753 11.8003 13.4
    endloop
  endfacet
  facet normal -0 0 1
    outer loop
      vertex -17.802 11.7085 13.4
      vertex -17.6442 10.8991 13.4
      vertex -17.7893 11.7528 13.4
    endloop
  endfacet
  facet normal -0 0 1
    outer loop
      vertex -17.8134 11.6673 13.4
      vertex -17.6442 10.8991 13.4
      vertex -17.802 11.7085 13.4
    endloop
  endfacet
  facet normal -0 0 1
    outer loop
      vertex -17.8234 11.6293 13.4
      vertex -17.6442 10.8991 13.4
      vertex -17.8134 11.6673 13.4
    endloop
  endfacet
  facet normal -0 0 1
    outer loop
      vertex -17.8321 11.5943 13.4
      vertex -17.6442 10.8991 13.4
      vertex -17.8234 11.6293 13.4
    endloop
  endfacet
  facet normal -0 0 1
    outer loop
      vertex -17.8395 11.5625 13.4
      vertex -17.6442 10.8991 13.4
      vertex -17.8321 11.5943 13.4
    endloop
  endfacet
  facet normal -0 0 1
    outer loop
      vertex -17.8456 11.5338 13.4
      vertex -17.6442 10.8991 13.4
      vertex -17.8395 11.5625 13.4
    endloop
  endfacet
  facet normal 0 0 1
    outer loop
      vertex -18.0531 10.8991 13.4
      vertex -17.8502 11.5555 13.4
      vertex -17.8557 11.5801 13.4
    endloop
  endfacet
  facet normal 0 0 1
    outer loop
      vertex -18.0531 10.8991 13.4
      vertex -17.8557 11.5801 13.4
      vertex -17.8621 11.6075 13.4
    endloop
  endfacet
  facet normal 0 0 1
    outer loop
      vertex -18.0531 10.8991 13.4
      vertex -17.8621 11.6075 13.4
      vertex -17.8694 11.6378 13.4
    endloop
  endfacet
  facet normal 0 0 1
    outer loop
      vertex -18.0531 10.8991 13.4
      vertex -17.8694 11.6378 13.4
      vertex -17.8777 11.6708 13.4
    endloop
  endfacet
  facet normal 0 0 1
    outer loop
      vertex -18.0531 10.8991 13.4
      vertex -17.8777 11.6708 13.4
      vertex -17.887 11.7067 13.4
    endloop
  endfacet
  facet normal 0 0 1
    outer loop
      vertex -18.0531 10.8991 13.4
      vertex -17.887 11.7067 13.4
      vertex -17.8972 11.7454 13.4
    endloop
  endfacet
  facet normal 0 0 1
    outer loop
      vertex -18.0531 10.8991 13.4
      vertex -17.8972 11.7454 13.4
      vertex -17.9083 11.7869 13.4
    endloop
  endfacet
  facet normal 0 0 1
    outer loop
      vertex -18.0531 10.8991 13.4
      vertex -17.9083 11.7869 13.4
      vertex -17.9204 11.8313 13.4
    endloop
  endfacet
  facet normal 0 0 1
    outer loop
      vertex -18.0531 10.8991 13.4
      vertex -17.9204 11.8313 13.4
      vertex -17.933 11.8768 13.4
    endloop
  endfacet
  facet normal 0 0 1
    outer loop
      vertex -18.0531 10.8991 13.4
      vertex -17.933 11.8768 13.4
      vertex -17.9457 11.9216 13.4
    endloop
  endfacet
  facet normal 0 0 1
    outer loop
      vertex -18.0531 10.8991 13.4
      vertex -17.9457 11.9216 13.4
      vertex -17.9585 11.9657 13.4
    endloop
  endfacet
  facet normal 0 0 1
    outer loop
      vertex -18.0531 10.8991 13.4
      vertex -17.9585 11.9657 13.4
      vertex -17.9715 12.0093 13.4
    endloop
  endfacet
  facet normal 0 0 1
    outer loop
      vertex -18.0531 10.8991 13.4
      vertex -17.9715 12.0093 13.4
      vertex -17.9845 12.0522 13.4
    endloop
  endfacet
  facet normal 0 0 1
    outer loop
      vertex -18.0531 10.8991 13.4
      vertex -17.9845 12.0522 13.4
      vertex -17.9977 12.0944 13.4
    endloop
  endfacet
  facet normal 0 0 1
    outer loop
      vertex -18.0531 10.8991 13.4
      vertex -17.9977 12.0944 13.4
      vertex -18.011 12.136 13.4
    endloop
  endfacet
  facet normal 0 0 1
    outer loop
      vertex -18.0531 10.8991 13.4
      vertex -18.011 12.136 13.4
      vertex -18.0244 12.177 13.4
    endloop
  endfacet
  facet normal 0 0 1
    outer loop
      vertex -18.0531 10.8991 13.4
      vertex -18.0244 12.177 13.4
      vertex -18.0379 12.2173 13.4
    endloop
  endfacet
  facet normal 0 0 1
    outer loop
      vertex -17.8456 11.5338 13.4
      vertex -18.0531 10.8991 13.4
      vertex -17.6442 10.8991 13.4
    endloop
  endfacet
  facet normal 0 0 1
    outer loop
      vertex -17.8502 11.5555 13.4
      vertex -18.0531 10.8991 13.4
      vertex -17.8456 11.5338 13.4
    endloop
  endfacet
  facet normal 0 0 1
    outer loop
      vertex -18.0379 12.2173 13.4
      vertex -19.1792 13.8286 13.4
      vertex -18.0531 10.8991 13.4
    endloop
  endfacet
  facet normal 0 0 1
    outer loop
      vertex -19.1822 15.1987 13.4
      vertex -19.1792 13.8286 13.4
      vertex -18.0379 12.2173 13.4
    endloop
  endfacet
  facet normal 0 0 1
    outer loop
      vertex -19.1822 15.1987 13.4
      vertex -19.35 14.3473 13.4
      vertex -19.1792 13.8286 13.4
    endloop
  endfacet
  facet normal 0 0 1
    outer loop
      vertex -19.1822 15.1987 13.4
      vertex -19.4507 14.683 13.4
      vertex -19.35 14.3473 13.4
    endloop
  endfacet
  facet normal 0 0 1
    outer loop
      vertex -19.4416 14.3443 13.4
      vertex -19.6678 14.1233 13.4
      vertex -19.5151 13.9849 13.4
    endloop
  endfacet
  facet normal 0 0 1
    outer loop
      vertex -19.4416 14.3443 13.4
      vertex -19.8333 14.2461 13.4
      vertex -19.6678 14.1233 13.4
    endloop
  endfacet
  facet normal -0 0 1
    outer loop
      vertex -19.9481 15.1987 13.4
      vertex -19.4507 14.683 13.4
      vertex -19.1822 15.1987 13.4
    endloop
  endfacet
  facet normal 0 0 1
    outer loop
      vertex -19.9481 14.3149 13.4
      vertex -19.4507 14.683 13.4
      vertex -19.9481 15.1987 13.4
    endloop
  endfacet
  facet normal 0 0 1
    outer loop
      vertex -19.4507 14.683 13.4
      vertex -19.9481 14.3149 13.4
      vertex -19.8333 14.2461 13.4
    endloop
  endfacet
  facet normal 0 0 1
    outer loop
      vertex -16.2758 14.4859 13.4
      vertex -15.7675 15.1987 13.4
      vertex -16.2707 14.5849 13.4
    endloop
  endfacet
  facet normal 0 0 1
    outer loop
      vertex -16.2802 14.386 13.4
      vertex -15.7675 15.1987 13.4
      vertex -16.2758 14.4859 13.4
    endloop
  endfacet
  facet normal 0 0 1
    outer loop
      vertex -16.2839 14.2852 13.4
      vertex -15.7675 15.1987 13.4
      vertex -16.2802 14.386 13.4
    endloop
  endfacet
  facet normal 0 0 1
    outer loop
      vertex -16.2869 14.1835 13.4
      vertex -15.7675 15.1987 13.4
      vertex -16.2839 14.2852 13.4
    endloop
  endfacet
  facet normal 0 0 1
    outer loop
      vertex -16.2893 14.0808 13.4
      vertex -15.7675 15.1987 13.4
      vertex -16.2869 14.1835 13.4
    endloop
  endfacet
  facet normal 0 0 1
    outer loop
      vertex -16.291 13.9773 13.4
      vertex -15.7675 15.1987 13.4
      vertex -16.2893 14.0808 13.4
    endloop
  endfacet
  facet normal 0 0 1
    outer loop
      vertex -16.292 13.8729 13.4
      vertex -15.7675 15.1987 13.4
      vertex -16.291 13.9773 13.4
    endloop
  endfacet
  facet normal 0 0 1
    outer loop
      vertex -16.2924 13.7675 13.4
      vertex -15.7675 15.1987 13.4
      vertex -16.292 13.8729 13.4
    endloop
  endfacet
  facet normal 0 0 1
    outer loop
      vertex -15.7675 15.1987 13.4
      vertex -16.2924 13.7675 13.4
      vertex -15.7675 10.8991 13.4
    endloop
  endfacet
  facet normal 0 0 1
    outer loop
      vertex -15.7675 10.8991 13.4
      vertex -16.2924 13.7675 13.4
      vertex -16.2924 10.8991 13.4
    endloop
  endfacet
  facet normal 0 0 1
    outer loop
      vertex -19.8333 14.2461 13.4
      vertex -19.4416 14.3443 13.4
      vertex -19.4507 14.683 13.4
    endloop
  endfacet
  facet normal 0 0 1
    outer loop
      vertex -19.4416 14.3443 13.4
      vertex -19.5151 13.9849 13.4
      vertex -19.432 13.8933 13.4
    endloop
  endfacet
  facet normal -0 0 1
    outer loop
      vertex -19.5151 11.0151 13.4
      vertex -19.4294 10.8991 13.4
      vertex -19.4294 11.1097 13.4
    endloop
  endfacet
  facet normal 0 0 1
    outer loop
      vertex -19.4294 10.8991 13.4
      vertex -19.5151 11.0151 13.4
      vertex -19.6431 10.8991 13.4
    endloop
  endfacet
  facet normal -0 0 1
    outer loop
      vertex -3.07922 12.3791 13.4
      vertex -2.55435 10.8991 13.4
      vertex -2.55435 15.1987 13.4
    endloop
  endfacet
  facet normal 0 0 1
    outer loop
      vertex -2.55435 10.8991 13.4
      vertex -3.05028 11.6413 13.4
      vertex -3.0426 11.5124 13.4
    endloop
  endfacet
  facet normal 0 0 1
    outer loop
      vertex -2.55435 10.8991 13.4
      vertex -3.05707 11.762 13.4
      vertex -3.05028 11.6413 13.4
    endloop
  endfacet
  facet normal 0 0 1
    outer loop
      vertex -2.55435 10.8991 13.4
      vertex -3.06294 11.8746 13.4
      vertex -3.05707 11.762 13.4
    endloop
  endfacet
  facet normal 0 0 1
    outer loop
      vertex -2.55435 10.8991 13.4
      vertex -3.06792 11.979 13.4
      vertex -3.06294 11.8746 13.4
    endloop
  endfacet
  facet normal 0 0 1
    outer loop
      vertex -2.55435 10.8991 13.4
      vertex -3.07199 12.0753 13.4
      vertex -3.06792 11.979 13.4
    endloop
  endfacet
  facet normal 0 0 1
    outer loop
      vertex -2.55435 10.8991 13.4
      vertex -3.07515 12.1634 13.4
      vertex -3.07199 12.0753 13.4
    endloop
  endfacet
  facet normal 0 0 1
    outer loop
      vertex -2.55435 10.8991 13.4
      vertex -3.07742 12.2435 13.4
      vertex -3.07515 12.1634 13.4
    endloop
  endfacet
  facet normal 0 0 1
    outer loop
      vertex -2.55435 10.8991 13.4
      vertex -3.07877 12.3153 13.4
      vertex -3.07742 12.2435 13.4
    endloop
  endfacet
  facet normal 0 0 1
    outer loop
      vertex -3.07922 12.3791 13.4
      vertex -2.55435 15.1987 13.4
      vertex -3.07922 15.1987 13.4
    endloop
  endfacet
  facet normal 0 0 1
    outer loop
      vertex -2.55435 10.8991 13.4
      vertex -3.07922 12.3791 13.4
      vertex -3.07877 12.3153 13.4
    endloop
  endfacet
  facet normal 0 0 1
    outer loop
      vertex -3.0426 11.5124 13.4
      vertex -3.25621 10.8991 13.4
      vertex -2.55435 10.8991 13.4
    endloop
  endfacet
  facet normal -0 0 1
    outer loop
      vertex -5.55707 14.5609 13.4
      vertex -3.0426 11.5124 13.4
      vertex -5.36787 15.1987 13.4
    endloop
  endfacet
  facet normal 0 0 1
    outer loop
      vertex -3.0426 11.5124 13.4
      vertex -5.55707 14.5609 13.4
      vertex -3.25621 10.8991 13.4
    endloop
  endfacet
  facet normal 0 -0 1
    outer loop
      vertex -5.55707 14.5609 13.4
      vertex -5.36787 15.1987 13.4
      vertex -6.0453 15.1987 13.4
    endloop
  endfacet
  facet normal 0 0 1
    outer loop
      vertex -6.0453 15.1987 13.4
      vertex -5.52655 13.7553 13.4
      vertex -5.54181 14.2649 13.4
    endloop
  endfacet
  facet normal 0 0 1
    outer loop
      vertex -6.0453 15.1987 13.4
      vertex -5.54181 14.2649 13.4
      vertex -5.55707 14.5609 13.4
    endloop
  endfacet
  facet normal 0 0 1
    outer loop
      vertex -5.52655 13.7553 13.4
      vertex -6.0453 15.1987 13.4
      vertex -6.0453 10.8991 13.4
    endloop
  endfacet
  facet normal 0 0 1
    outer loop
      vertex -5.52655 13.7553 13.4
      vertex -6.0453 10.8991 13.4
      vertex -5.52655 10.8991 13.4
    endloop
  endfacet
  facet normal 0 0 1
    outer loop
      vertex 1.62453 15.1987 13.4
      vertex -1.05472 14.7227 13.4
      vertex 1.62453 14.7227 13.4
    endloop
  endfacet
  facet normal 0 0 1
    outer loop
      vertex -1.63756 15.1987 13.4
      vertex -1.05472 13.3434 13.4
      vertex -1.05472 14.7227 13.4
    endloop
  endfacet
  facet normal 0 0 1
    outer loop
      vertex -1.05472 13.3434 13.4
      vertex -1.63756 15.1987 13.4
      vertex -1.05472 12.8734 13.4
    endloop
  endfacet
  facet normal 0 0 1
    outer loop
      vertex -1.63756 10.8991 13.4
      vertex -1.05472 12.8734 13.4
      vertex -1.63756 15.1987 13.4
    endloop
  endfacet
  facet normal -0 0 1
    outer loop
      vertex -1.63756 15.1987 13.4
      vertex -1.05472 14.7227 13.4
      vertex 1.62453 15.1987 13.4
    endloop
  endfacet
  facet normal -0 0 1
    outer loop
      vertex -1.05472 13.3434 13.4
      vertex 1.44142 12.8734 13.4
      vertex 1.44142 13.3434 13.4
    endloop
  endfacet
  facet normal 0 0 1
    outer loop
      vertex 1.44142 12.8734 13.4
      vertex -1.05472 13.3434 13.4
      vertex -1.05472 12.8734 13.4
    endloop
  endfacet
  facet normal -0 0 1
    outer loop
      vertex -1.05472 11.3751 13.4
      vertex 1.74963 10.8991 13.4
      vertex 1.74963 11.3751 13.4
    endloop
  endfacet
  facet normal 0 0 1
    outer loop
      vertex -1.05472 11.3751 13.4
      vertex -1.63756 10.8991 13.4
      vertex 1.74963 10.8991 13.4
    endloop
  endfacet
  facet normal 0 0 1
    outer loop
      vertex -1.05472 12.8734 13.4
      vertex -1.63756 10.8991 13.4
      vertex -1.05472 11.3751 13.4
    endloop
  endfacet
  facet normal 0 0 1
    outer loop
      vertex 5.59482 15.1987 13.4
      vertex 4.11787 14.7227 13.4
      vertex 5.59482 14.7227 13.4
    endloop
  endfacet
  facet normal 0 0 1
    outer loop
      vertex 4.11787 14.7227 13.4
      vertex 3.5381 14.7227 13.4
      vertex 4.11787 10.8991 13.4
    endloop
  endfacet
  facet normal 0 0 1
    outer loop
      vertex 5.59482 15.1987 13.4
      vertex 3.5381 14.7227 13.4
      vertex 4.11787 14.7227 13.4
    endloop
  endfacet
  facet normal -0 0 1
    outer loop
      vertex 2.06111 15.1987 13.4
      vertex 3.5381 14.7227 13.4
      vertex 5.59482 15.1987 13.4
    endloop
  endfacet
  facet normal 0 0 1
    outer loop
      vertex 3.5381 14.7227 13.4
      vertex 2.06111 15.1987 13.4
      vertex 2.06111 14.7227 13.4
    endloop
  endfacet
  facet normal 0 0 1
    outer loop
      vertex 4.11787 10.8991 13.4
      vertex 3.5381 14.7227 13.4
      vertex 3.5381 10.8991 13.4
    endloop
  endfacet
  facet normal 0 0 1
    outer loop
      vertex 16.1722 14.5849 13.4
      vertex 16.6754 15.1987 13.4
      vertex 16.1779 14.683 13.4
    endloop
  endfacet
  facet normal 0 0 1
    outer loop
      vertex 15.9277 15.1987 13.4
      vertex 16.1451 14.5646 13.4
      vertex 16.1779 14.683 13.4
    endloop
  endfacet
  facet normal 0 0 1
    outer loop
      vertex 16.1451 14.5646 13.4
      vertex 15.9277 15.1987 13.4
      vertex 16.113 14.452 13.4
    endloop
  endfacet
  facet normal 0 0 1
    outer loop
      vertex 16.113 14.452 13.4
      vertex 15.9277 15.1987 13.4
      vertex 16.0816 14.3453 13.4
    endloop
  endfacet
  facet normal 0 0 1
    outer loop
      vertex 16.0816 14.3453 13.4
      vertex 15.9277 15.1987 13.4
      vertex 16.051 14.2445 13.4
    endloop
  endfacet
  facet normal 0 0 1
    outer loop
      vertex 16.051 14.2445 13.4
      vertex 15.9277 15.1987 13.4
      vertex 16.0212 14.1495 13.4
    endloop
  endfacet
  facet normal 0 0 1
    outer loop
      vertex 16.0212 14.1495 13.4
      vertex 15.9277 15.1987 13.4
      vertex 15.9921 14.0605 13.4
    endloop
  endfacet
  facet normal 0 0 1
    outer loop
      vertex 15.9921 14.0605 13.4
      vertex 15.9277 15.1987 13.4
      vertex 15.9638 13.9773 13.4
    endloop
  endfacet
  facet normal -0 0 1
    outer loop
      vertex 15.9277 15.1987 13.4
      vertex 16.1779 14.683 13.4
      vertex 16.6754 15.1987 13.4
    endloop
  endfacet
  facet normal 0 0 1
    outer loop
      vertex 15.9638 13.9773 13.4
      vertex 15.9277 15.1987 13.4
      vertex 15.9362 13.9 13.4
    endloop
  endfacet
  facet normal 0 0 1
    outer loop
      vertex 15.9277 15.1987 13.4
      vertex 15.9094 13.8286 13.4
      vertex 15.9362 13.9 13.4
    endloop
  endfacet
  facet normal 0 0 1
    outer loop
      vertex 14.8047 12.2173 13.4
      vertex 15.9094 13.8286 13.4
      vertex 15.9277 15.1987 13.4
    endloop
  endfacet
  facet normal -0 0 1
    outer loop
      vertex 14.8047 12.2173 13.4
      vertex 14.7986 10.8991 13.4
      vertex 15.9094 13.8286 13.4
    endloop
  endfacet
  facet normal 0 0 1
    outer loop
      vertex 14.79 12.1797 13.4
      vertex 14.8047 12.2173 13.4
      vertex 14.798 12.2008 13.4
    endloop
  endfacet
  facet normal 0 0 1
    outer loop
      vertex 14.8047 12.2173 13.4
      vertex 14.79 12.1797 13.4
      vertex 14.7986 10.8991 13.4
    endloop
  endfacet
  facet normal -0 0 1
    outer loop
      vertex 14.7808 12.1541 13.4
      vertex 14.7986 10.8991 13.4
      vertex 14.79 12.1797 13.4
    endloop
  endfacet
  facet normal -0 0 1
    outer loop
      vertex 14.7704 12.1239 13.4
      vertex 14.7986 10.8991 13.4
      vertex 14.7808 12.1541 13.4
    endloop
  endfacet
  facet normal -0 0 1
    outer loop
      vertex 14.7587 12.0892 13.4
      vertex 14.7986 10.8991 13.4
      vertex 14.7704 12.1239 13.4
    endloop
  endfacet
  facet normal -0 0 1
    outer loop
      vertex 14.7457 12.0499 13.4
      vertex 14.7986 10.8991 13.4
      vertex 14.7587 12.0892 13.4
    endloop
  endfacet
  facet normal -0 0 1
    outer loop
      vertex 14.7315 12.006 13.4
      vertex 14.7986 10.8991 13.4
      vertex 14.7457 12.0499 13.4
    endloop
  endfacet
  facet normal -0 0 1
    outer loop
      vertex 14.7161 11.9575 13.4
      vertex 14.7986 10.8991 13.4
      vertex 14.7315 12.006 13.4
    endloop
  endfacet
  facet normal -0 0 1
    outer loop
      vertex 14.6994 11.9046 13.4
      vertex 14.7986 10.8991 13.4
      vertex 14.7161 11.9575 13.4
    endloop
  endfacet
  facet normal -0 0 1
    outer loop
      vertex 14.6828 11.8508 13.4
      vertex 14.7986 10.8991 13.4
      vertex 14.6994 11.9046 13.4
    endloop
  endfacet
  facet normal -0 0 1
    outer loop
      vertex 14.6675 11.8003 13.4
      vertex 14.7986 10.8991 13.4
      vertex 14.6828 11.8508 13.4
    endloop
  endfacet
  facet normal -0 0 1
    outer loop
      vertex 14.6535 11.7528 13.4
      vertex 14.7986 10.8991 13.4
      vertex 14.6675 11.8003 13.4
    endloop
  endfacet
  facet normal -0 0 1
    outer loop
      vertex 14.6408 11.7085 13.4
      vertex 14.7986 10.8991 13.4
      vertex 14.6535 11.7528 13.4
    endloop
  endfacet
  facet normal -0 0 1
    outer loop
      vertex 14.6295 11.6673 13.4
      vertex 14.7986 10.8991 13.4
      vertex 14.6408 11.7085 13.4
    endloop
  endfacet
  facet normal -0 0 1
    outer loop
      vertex 14.6194 11.6293 13.4
      vertex 14.7986 10.8991 13.4
      vertex 14.6295 11.6673 13.4
    endloop
  endfacet
  facet normal -0 0 1
    outer loop
      vertex 14.6107 11.5943 13.4
      vertex 14.7986 10.8991 13.4
      vertex 14.6194 11.6293 13.4
    endloop
  endfacet
  facet normal -0 0 1
    outer loop
      vertex 14.6033 11.5625 13.4
      vertex 14.7986 10.8991 13.4
      vertex 14.6107 11.5943 13.4
    endloop
  endfacet
  facet normal -0 0 1
    outer loop
      vertex 14.5972 11.5338 13.4
      vertex 14.7986 10.8991 13.4
      vertex 14.6033 11.5625 13.4
    endloop
  endfacet
  facet normal 0 0 1
    outer loop
      vertex 14.3897 10.8991 13.4
      vertex 14.5927 11.5555 13.4
      vertex 14.5872 11.5801 13.4
    endloop
  endfacet
  facet normal 0 0 1
    outer loop
      vertex 14.3897 10.8991 13.4
      vertex 14.5872 11.5801 13.4
      vertex 14.5808 11.6075 13.4
    endloop
  endfacet
  facet normal 0 0 1
    outer loop
      vertex 14.3897 10.8991 13.4
      vertex 14.5808 11.6075 13.4
      vertex 14.5734 11.6378 13.4
    endloop
  endfacet
  facet normal 0 0 1
    outer loop
      vertex 14.3897 10.8991 13.4
      vertex 14.5734 11.6378 13.4
      vertex 14.5651 11.6708 13.4
    endloop
  endfacet
  facet normal 0 0 1
    outer loop
      vertex 14.3897 10.8991 13.4
      vertex 14.5651 11.6708 13.4
      vertex 14.5558 11.7067 13.4
    endloop
  endfacet
  facet normal 0 0 1
    outer loop
      vertex 14.3897 10.8991 13.4
      vertex 14.5558 11.7067 13.4
      vertex 14.5456 11.7454 13.4
    endloop
  endfacet
  facet normal 0 0 1
    outer loop
      vertex 14.3897 10.8991 13.4
      vertex 14.5456 11.7454 13.4
      vertex 14.5345 11.7869 13.4
    endloop
  endfacet
  facet normal 0 0 1
    outer loop
      vertex 14.3897 10.8991 13.4
      vertex 14.5345 11.7869 13.4
      vertex 14.5224 11.8313 13.4
    endloop
  endfacet
  facet normal 0 0 1
    outer loop
      vertex 14.3897 10.8991 13.4
      vertex 14.5224 11.8313 13.4
      vertex 14.5098 11.8768 13.4
    endloop
  endfacet
  facet normal 0 0 1
    outer loop
      vertex 14.3897 10.8991 13.4
      vertex 14.5098 11.8768 13.4
      vertex 14.4971 11.9216 13.4
    endloop
  endfacet
  facet normal 0 0 1
    outer loop
      vertex 14.3897 10.8991 13.4
      vertex 14.4971 11.9216 13.4
      vertex 14.4843 11.9657 13.4
    endloop
  endfacet
  facet normal 0 0 1
    outer loop
      vertex 14.3897 10.8991 13.4
      vertex 14.4843 11.9657 13.4
      vertex 14.4714 12.0093 13.4
    endloop
  endfacet
  facet normal 0 0 1
    outer loop
      vertex 14.3897 10.8991 13.4
      vertex 14.4714 12.0093 13.4
      vertex 14.4583 12.0522 13.4
    endloop
  endfacet
  facet normal 0 0 1
    outer loop
      vertex 14.3897 10.8991 13.4
      vertex 14.4583 12.0522 13.4
      vertex 14.4451 12.0944 13.4
    endloop
  endfacet
  facet normal 0 0 1
    outer loop
      vertex 14.3897 10.8991 13.4
      vertex 14.4451 12.0944 13.4
      vertex 14.4319 12.136 13.4
    endloop
  endfacet
  facet normal 0 0 1
    outer loop
      vertex 14.3897 10.8991 13.4
      vertex 14.4319 12.136 13.4
      vertex 14.4185 12.177 13.4
    endloop
  endfacet
  facet normal 0 0 1
    outer loop
      vertex 14.3897 10.8991 13.4
      vertex 14.4185 12.177 13.4
      vertex 14.405 12.2173 13.4
    endloop
  endfacet
  facet normal 0 0 1
    outer loop
      vertex 14.5972 11.5338 13.4
      vertex 14.3897 10.8991 13.4
      vertex 14.7986 10.8991 13.4
    endloop
  endfacet
  facet normal 0 0 1
    outer loop
      vertex 14.5927 11.5555 13.4
      vertex 14.3897 10.8991 13.4
      vertex 14.5972 11.5338 13.4
    endloop
  endfacet
  facet normal 0 0 1
    outer loop
      vertex 14.405 12.2173 13.4
      vertex 13.2637 13.8286 13.4
      vertex 14.3897 10.8991 13.4
    endloop
  endfacet
  facet normal 0 0 1
    outer loop
      vertex 13.2606 15.1987 13.4
      vertex 13.2637 13.8286 13.4
      vertex 14.405 12.2173 13.4
    endloop
  endfacet
  facet normal 0 0 1
    outer loop
      vertex 13.2606 15.1987 13.4
      vertex 13.0928 14.3473 13.4
      vertex 13.2637 13.8286 13.4
    endloop
  endfacet
  facet normal 0 0 1
    outer loop
      vertex 13.2606 15.1987 13.4
      vertex 12.9921 14.683 13.4
      vertex 13.0928 14.3473 13.4
    endloop
  endfacet
  facet normal 0 -0 1
    outer loop
      vertex 12.9921 14.683 13.4
      vertex 13.2606 15.1987 13.4
      vertex 12.4947 15.1987 13.4
    endloop
  endfacet
  facet normal 0 0 1
    outer loop
      vertex 16.1671 14.4859 13.4
      vertex 16.6754 15.1987 13.4
      vertex 16.1722 14.5849 13.4
    endloop
  endfacet
  facet normal 0 0 1
    outer loop
      vertex 16.1627 14.386 13.4
      vertex 16.6754 15.1987 13.4
      vertex 16.1671 14.4859 13.4
    endloop
  endfacet
  facet normal 0 0 1
    outer loop
      vertex 16.159 14.2852 13.4
      vertex 16.6754 15.1987 13.4
      vertex 16.1627 14.386 13.4
    endloop
  endfacet
  facet normal 0 0 1
    outer loop
      vertex 16.1559 14.1835 13.4
      vertex 16.6754 15.1987 13.4
      vertex 16.159 14.2852 13.4
    endloop
  endfacet
  facet normal 0 0 1
    outer loop
      vertex 16.1535 14.0808 13.4
      vertex 16.6754 15.1987 13.4
      vertex 16.1559 14.1835 13.4
    endloop
  endfacet
  facet normal 0 0 1
    outer loop
      vertex 16.1518 13.9773 13.4
      vertex 16.6754 15.1987 13.4
      vertex 16.1535 14.0808 13.4
    endloop
  endfacet
  facet normal 0 0 1
    outer loop
      vertex 16.1508 13.8729 13.4
      vertex 16.6754 15.1987 13.4
      vertex 16.1518 13.9773 13.4
    endloop
  endfacet
  facet normal 0 0 1
    outer loop
      vertex 16.1505 13.7675 13.4
      vertex 16.6754 15.1987 13.4
      vertex 16.1508 13.8729 13.4
    endloop
  endfacet
  facet normal 0 0 1
    outer loop
      vertex 16.6754 15.1987 13.4
      vertex 16.1505 13.7675 13.4
      vertex 16.6754 10.8991 13.4
    endloop
  endfacet
  facet normal 0 0 1
    outer loop
      vertex 16.6754 10.8991 13.4
      vertex 16.1505 13.7675 13.4
      vertex 16.1505 10.8991 13.4
    endloop
  endfacet
  facet normal 0 0 1
    outer loop
      vertex 12.4947 15.1987 13.4
      vertex 13.0135 13.7675 13.4
      vertex 13.0012 14.3443 13.4
    endloop
  endfacet
  facet normal 0 0 1
    outer loop
      vertex 12.4947 15.1987 13.4
      vertex 13.0012 14.3443 13.4
      vertex 12.9921 14.683 13.4
    endloop
  endfacet
  facet normal 0 0 1
    outer loop
      vertex 13.0135 13.7675 13.4
      vertex 12.4947 15.1987 13.4
      vertex 12.4947 10.8991 13.4
    endloop
  endfacet
  facet normal 0 0 1
    outer loop
      vertex 13.0135 13.7675 13.4
      vertex 12.4947 10.8991 13.4
      vertex 13.0135 10.8991 13.4
    endloop
  endfacet
  facet normal -0 0 1
    outer loop
      vertex 18.6379 14.6738 13.4
      vertex 19.1902 13.5605 13.4
      vertex 19.1902 15.1987 13.4
    endloop
  endfacet
  facet normal 0 0 1
    outer loop
      vertex 19.1902 13.5605 13.4
      vertex 18.6379 14.6738 13.4
      vertex 19.148 13.4899 13.4
    endloop
  endfacet
  facet normal 0 0 1
    outer loop
      vertex 19.148 13.4899 13.4
      vertex 18.6379 14.6738 13.4
      vertex 19.0599 13.3036 13.4
    endloop
  endfacet
  facet normal 0 0 1
    outer loop
      vertex 19.0599 13.3036 13.4
      vertex 18.6379 14.6738 13.4
      vertex 18.9904 13.1096 13.4
    endloop
  endfacet
  facet normal 0 0 1
    outer loop
      vertex 18.9904 13.1096 13.4
      vertex 18.6379 14.6738 13.4
      vertex 18.9403 12.9097 13.4
    endloop
  endfacet
  facet normal 0 0 1
    outer loop
      vertex 18.9403 12.9097 13.4
      vertex 18.6379 14.6738 13.4
      vertex 18.9101 12.7058 13.4
    endloop
  endfacet
  facet normal 0 0 1
    outer loop
      vertex 18.6379 14.6738 13.4
      vertex 19.1902 15.1987 13.4
      vertex 18.6837 15.1987 13.4
    endloop
  endfacet
  facet normal 0 0 1
    outer loop
      vertex 19.1902 11.4395 13.4
      vertex 19.148 11.5101 13.4
      vertex 19.1902 11.366 13.4
    endloop
  endfacet
  facet normal -0 0 1
    outer loop
      vertex 19.1902 11.366 13.4
      vertex 19.2539 11.3333 13.4
      vertex 19.2343 11.366 13.4
    endloop
  endfacet
  facet normal 0 0 1
    outer loop
      vertex 19.1902 11.366 13.4
      vertex 19.3767 11.1678 13.4
      vertex 19.2539 11.3333 13.4
    endloop
  endfacet
  facet normal -0 0 1
    outer loop
      vertex 18.6379 11.366 13.4
      vertex 19.3767 11.1678 13.4
      vertex 19.1902 11.366 13.4
    endloop
  endfacet
  facet normal 0 0 1
    outer loop
      vertex 18.6379 11.366 13.4
      vertex 19.148 11.5101 13.4
      vertex 19.0599 11.6964 13.4
    endloop
  endfacet
  facet normal 0 0 1
    outer loop
      vertex 18.6379 11.366 13.4
      vertex 18.9101 12.7058 13.4
      vertex 18.6379 14.6738 13.4
    endloop
  endfacet
  facet normal 0 0 1
    outer loop
      vertex 18.9101 12.7058 13.4
      vertex 18.6379 11.366 13.4
      vertex 18.9 12.5 13.4
    endloop
  endfacet
  facet normal 0 0 1
    outer loop
      vertex 18.9 12.5 13.4
      vertex 18.6379 11.366 13.4
      vertex 18.9101 12.2942 13.4
    endloop
  endfacet
  facet normal 0 0 1
    outer loop
      vertex 18.6379 11.366 13.4
      vertex 18.9403 12.0903 13.4
      vertex 18.9101 12.2942 13.4
    endloop
  endfacet
  facet normal 0 0 1
    outer loop
      vertex 18.6379 11.366 13.4
      vertex 18.9904 11.8904 13.4
      vertex 18.9403 12.0903 13.4
    endloop
  endfacet
  facet normal 0 0 1
    outer loop
      vertex 18.6379 11.366 13.4
      vertex 19.0599 11.6964 13.4
      vertex 18.9904 11.8904 13.4
    endloop
  endfacet
  facet normal 0 0 1
    outer loop
      vertex 19.148 11.5101 13.4
      vertex 18.6379 11.366 13.4
      vertex 19.1902 11.366 13.4
    endloop
  endfacet
  facet normal 0 0 1
    outer loop
      vertex 19.3767 11.1678 13.4
      vertex 18.6379 11.366 13.4
      vertex 19.5151 11.0151 13.4
    endloop
  endfacet
  facet normal 0 0 1
    outer loop
      vertex 17.5424 10.8991 13.4
      vertex 19.5151 11.0151 13.4
      vertex 18.6379 11.366 13.4
    endloop
  endfacet
  facet normal 0 0 1
    outer loop
      vertex 17.5424 10.8991 13.4
      vertex 18.6379 11.366 13.4
      vertex 17.5424 11.366 13.4
    endloop
  endfacet
  facet normal 0 0 1
    outer loop
      vertex 19.5151 11.0151 13.4
      vertex 17.5424 10.8991 13.4
      vertex 19.6431 10.8991 13.4
    endloop
  endfacet
  facet normal 0 0 1
    outer loop
      vertex 17.6675 14.4999 13.4
      vertex 18.6379 14.6738 13.4
      vertex 18.6837 15.1987 13.4
    endloop
  endfacet
  facet normal 0 0 1
    outer loop
      vertex 18.6379 14.6738 13.4
      vertex 17.6675 14.4999 13.4
      vertex 17.6675 13.9812 13.4
    endloop
  endfacet
  facet normal -0.0563759 0.99841 0
    outer loop
      vertex -8.57101 10.8475 13.4
      vertex -8.69675 10.8404 14
      vertex -8.57101 10.8475 14
    endloop
  endfacet
  facet normal -0.0563759 0.99841 0
    outer loop
      vertex -8.69675 10.8404 14
      vertex -8.57101 10.8475 13.4
      vertex -8.69675 10.8404 13.4
    endloop
  endfacet
  facet normal -0.0942012 0.995553 0
    outer loop
      vertex -8.44736 10.8592 13.4
      vertex -8.57101 10.8475 14
      vertex -8.44736 10.8592 14
    endloop
  endfacet
  facet normal -0.0942012 0.995553 0
    outer loop
      vertex -8.57101 10.8475 14
      vertex -8.44736 10.8592 13.4
      vertex -8.57101 10.8475 13.4
    endloop
  endfacet
  facet normal -0.13448 0.990916 0
    outer loop
      vertex -8.32578 10.8757 13.4
      vertex -8.44736 10.8592 14
      vertex -8.32578 10.8757 14
    endloop
  endfacet
  facet normal -0.13448 0.990916 0
    outer loop
      vertex -8.44736 10.8592 14
      vertex -8.32578 10.8757 13.4
      vertex -8.44736 10.8592 13.4
    endloop
  endfacet
  facet normal -0.174636 0.984633 0
    outer loop
      vertex -8.20625 10.8969 13.4
      vertex -8.32578 10.8757 14
      vertex -8.20625 10.8969 14
    endloop
  endfacet
  facet normal -0.174636 0.984633 0
    outer loop
      vertex -8.32578 10.8757 14
      vertex -8.20625 10.8969 13.4
      vertex -8.32578 10.8757 13.4
    endloop
  endfacet
  facet normal -0.215381 0.97653 0
    outer loop
      vertex -8.08882 10.9228 13.4
      vertex -8.20625 10.8969 14
      vertex -8.08882 10.9228 14
    endloop
  endfacet
  facet normal -0.215381 0.97653 0
    outer loop
      vertex -8.20625 10.8969 14
      vertex -8.08882 10.9228 13.4
      vertex -8.20625 10.8969 13.4
    endloop
  endfacet
  facet normal -0.256369 0.966579 0
    outer loop
      vertex -7.97345 10.9534 13.4
      vertex -8.08882 10.9228 14
      vertex -7.97345 10.9534 14
    endloop
  endfacet
  facet normal -0.256369 0.966579 0
    outer loop
      vertex -8.08882 10.9228 14
      vertex -7.97345 10.9534 13.4
      vertex -8.08882 10.9228 13.4
    endloop
  endfacet
  facet normal -0.297459 0.954735 0
    outer loop
      vertex -7.86015 10.9887 13.4
      vertex -7.97345 10.9534 14
      vertex -7.86015 10.9887 14
    endloop
  endfacet
  facet normal -0.297459 0.954735 0
    outer loop
      vertex -7.97345 10.9534 14
      vertex -7.86015 10.9887 13.4
      vertex -7.97345 10.9534 13.4
    endloop
  endfacet
  facet normal -0.339148 0.940733 0
    outer loop
      vertex -7.74892 11.0288 13.4
      vertex -7.86015 10.9887 14
      vertex -7.74892 11.0288 14
    endloop
  endfacet
  facet normal -0.339148 0.940733 0
    outer loop
      vertex -7.86015 10.9887 14
      vertex -7.74892 11.0288 13.4
      vertex -7.86015 10.9887 13.4
    endloop
  endfacet
  facet normal -0.3786 0.925561 0
    outer loop
      vertex -7.64062 11.0731 13.4
      vertex -7.74892 11.0288 14
      vertex -7.64062 11.0731 14
    endloop
  endfacet
  facet normal -0.3786 0.925561 0
    outer loop
      vertex -7.74892 11.0288 14
      vertex -7.64062 11.0731 13.4
      vertex -7.74892 11.0288 13.4
    endloop
  endfacet
  facet normal -0.418871 0.908046 0
    outer loop
      vertex -7.53613 11.1213 13.4
      vertex -7.64062 11.0731 14
      vertex -7.53613 11.1213 14
    endloop
  endfacet
  facet normal -0.418871 0.908046 0
    outer loop
      vertex -7.64062 11.0731 14
      vertex -7.53613 11.1213 13.4
      vertex -7.64062 11.0731 13.4
    endloop
  endfacet
  facet normal -0.459555 0.888149 0
    outer loop
      vertex -7.43544 11.1734 13.4
      vertex -7.53613 11.1213 14
      vertex -7.43544 11.1734 14
    endloop
  endfacet
  facet normal -0.459555 0.888149 0
    outer loop
      vertex -7.53613 11.1213 14
      vertex -7.43544 11.1734 13.4
      vertex -7.53613 11.1213 13.4
    endloop
  endfacet
  facet normal -0.499774 0.866156 0
    outer loop
      vertex -7.33856 11.2293 13.4
      vertex -7.43544 11.1734 14
      vertex -7.33856 11.2293 14
    endloop
  endfacet
  facet normal -0.499774 0.866156 0
    outer loop
      vertex -7.43544 11.1734 14
      vertex -7.33856 11.2293 13.4
      vertex -7.43544 11.1734 13.4
    endloop
  endfacet
  facet normal -0.541159 0.84092 0
    outer loop
      vertex -7.24548 11.2892 13.4
      vertex -7.33856 11.2293 14
      vertex -7.24548 11.2892 14
    endloop
  endfacet
  facet normal -0.541159 0.84092 0
    outer loop
      vertex -7.33856 11.2293 14
      vertex -7.24548 11.2892 13.4
      vertex -7.33856 11.2293 13.4
    endloop
  endfacet
  facet normal -0.580893 0.81398 0
    outer loop
      vertex -7.15622 11.3529 13.4
      vertex -7.24548 11.2892 14
      vertex -7.15622 11.3529 14
    endloop
  endfacet
  facet normal -0.580893 0.81398 0
    outer loop
      vertex -7.24548 11.2892 14
      vertex -7.15622 11.3529 13.4
      vertex -7.24548 11.2892 13.4
    endloop
  endfacet
  facet normal -0.620388 0.784295 0
    outer loop
      vertex -7.07076 11.4205 13.4
      vertex -7.15622 11.3529 14
      vertex -7.07076 11.4205 14
    endloop
  endfacet
  facet normal -0.620388 0.784295 0
    outer loop
      vertex -7.15622 11.3529 14
      vertex -7.07076 11.4205 13.4
      vertex -7.15622 11.3529 13.4
    endloop
  endfacet
  facet normal -0.658798 0.75232 0
    outer loop
      vertex -6.98911 11.492 13.4
      vertex -7.07076 11.4205 14
      vertex -6.98911 11.492 14
    endloop
  endfacet
  facet normal -0.658798 0.75232 0
    outer loop
      vertex -7.07076 11.4205 14
      vertex -6.98911 11.492 13.4
      vertex -7.07076 11.4205 13.4
    endloop
  endfacet
  facet normal -0.695621 0.718409 0
    outer loop
      vertex -6.91124 11.5674 13.4
      vertex -6.98911 11.492 14
      vertex -6.91124 11.5674 14
    endloop
  endfacet
  facet normal -0.695621 0.718409 0
    outer loop
      vertex -6.98911 11.492 14
      vertex -6.91124 11.5674 13.4
      vertex -6.98911 11.492 13.4
    endloop
  endfacet
  facet normal -1 0 0
    outer loop
      vertex -6.91124 11.5674 13.4
      vertex -6.91124 13.0504 14
      vertex -6.91124 13.0504 13.4
    endloop
  endfacet
  facet normal -1 -0 0
    outer loop
      vertex -6.91124 13.0504 14
      vertex -6.91124 11.5674 13.4
      vertex -6.91124 11.5674 14
    endloop
  endfacet
  facet normal 0 -1 0
    outer loop
      vertex -8.73303 13.0504 13.4
      vertex -6.91124 13.0504 14
      vertex -8.73303 13.0504 14
    endloop
  endfacet
  facet normal 0 -1 -0
    outer loop
      vertex -6.91124 13.0504 14
      vertex -8.73303 13.0504 13.4
      vertex -6.91124 13.0504 13.4
    endloop
  endfacet
  facet normal 1 -0 0
    outer loop
      vertex -8.73303 12.5622 14
      vertex -8.73303 13.0504 13.4
      vertex -8.73303 13.0504 14
    endloop
  endfacet
  facet normal 1 0 0
    outer loop
      vertex -8.73303 13.0504 13.4
      vertex -8.73303 12.5622 14
      vertex -8.73303 12.5622 13.4
    endloop
  endfacet
  facet normal 0 1 -0
    outer loop
      vertex -7.44832 12.5622 13.4
      vertex -8.73303 12.5622 14
      vertex -7.44832 12.5622 14
    endloop
  endfacet
  facet normal 0 1 0
    outer loop
      vertex -8.73303 12.5622 14
      vertex -7.44832 12.5622 13.4
      vertex -8.73303 12.5622 13.4
    endloop
  endfacet
  facet normal 1 -0 0
    outer loop
      vertex -7.44832 11.787 14
      vertex -7.44832 12.5622 13.4
      vertex -7.44832 12.5622 14
    endloop
  endfacet
  facet normal 1 0 0
    outer loop
      vertex -7.44832 12.5622 13.4
      vertex -7.44832 11.787 14
      vertex -7.44832 11.787 13.4
    endloop
  endfacet
  facet normal 0.675988 -0.736912 0
    outer loop
      vertex -7.50021 11.7394 13.4
      vertex -7.44832 11.787 14
      vertex -7.50021 11.7394 14
    endloop
  endfacet
  facet normal 0.675988 -0.736912 0
    outer loop
      vertex -7.44832 11.787 14
      vertex -7.50021 11.7394 13.4
      vertex -7.44832 11.787 13.4
    endloop
  endfacet
  facet normal 0.635159 -0.772381 0
    outer loop
      vertex -7.55554 11.6939 13.4
      vertex -7.50021 11.7394 14
      vertex -7.55554 11.6939 14
    endloop
  endfacet
  facet normal 0.635159 -0.772381 0
    outer loop
      vertex -7.50021 11.7394 14
      vertex -7.55554 11.6939 13.4
      vertex -7.50021 11.7394 13.4
    endloop
  endfacet
  facet normal 0.591512 -0.806296 0
    outer loop
      vertex -7.61429 11.6508 13.4
      vertex -7.55554 11.6939 14
      vertex -7.61429 11.6508 14
    endloop
  endfacet
  facet normal 0.591512 -0.806296 0
    outer loop
      vertex -7.55554 11.6939 14
      vertex -7.61429 11.6508 13.4
      vertex -7.55554 11.6939 13.4
    endloop
  endfacet
  facet normal 0.550479 -0.834849 0
    outer loop
      vertex -7.67647 11.6098 13.4
      vertex -7.61429 11.6508 14
      vertex -7.67647 11.6098 14
    endloop
  endfacet
  facet normal 0.550479 -0.834849 0
    outer loop
      vertex -7.61429 11.6508 14
      vertex -7.67647 11.6098 13.4
      vertex -7.61429 11.6508 13.4
    endloop
  endfacet
  facet normal 0.507078 -0.8619 0
    outer loop
      vertex -7.74208 11.5712 13.4
      vertex -7.67647 11.6098 14
      vertex -7.74208 11.5712 14
    endloop
  endfacet
  facet normal 0.507078 -0.8619 0
    outer loop
      vertex -7.67647 11.6098 14
      vertex -7.74208 11.5712 13.4
      vertex -7.67647 11.6098 13.4
    endloop
  endfacet
  facet normal 0.466327 -0.884612 0
    outer loop
      vertex -7.81113 11.5348 13.4
      vertex -7.74208 11.5712 14
      vertex -7.81113 11.5348 14
    endloop
  endfacet
  facet normal 0.466327 -0.884612 0
    outer loop
      vertex -7.74208 11.5712 14
      vertex -7.81113 11.5348 13.4
      vertex -7.74208 11.5712 13.4
    endloop
  endfacet
  facet normal 0.425809 -0.904813 0
    outer loop
      vertex -7.88359 11.5007 13.4
      vertex -7.81113 11.5348 14
      vertex -7.88359 11.5007 14
    endloop
  endfacet
  facet normal 0.425809 -0.904813 0
    outer loop
      vertex -7.81113 11.5348 14
      vertex -7.88359 11.5007 13.4
      vertex -7.81113 11.5348 13.4
    endloop
  endfacet
  facet normal 0.38746 -0.921887 0
    outer loop
      vertex -7.95949 11.4688 13.4
      vertex -7.88359 11.5007 14
      vertex -7.95949 11.4688 14
    endloop
  endfacet
  facet normal 0.38746 -0.921887 0
    outer loop
      vertex -7.88359 11.5007 14
      vertex -7.95949 11.4688 13.4
      vertex -7.88359 11.5007 13.4
    endloop
  endfacet
  facet normal 0.34966 -0.936877 0
    outer loop
      vertex -8.0388 11.4392 13.4
      vertex -7.95949 11.4688 14
      vertex -8.0388 11.4392 14
    endloop
  endfacet
  facet normal 0.34966 -0.936877 0
    outer loop
      vertex -7.95949 11.4688 14
      vertex -8.0388 11.4392 13.4
      vertex -7.95949 11.4688 13.4
    endloop
  endfacet
  facet normal 0.3126 -0.949885 0
    outer loop
      vertex -8.12054 11.4123 13.4
      vertex -8.0388 11.4392 14
      vertex -8.12054 11.4123 14
    endloop
  endfacet
  facet normal 0.3126 -0.949885 0
    outer loop
      vertex -8.0388 11.4392 14
      vertex -8.12054 11.4123 13.4
      vertex -8.0388 11.4392 13.4
    endloop
  endfacet
  facet normal 0.274202 -0.961672 0
    outer loop
      vertex -8.20366 11.3886 13.4
      vertex -8.12054 11.4123 14
      vertex -8.20366 11.3886 14
    endloop
  endfacet
  facet normal 0.274202 -0.961672 0
    outer loop
      vertex -8.12054 11.4123 14
      vertex -8.20366 11.3886 13.4
      vertex -8.12054 11.4123 13.4
    endloop
  endfacet
  facet normal 0.236797 -0.971559 0
    outer loop
      vertex -8.28818 11.368 13.4
      vertex -8.20366 11.3886 14
      vertex -8.28818 11.368 14
    endloop
  endfacet
  facet normal 0.236797 -0.971559 0
    outer loop
      vertex -8.20366 11.3886 14
      vertex -8.28818 11.368 13.4
      vertex -8.20366 11.3886 13.4
    endloop
  endfacet
  facet normal 0.198529 -0.980095 0
    outer loop
      vertex -8.37408 11.3506 13.4
      vertex -8.28818 11.368 14
      vertex -8.37408 11.3506 14
    endloop
  endfacet
  facet normal 0.198529 -0.980095 0
    outer loop
      vertex -8.28818 11.368 14
      vertex -8.37408 11.3506 13.4
      vertex -8.28818 11.368 13.4
    endloop
  endfacet
  facet normal 0.160512 -0.987034 0
    outer loop
      vertex -8.4614 11.3364 13.4
      vertex -8.37408 11.3506 14
      vertex -8.4614 11.3364 14
    endloop
  endfacet
  facet normal 0.160512 -0.987034 0
    outer loop
      vertex -8.37408 11.3506 14
      vertex -8.4614 11.3364 13.4
      vertex -8.37408 11.3506 13.4
    endloop
  endfacet
  facet normal 0.124186 -0.992259 0
    outer loop
      vertex -8.55009 11.3253 13.4
      vertex -8.4614 11.3364 14
      vertex -8.55009 11.3253 14
    endloop
  endfacet
  facet normal 0.124186 -0.992259 0
    outer loop
      vertex -8.4614 11.3364 14
      vertex -8.55009 11.3253 13.4
      vertex -8.4614 11.3364 13.4
    endloop
  endfacet
  facet normal 0.0873549 -0.996177 0
    outer loop
      vertex -8.64018 11.3174 13.4
      vertex -8.55009 11.3253 14
      vertex -8.64018 11.3174 14
    endloop
  endfacet
  facet normal 0.0873549 -0.996177 0
    outer loop
      vertex -8.55009 11.3253 14
      vertex -8.64018 11.3174 13.4
      vertex -8.55009 11.3253 13.4
    endloop
  endfacet
  facet normal 0.0523927 -0.998627 0
    outer loop
      vertex -8.73167 11.3126 13.4
      vertex -8.64018 11.3174 14
      vertex -8.73167 11.3126 14
    endloop
  endfacet
  facet normal 0.0523927 -0.998627 0
    outer loop
      vertex -8.64018 11.3174 14
      vertex -8.73167 11.3126 13.4
      vertex -8.64018 11.3174 13.4
    endloop
  endfacet
  facet normal 0.0161478 -0.99987 0
    outer loop
      vertex -8.82455 11.3111 13.4
      vertex -8.73167 11.3126 14
      vertex -8.82455 11.3111 14
    endloop
  endfacet
  facet normal 0.0161478 -0.99987 0
    outer loop
      vertex -8.73167 11.3126 14
      vertex -8.82455 11.3111 13.4
      vertex -8.73167 11.3126 13.4
    endloop
  endfacet
  facet normal -0.0361901 -0.999345 0
    outer loop
      vertex -8.98471 11.3169 13.4
      vertex -8.82455 11.3111 14
      vertex -8.98471 11.3169 14
    endloop
  endfacet
  facet normal -0.0361901 -0.999345 -0
    outer loop
      vertex -8.82455 11.3111 14
      vertex -8.98471 11.3169 13.4
      vertex -8.82455 11.3111 13.4
    endloop
  endfacet
  facet normal -0.113554 -0.993532 0
    outer loop
      vertex -9.13695 11.3343 13.4
      vertex -8.98471 11.3169 14
      vertex -9.13695 11.3343 14
    endloop
  endfacet
  facet normal -0.113554 -0.993532 -0
    outer loop
      vertex -8.98471 11.3169 14
      vertex -9.13695 11.3343 13.4
      vertex -8.98471 11.3169 13.4
    endloop
  endfacet
  facet normal -0.197644 -0.980274 0
    outer loop
      vertex -9.28128 11.3634 13.4
      vertex -9.13695 11.3343 14
      vertex -9.28128 11.3634 14
    endloop
  endfacet
  facet normal -0.197644 -0.980274 -0
    outer loop
      vertex -9.13695 11.3343 14
      vertex -9.28128 11.3634 13.4
      vertex -9.13695 11.3343 13.4
    endloop
  endfacet
  facet normal -0.286517 -0.958075 0
    outer loop
      vertex -9.41771 11.4042 13.4
      vertex -9.28128 11.3634 14
      vertex -9.41771 11.4042 14
    endloop
  endfacet
  facet normal -0.286517 -0.958075 -0
    outer loop
      vertex -9.28128 11.3634 14
      vertex -9.41771 11.4042 13.4
      vertex -9.28128 11.3634 13.4
    endloop
  endfacet
  facet normal -0.377569 -0.925981 0
    outer loop
      vertex -9.54622 11.4566 13.4
      vertex -9.41771 11.4042 14
      vertex -9.54622 11.4566 14
    endloop
  endfacet
  facet normal -0.377569 -0.925981 -0
    outer loop
      vertex -9.41771 11.4042 14
      vertex -9.54622 11.4566 13.4
      vertex -9.41771 11.4042 13.4
    endloop
  endfacet
  facet normal -0.468793 -0.883308 0
    outer loop
      vertex -9.66681 11.5206 13.4
      vertex -9.54622 11.4566 14
      vertex -9.66681 11.5206 14
    endloop
  endfacet
  facet normal -0.468793 -0.883308 -0
    outer loop
      vertex -9.54622 11.4566 14
      vertex -9.66681 11.5206 13.4
      vertex -9.54622 11.4566 13.4
    endloop
  endfacet
  facet normal -0.557586 -0.830119 0
    outer loop
      vertex -9.77951 11.5963 13.4
      vertex -9.66681 11.5206 14
      vertex -9.77951 11.5963 14
    endloop
  endfacet
  facet normal -0.557586 -0.830119 -0
    outer loop
      vertex -9.66681 11.5206 14
      vertex -9.77951 11.5963 13.4
      vertex -9.66681 11.5206 13.4
    endloop
  endfacet
  facet normal -0.640148 -0.768251 0
    outer loop
      vertex -9.88428 11.6836 13.4
      vertex -9.77951 11.5963 14
      vertex -9.88428 11.6836 14
    endloop
  endfacet
  facet normal -0.640148 -0.768251 -0
    outer loop
      vertex -9.77951 11.5963 14
      vertex -9.88428 11.6836 13.4
      vertex -9.77951 11.5963 13.4
    endloop
  endfacet
  facet normal -0.714437 -0.6997 0
    outer loop
      vertex -9.88428 11.6836 13.4
      vertex -9.98114 11.7825 14
      vertex -9.98114 11.7825 13.4
    endloop
  endfacet
  facet normal -0.714437 -0.6997 0
    outer loop
      vertex -9.98114 11.7825 14
      vertex -9.88428 11.6836 13.4
      vertex -9.88428 11.6836 14
    endloop
  endfacet
  facet normal -0.778913 -0.627132 0
    outer loop
      vertex -9.98114 11.7825 13.4
      vertex -10.0689 11.8915 14
      vertex -10.0689 11.8915 13.4
    endloop
  endfacet
  facet normal -0.778913 -0.627132 0
    outer loop
      vertex -10.0689 11.8915 14
      vertex -9.98114 11.7825 13.4
      vertex -9.98114 11.7825 14
    endloop
  endfacet
  facet normal -0.835099 -0.550099 0
    outer loop
      vertex -10.0689 11.8915 13.4
      vertex -10.1463 12.009 14
      vertex -10.1463 12.009 13.4
    endloop
  endfacet
  facet normal -0.835099 -0.550099 0
    outer loop
      vertex -10.1463 12.009 14
      vertex -10.0689 11.8915 13.4
      vertex -10.0689 11.8915 14
    endloop
  endfacet
  facet normal -0.882644 -0.470043 0
    outer loop
      vertex -10.1463 12.009 13.4
      vertex -10.2134 12.135 14
      vertex -10.2134 12.135 13.4
    endloop
  endfacet
  facet normal -0.882644 -0.470043 0
    outer loop
      vertex -10.2134 12.135 14
      vertex -10.1463 12.009 13.4
      vertex -10.1463 12.009 14
    endloop
  endfacet
  facet normal -0.921119 -0.389282 0
    outer loop
      vertex -10.2134 12.135 13.4
      vertex -10.2702 12.2694 14
      vertex -10.2702 12.2694 13.4
    endloop
  endfacet
  facet normal -0.921119 -0.389282 0
    outer loop
      vertex -10.2702 12.2694 14
      vertex -10.2134 12.135 13.4
      vertex -10.2134 12.135 14
    endloop
  endfacet
  facet normal -0.951117 -0.30883 0
    outer loop
      vertex -10.2702 12.2694 13.4
      vertex -10.3166 12.4123 14
      vertex -10.3166 12.4123 13.4
    endloop
  endfacet
  facet normal -0.951117 -0.30883 0
    outer loop
      vertex -10.3166 12.4123 14
      vertex -10.2702 12.2694 13.4
      vertex -10.2702 12.2694 14
    endloop
  endfacet
  facet normal -0.972585 -0.232547 0
    outer loop
      vertex -10.3166 12.4123 13.4
      vertex -10.3528 12.5637 14
      vertex -10.3528 12.5637 13.4
    endloop
  endfacet
  facet normal -0.972585 -0.232547 0
    outer loop
      vertex -10.3528 12.5637 14
      vertex -10.3166 12.4123 13.4
      vertex -10.3166 12.4123 14
    endloop
  endfacet
  facet normal -0.987232 -0.159291 0
    outer loop
      vertex -10.3528 12.5637 13.4
      vertex -10.3786 12.7236 14
      vertex -10.3786 12.7236 13.4
    endloop
  endfacet
  facet normal -0.987232 -0.159291 0
    outer loop
      vertex -10.3786 12.7236 14
      vertex -10.3528 12.5637 13.4
      vertex -10.3528 12.5637 14
    endloop
  endfacet
  facet normal -0.99584 -0.0911226 0
    outer loop
      vertex -10.3786 12.7236 13.4
      vertex -10.394 12.8919 14
      vertex -10.394 12.8919 13.4
    endloop
  endfacet
  facet normal -0.99584 -0.0911226 0
    outer loop
      vertex -10.394 12.8919 14
      vertex -10.3786 12.7236 13.4
      vertex -10.3786 12.7236 14
    endloop
  endfacet
  facet normal -0.999568 -0.0293991 0
    outer loop
      vertex -10.394 12.8919 13.4
      vertex -10.3992 13.0687 14
      vertex -10.3992 13.0687 13.4
    endloop
  endfacet
  facet normal -0.999568 -0.0293991 0
    outer loop
      vertex -10.3992 13.0687 14
      vertex -10.394 12.8919 13.4
      vertex -10.394 12.8919 14
    endloop
  endfacet
  facet normal -0.999618 0.0276418 0
    outer loop
      vertex -10.3992 13.0687 13.4
      vertex -10.3943 13.2459 14
      vertex -10.3943 13.2459 13.4
    endloop
  endfacet
  facet normal -0.999618 0.0276418 0
    outer loop
      vertex -10.3943 13.2459 14
      vertex -10.3992 13.0687 13.4
      vertex -10.3992 13.0687 14
    endloop
  endfacet
  facet normal -0.9963 0.0859391 0
    outer loop
      vertex -10.3943 13.2459 13.4
      vertex -10.3798 13.414 14
      vertex -10.3798 13.414 13.4
    endloop
  endfacet
  facet normal -0.9963 0.0859391 0
    outer loop
      vertex -10.3798 13.414 14
      vertex -10.3943 13.2459 13.4
      vertex -10.3943 13.2459 14
    endloop
  endfacet
  facet normal -0.988536 0.150983 0
    outer loop
      vertex -10.3798 13.414 13.4
      vertex -10.3555 13.5731 14
      vertex -10.3555 13.5731 13.4
    endloop
  endfacet
  facet normal -0.988536 0.150983 0
    outer loop
      vertex -10.3555 13.5731 14
      vertex -10.3798 13.414 13.4
      vertex -10.3798 13.414 14
    endloop
  endfacet
  facet normal -0.975088 0.221818 0
    outer loop
      vertex -10.3555 13.5731 13.4
      vertex -10.3214 13.723 14
      vertex -10.3214 13.723 13.4
    endloop
  endfacet
  facet normal -0.975088 0.221818 0
    outer loop
      vertex -10.3214 13.723 14
      vertex -10.3555 13.5731 13.4
      vertex -10.3555 13.5731 14
    endloop
  endfacet
  facet normal -0.955117 0.296229 0
    outer loop
      vertex -10.3214 13.723 13.4
      vertex -10.2777 13.8639 14
      vertex -10.2777 13.8639 13.4
    endloop
  endfacet
  facet normal -0.955117 0.296229 0
    outer loop
      vertex -10.2777 13.8639 14
      vertex -10.3214 13.723 13.4
      vertex -10.3214 13.723 14
    endloop
  endfacet
  facet normal -0.926574 0.376113 0
    outer loop
      vertex -10.2777 13.8639 13.4
      vertex -10.2242 13.9957 14
      vertex -10.2242 13.9957 13.4
    endloop
  endfacet
  facet normal -0.926574 0.376113 0
    outer loop
      vertex -10.2242 13.9957 14
      vertex -10.2777 13.8639 13.4
      vertex -10.2777 13.8639 14
    endloop
  endfacet
  facet normal -0.889296 0.457332 0
    outer loop
      vertex -10.2242 13.9957 13.4
      vertex -10.1611 14.1184 14
      vertex -10.1611 14.1184 13.4
    endloop
  endfacet
  facet normal -0.889296 0.457332 0
    outer loop
      vertex -10.1611 14.1184 14
      vertex -10.2242 13.9957 13.4
      vertex -10.2242 13.9957 14
    endloop
  endfacet
  facet normal -0.841611 0.540083 0
    outer loop
      vertex -10.1611 14.1184 13.4
      vertex -10.0882 14.232 14
      vertex -10.0882 14.232 13.4
    endloop
  endfacet
  facet normal -0.841611 0.540083 0
    outer loop
      vertex -10.0882 14.232 14
      vertex -10.1611 14.1184 13.4
      vertex -10.1611 14.1184 14
    endloop
  endfacet
  facet normal -0.784441 0.620203 0
    outer loop
      vertex -10.0882 14.232 13.4
      vertex -10.0055 14.3366 14
      vertex -10.0055 14.3366 13.4
    endloop
  endfacet
  facet normal -0.784441 0.620203 0
    outer loop
      vertex -10.0055 14.3366 14
      vertex -10.0882 14.232 13.4
      vertex -10.0882 14.232 14
    endloop
  endfacet
  facet normal -0.717393 0.696669 0
    outer loop
      vertex -10.0055 14.3366 13.4
      vertex -9.91373 14.4311 14
      vertex -9.91373 14.4311 13.4
    endloop
  endfacet
  facet normal -0.717393 0.696669 0
    outer loop
      vertex -9.91373 14.4311 14
      vertex -10.0055 14.3366 13.4
      vertex -10.0055 14.3366 14
    endloop
  endfacet
  facet normal -0.638223 0.769852 0
    outer loop
      vertex -9.81325 14.5144 13.4
      vertex -9.91373 14.4311 14
      vertex -9.81325 14.5144 14
    endloop
  endfacet
  facet normal -0.638223 0.769852 0
    outer loop
      vertex -9.91373 14.4311 14
      vertex -9.81325 14.5144 13.4
      vertex -9.91373 14.4311 13.4
    endloop
  endfacet
  facet normal -0.55223 0.833692 0
    outer loop
      vertex -9.7041 14.5867 13.4
      vertex -9.81325 14.5144 14
      vertex -9.7041 14.5867 14
    endloop
  endfacet
  facet normal -0.55223 0.833692 0
    outer loop
      vertex -9.81325 14.5144 14
      vertex -9.7041 14.5867 13.4
      vertex -9.81325 14.5144 13.4
    endloop
  endfacet
  facet normal -0.460427 0.887697 0
    outer loop
      vertex -9.5863 14.6478 13.4
      vertex -9.7041 14.5867 14
      vertex -9.5863 14.6478 14
    endloop
  endfacet
  facet normal -0.460427 0.887697 0
    outer loop
      vertex -9.7041 14.5867 14
      vertex -9.5863 14.6478 13.4
      vertex -9.7041 14.5867 13.4
    endloop
  endfacet
  facet normal -0.367635 0.92997 0
    outer loop
      vertex -9.45982 14.6978 13.4
      vertex -9.5863 14.6478 14
      vertex -9.45982 14.6978 14
    endloop
  endfacet
  facet normal -0.367635 0.92997 0
    outer loop
      vertex -9.5863 14.6478 14
      vertex -9.45982 14.6978 13.4
      vertex -9.5863 14.6478 13.4
    endloop
  endfacet
  facet normal -0.276637 0.960975 0
    outer loop
      vertex -9.32469 14.7367 13.4
      vertex -9.45982 14.6978 14
      vertex -9.32469 14.7367 14
    endloop
  endfacet
  facet normal -0.276637 0.960975 0
    outer loop
      vertex -9.45982 14.6978 14
      vertex -9.32469 14.7367 13.4
      vertex -9.45982 14.6978 13.4
    endloop
  endfacet
  facet normal -0.18981 0.981821 0
    outer loop
      vertex -9.18089 14.7645 13.4
      vertex -9.32469 14.7367 14
      vertex -9.18089 14.7645 14
    endloop
  endfacet
  facet normal -0.18981 0.981821 0
    outer loop
      vertex -9.32469 14.7367 14
      vertex -9.18089 14.7645 13.4
      vertex -9.32469 14.7367 13.4
    endloop
  endfacet
  facet normal -0.108886 0.994054 0
    outer loop
      vertex -9.02843 14.7812 13.4
      vertex -9.18089 14.7645 14
      vertex -9.02843 14.7812 14
    endloop
  endfacet
  facet normal -0.108886 0.994054 0
    outer loop
      vertex -9.18089 14.7645 14
      vertex -9.02843 14.7812 13.4
      vertex -9.18089 14.7645 13.4
    endloop
  endfacet
  facet normal -0.0341162 0.999418 0
    outer loop
      vertex -8.86731 14.7867 13.4
      vertex -9.02843 14.7812 14
      vertex -8.86731 14.7867 14
    endloop
  endfacet
  facet normal -0.0341162 0.999418 0
    outer loop
      vertex -9.02843 14.7812 14
      vertex -8.86731 14.7867 13.4
      vertex -9.02843 14.7812 13.4
    endloop
  endfacet
  facet normal 0.0191279 0.999817 -0
    outer loop
      vertex -8.76277 14.7847 13.4
      vertex -8.86731 14.7867 14
      vertex -8.76277 14.7847 14
    endloop
  endfacet
  facet normal 0.0191279 0.999817 0
    outer loop
      vertex -8.86731 14.7867 14
      vertex -8.76277 14.7847 13.4
      vertex -8.86731 14.7867 13.4
    endloop
  endfacet
  facet normal 0.0614831 0.998108 -0
    outer loop
      vertex -8.66212 14.7785 13.4
      vertex -8.76277 14.7847 14
      vertex -8.66212 14.7785 14
    endloop
  endfacet
  facet normal 0.0614831 0.998108 0
    outer loop
      vertex -8.76277 14.7847 14
      vertex -8.66212 14.7785 13.4
      vertex -8.76277 14.7847 13.4
    endloop
  endfacet
  facet normal 0.106856 0.994275 -0
    outer loop
      vertex -8.56535 14.7681 13.4
      vertex -8.66212 14.7785 14
      vertex -8.56535 14.7681 14
    endloop
  endfacet
  facet normal 0.106856 0.994275 0
    outer loop
      vertex -8.66212 14.7785 14
      vertex -8.56535 14.7681 13.4
      vertex -8.66212 14.7785 13.4
    endloop
  endfacet
  facet normal 0.154247 0.988032 -0
    outer loop
      vertex -8.47247 14.7536 13.4
      vertex -8.56535 14.7681 14
      vertex -8.47247 14.7536 14
    endloop
  endfacet
  facet normal 0.154247 0.988032 0
    outer loop
      vertex -8.56535 14.7681 14
      vertex -8.47247 14.7536 13.4
      vertex -8.56535 14.7681 13.4
    endloop
  endfacet
  facet normal 0.205623 0.978631 -0
    outer loop
      vertex -8.38347 14.7349 13.4
      vertex -8.47247 14.7536 14
      vertex -8.38347 14.7349 14
    endloop
  endfacet
  facet normal 0.205623 0.978631 0
    outer loop
      vertex -8.47247 14.7536 14
      vertex -8.38347 14.7349 13.4
      vertex -8.47247 14.7536 13.4
    endloop
  endfacet
  facet normal 0.258708 0.965956 -0
    outer loop
      vertex -8.29834 14.7121 13.4
      vertex -8.38347 14.7349 14
      vertex -8.29834 14.7121 14
    endloop
  endfacet
  facet normal 0.258708 0.965956 0
    outer loop
      vertex -8.38347 14.7349 14
      vertex -8.29834 14.7121 13.4
      vertex -8.38347 14.7349 13.4
    endloop
  endfacet
  facet normal 0.314334 0.949312 -0
    outer loop
      vertex -8.2171 14.6852 13.4
      vertex -8.29834 14.7121 14
      vertex -8.2171 14.6852 14
    endloop
  endfacet
  facet normal 0.314334 0.949312 0
    outer loop
      vertex -8.29834 14.7121 14
      vertex -8.2171 14.6852 13.4
      vertex -8.29834 14.7121 13.4
    endloop
  endfacet
  facet normal 0.373003 0.92783 -0
    outer loop
      vertex -8.13974 14.6541 13.4
      vertex -8.2171 14.6852 14
      vertex -8.13974 14.6541 14
    endloop
  endfacet
  facet normal 0.373003 0.92783 0
    outer loop
      vertex -8.2171 14.6852 14
      vertex -8.13974 14.6541 13.4
      vertex -8.2171 14.6852 13.4
    endloop
  endfacet
  facet normal 0.431981 0.901883 -0
    outer loop
      vertex -8.06625 14.6189 13.4
      vertex -8.13974 14.6541 14
      vertex -8.06625 14.6189 14
    endloop
  endfacet
  facet normal 0.431981 0.901883 0
    outer loop
      vertex -8.13974 14.6541 14
      vertex -8.06625 14.6189 13.4
      vertex -8.13974 14.6541 13.4
    endloop
  endfacet
  facet normal 0.495227 0.868763 -0
    outer loop
      vertex -7.99643 14.5791 13.4
      vertex -8.06625 14.6189 14
      vertex -7.99643 14.5791 14
    endloop
  endfacet
  facet normal 0.495227 0.868763 0
    outer loop
      vertex -8.06625 14.6189 14
      vertex -7.99643 14.5791 13.4
      vertex -8.06625 14.6189 13.4
    endloop
  endfacet
  facet normal 0.55764 0.830083 -0
    outer loop
      vertex -7.93004 14.5345 13.4
      vertex -7.99643 14.5791 14
      vertex -7.93004 14.5345 14
    endloop
  endfacet
  facet normal 0.55764 0.830083 0
    outer loop
      vertex -7.99643 14.5791 14
      vertex -7.93004 14.5345 13.4
      vertex -7.99643 14.5791 13.4
    endloop
  endfacet
  facet normal 0.618003 0.786175 -0
    outer loop
      vertex -7.86707 14.485 13.4
      vertex -7.93004 14.5345 14
      vertex -7.86707 14.485 14
    endloop
  endfacet
  facet normal 0.618003 0.786175 0
    outer loop
      vertex -7.93004 14.5345 14
      vertex -7.86707 14.485 13.4
      vertex -7.93004 14.5345 13.4
    endloop
  endfacet
  facet normal 0.675197 0.737637 -0
    outer loop
      vertex -7.80753 14.4305 13.4
      vertex -7.86707 14.485 14
      vertex -7.80753 14.4305 14
    endloop
  endfacet
  facet normal 0.675197 0.737637 0
    outer loop
      vertex -7.86707 14.485 14
      vertex -7.80753 14.4305 13.4
      vertex -7.86707 14.485 13.4
    endloop
  endfacet
  facet normal 0.726252 0.687429 0
    outer loop
      vertex -7.7514 14.3712 14
      vertex -7.80753 14.4305 13.4
      vertex -7.80753 14.4305 14
    endloop
  endfacet
  facet normal 0.726252 0.687429 0
    outer loop
      vertex -7.80753 14.4305 13.4
      vertex -7.7514 14.3712 14
      vertex -7.7514 14.3712 13.4
    endloop
  endfacet
  facet normal 0.773055 0.634339 0
    outer loop
      vertex -7.69872 14.307 14
      vertex -7.7514 14.3712 13.4
      vertex -7.7514 14.3712 14
    endloop
  endfacet
  facet normal 0.773055 0.634339 0
    outer loop
      vertex -7.7514 14.3712 13.4
      vertex -7.69872 14.307 14
      vertex -7.69872 14.307 13.4
    endloop
  endfacet
  facet normal 0.814671 0.579923 0
    outer loop
      vertex -7.64946 14.2378 14
      vertex -7.69872 14.307 13.4
      vertex -7.69872 14.307 14
    endloop
  endfacet
  facet normal 0.814671 0.579923 0
    outer loop
      vertex -7.69872 14.307 13.4
      vertex -7.64946 14.2378 14
      vertex -7.64946 14.2378 13.4
    endloop
  endfacet
  facet normal 0.850108 0.526608 0
    outer loop
      vertex -7.60362 14.1638 14
      vertex -7.64946 14.2378 13.4
      vertex -7.64946 14.2378 14
    endloop
  endfacet
  facet normal 0.850108 0.526608 0
    outer loop
      vertex -7.64946 14.2378 13.4
      vertex -7.60362 14.1638 14
      vertex -7.60362 14.1638 13.4
    endloop
  endfacet
  facet normal 0.880865 0.473367 0
    outer loop
      vertex -7.56122 14.0849 14
      vertex -7.60362 14.1638 13.4
      vertex -7.60362 14.1638 14
    endloop
  endfacet
  facet normal 0.880865 0.473367 0
    outer loop
      vertex -7.60362 14.1638 13.4
      vertex -7.56122 14.0849 14
      vertex -7.56122 14.0849 13.4
    endloop
  endfacet
  facet normal -0.284469 0.958685 0
    outer loop
      vertex -7.00583 14.2497 13.4
      vertex -7.56122 14.0849 14
      vertex -7.00583 14.2497 14
    endloop
  endfacet
  facet normal -0.284469 0.958685 0
    outer loop
      vertex -7.56122 14.0849 14
      vertex -7.00583 14.2497 13.4
      vertex -7.56122 14.0849 13.4
    endloop
  endfacet
  facet normal -0.897823 -0.440357 0
    outer loop
      vertex -7.00583 14.2497 13.4
      vertex -7.06194 14.3641 14
      vertex -7.06194 14.3641 13.4
    endloop
  endfacet
  facet normal -0.897823 -0.440357 0
    outer loop
      vertex -7.06194 14.3641 14
      vertex -7.00583 14.2497 13.4
      vertex -7.00583 14.2497 14
    endloop
  endfacet
  facet normal -0.868652 -0.495423 0
    outer loop
      vertex -7.06194 14.3641 13.4
      vertex -7.12308 14.4713 14
      vertex -7.12308 14.4713 13.4
    endloop
  endfacet
  facet normal -0.868652 -0.495423 0
    outer loop
      vertex -7.12308 14.4713 14
      vertex -7.06194 14.3641 13.4
      vertex -7.06194 14.3641 14
    endloop
  endfacet
  facet normal -0.834387 -0.551179 0
    outer loop
      vertex -7.12308 14.4713 13.4
      vertex -7.18927 14.5715 14
      vertex -7.18927 14.5715 13.4
    endloop
  endfacet
  facet normal -0.834387 -0.551179 0
    outer loop
      vertex -7.18927 14.5715 14
      vertex -7.12308 14.4713 13.4
      vertex -7.12308 14.4713 14
    endloop
  endfacet
  facet normal -0.793538 -0.608521 0
    outer loop
      vertex -7.18927 14.5715 13.4
      vertex -7.26051 14.6644 14
      vertex -7.26051 14.6644 13.4
    endloop
  endfacet
  facet normal -0.793538 -0.608521 0
    outer loop
      vertex -7.26051 14.6644 14
      vertex -7.18927 14.5715 13.4
      vertex -7.18927 14.5715 14
    endloop
  endfacet
  facet normal -0.747352 -0.664429 0
    outer loop
      vertex -7.26051 14.6644 13.4
      vertex -7.33679 14.7502 14
      vertex -7.33679 14.7502 13.4
    endloop
  endfacet
  facet normal -0.747352 -0.664429 0
    outer loop
      vertex -7.33679 14.7502 14
      vertex -7.26051 14.6644 13.4
      vertex -7.26051 14.6644 14
    endloop
  endfacet
  facet normal -0.694847 -0.719158 0
    outer loop
      vertex -7.41814 14.8288 13.4
      vertex -7.33679 14.7502 14
      vertex -7.41814 14.8288 14
    endloop
  endfacet
  facet normal -0.694847 -0.719158 -0
    outer loop
      vertex -7.33679 14.7502 14
      vertex -7.41814 14.8288 13.4
      vertex -7.33679 14.7502 13.4
    endloop
  endfacet
  facet normal -0.637637 -0.770337 0
    outer loop
      vertex -7.50452 14.9003 13.4
      vertex -7.41814 14.8288 14
      vertex -7.50452 14.9003 14
    endloop
  endfacet
  facet normal -0.637637 -0.770337 -0
    outer loop
      vertex -7.41814 14.8288 14
      vertex -7.50452 14.9003 13.4
      vertex -7.41814 14.8288 13.4
    endloop
  endfacet
  facet normal -0.575214 -0.818003 0
    outer loop
      vertex -7.59596 14.9646 13.4
      vertex -7.50452 14.9003 14
      vertex -7.59596 14.9646 14
    endloop
  endfacet
  facet normal -0.575214 -0.818003 -0
    outer loop
      vertex -7.50452 14.9003 14
      vertex -7.59596 14.9646 13.4
      vertex -7.50452 14.9003 13.4
    endloop
  endfacet
  facet normal -0.509318 -0.860578 0
    outer loop
      vertex -7.69244 15.0217 13.4
      vertex -7.59596 14.9646 14
      vertex -7.69244 15.0217 14
    endloop
  endfacet
  facet normal -0.509318 -0.860578 -0
    outer loop
      vertex -7.59596 14.9646 14
      vertex -7.69244 15.0217 13.4
      vertex -7.59596 14.9646 13.4
    endloop
  endfacet
  facet normal -0.44325 -0.896398 0
    outer loop
      vertex -7.79477 15.0723 13.4
      vertex -7.69244 15.0217 14
      vertex -7.79477 15.0723 14
    endloop
  endfacet
  facet normal -0.44325 -0.896398 -0
    outer loop
      vertex -7.69244 15.0217 14
      vertex -7.79477 15.0723 13.4
      vertex -7.69244 15.0217 13.4
    endloop
  endfacet
  facet normal -0.379545 -0.925173 0
    outer loop
      vertex -7.90373 15.117 13.4
      vertex -7.79477 15.0723 14
      vertex -7.90373 15.117 14
    endloop
  endfacet
  facet normal -0.379545 -0.925173 -0
    outer loop
      vertex -7.79477 15.0723 14
      vertex -7.90373 15.117 13.4
      vertex -7.79477 15.0723 13.4
    endloop
  endfacet
  facet normal -0.317483 -0.948264 0
    outer loop
      vertex -8.01932 15.1557 13.4
      vertex -7.90373 15.117 14
      vertex -8.01932 15.1557 14
    endloop
  endfacet
  facet normal -0.317483 -0.948264 -0
    outer loop
      vertex -7.90373 15.117 14
      vertex -8.01932 15.1557 13.4
      vertex -7.90373 15.117 13.4
    endloop
  endfacet
  facet normal -0.258479 -0.966017 0
    outer loop
      vertex -8.14153 15.1884 13.4
      vertex -8.01932 15.1557 14
      vertex -8.14153 15.1884 14
    endloop
  endfacet
  facet normal -0.258479 -0.966017 -0
    outer loop
      vertex -8.01932 15.1557 14
      vertex -8.14153 15.1884 13.4
      vertex -8.01932 15.1557 13.4
    endloop
  endfacet
  facet normal -0.203651 -0.979044 0
    outer loop
      vertex -8.27037 15.2152 13.4
      vertex -8.14153 15.1884 14
      vertex -8.27037 15.2152 14
    endloop
  endfacet
  facet normal -0.203651 -0.979044 -0
    outer loop
      vertex -8.14153 15.1884 14
      vertex -8.27037 15.2152 13.4
      vertex -8.14153 15.1884 13.4
    endloop
  endfacet
  facet normal -0.151761 -0.988417 0
    outer loop
      vertex -8.40584 15.236 13.4
      vertex -8.27037 15.2152 14
      vertex -8.40584 15.236 14
    endloop
  endfacet
  facet normal -0.151761 -0.988417 -0
    outer loop
      vertex -8.27037 15.2152 14
      vertex -8.40584 15.236 13.4
      vertex -8.27037 15.2152 13.4
    endloop
  endfacet
  facet normal -0.104284 -0.994548 0
    outer loop
      vertex -8.54794 15.2509 13.4
      vertex -8.40584 15.236 14
      vertex -8.54794 15.2509 14
    endloop
  endfacet
  facet normal -0.104284 -0.994548 -0
    outer loop
      vertex -8.40584 15.236 14
      vertex -8.54794 15.2509 13.4
      vertex -8.40584 15.236 13.4
    endloop
  endfacet
  facet normal -0.0597251 -0.998215 0
    outer loop
      vertex -8.69669 15.2598 13.4
      vertex -8.54794 15.2509 14
      vertex -8.69669 15.2598 14
    endloop
  endfacet
  facet normal -0.0597251 -0.998215 -0
    outer loop
      vertex -8.54794 15.2509 14
      vertex -8.69669 15.2598 13.4
      vertex -8.54794 15.2509 13.4
    endloop
  endfacet
  facet normal -0.0193064 -0.999814 0
    outer loop
      vertex -8.85205 15.2628 13.4
      vertex -8.69669 15.2598 14
      vertex -8.85205 15.2628 14
    endloop
  endfacet
  facet normal -0.0193064 -0.999814 -0
    outer loop
      vertex -8.69669 15.2598 14
      vertex -8.85205 15.2628 13.4
      vertex -8.69669 15.2598 13.4
    endloop
  endfacet
  facet normal 0.0322267 -0.999481 0
    outer loop
      vertex -9.07225 15.2557 13.4
      vertex -8.85205 15.2628 14
      vertex -9.07225 15.2557 14
    endloop
  endfacet
  facet normal 0.0322267 -0.999481 0
    outer loop
      vertex -8.85205 15.2628 14
      vertex -9.07225 15.2557 13.4
      vertex -8.85205 15.2628 13.4
    endloop
  endfacet
  facet normal 0.100932 -0.994893 0
    outer loop
      vertex -9.28122 15.2345 13.4
      vertex -9.07225 15.2557 14
      vertex -9.28122 15.2345 14
    endloop
  endfacet
  facet normal 0.100932 -0.994893 0
    outer loop
      vertex -9.07225 15.2557 14
      vertex -9.28122 15.2345 13.4
      vertex -9.07225 15.2557 13.4
    endloop
  endfacet
  facet normal 0.176221 -0.984351 0
    outer loop
      vertex -9.47896 15.1991 13.4
      vertex -9.28122 15.2345 14
      vertex -9.47896 15.1991 14
    endloop
  endfacet
  facet normal 0.176221 -0.984351 0
    outer loop
      vertex -9.28122 15.2345 14
      vertex -9.47896 15.1991 13.4
      vertex -9.28122 15.2345 13.4
    endloop
  endfacet
  facet normal 0.256992 -0.966414 0
    outer loop
      vertex -9.66548 15.1495 13.4
      vertex -9.47896 15.1991 14
      vertex -9.66548 15.1495 14
    endloop
  endfacet
  facet normal 0.256992 -0.966414 0
    outer loop
      vertex -9.47896 15.1991 14
      vertex -9.66548 15.1495 13.4
      vertex -9.47896 15.1991 13.4
    endloop
  endfacet
  facet normal 0.342019 -0.939693 0
    outer loop
      vertex -9.84077 15.0857 13.4
      vertex -9.66548 15.1495 14
      vertex -9.84077 15.0857 14
    endloop
  endfacet
  facet normal 0.342019 -0.939693 0
    outer loop
      vertex -9.66548 15.1495 14
      vertex -9.84077 15.0857 13.4
      vertex -9.66548 15.1495 13.4
    endloop
  endfacet
  facet normal 0.428779 -0.903409 0
    outer loop
      vertex -10.0049 15.0078 13.4
      vertex -9.84077 15.0857 14
      vertex -10.0049 15.0078 14
    endloop
  endfacet
  facet normal 0.428779 -0.903409 0
    outer loop
      vertex -9.84077 15.0857 14
      vertex -10.0049 15.0078 13.4
      vertex -9.84077 15.0857 13.4
    endloop
  endfacet
  facet normal 0.516226 -0.856453 0
    outer loop
      vertex -10.1577 14.9157 13.4
      vertex -10.0049 15.0078 14
      vertex -10.1577 14.9157 14
    endloop
  endfacet
  facet normal 0.516226 -0.856453 0
    outer loop
      vertex -10.0049 15.0078 14
      vertex -10.1577 14.9157 13.4
      vertex -10.0049 15.0078 13.4
    endloop
  endfacet
  facet normal 0.6 -0.8 0
    outer loop
      vertex -10.2993 14.8095 13.4
      vertex -10.1577 14.9157 14
      vertex -10.2993 14.8095 14
    endloop
  endfacet
  facet normal 0.6 -0.8 0
    outer loop
      vertex -10.1577 14.9157 14
      vertex -10.2993 14.8095 13.4
      vertex -10.1577 14.9157 13.4
    endloop
  endfacet
  facet normal 0.678374 -0.734717 0
    outer loop
      vertex -10.4297 14.6891 13.4
      vertex -10.2993 14.8095 14
      vertex -10.4297 14.6891 14
    endloop
  endfacet
  facet normal 0.678374 -0.734717 0
    outer loop
      vertex -10.2993 14.8095 14
      vertex -10.4297 14.6891 13.4
      vertex -10.2993 14.8095 13.4
    endloop
  endfacet
  facet normal 0.749329 -0.662198 0
    outer loop
      vertex -10.5475 14.5558 14
      vertex -10.4297 14.6891 13.4
      vertex -10.4297 14.6891 14
    endloop
  endfacet
  facet normal 0.749329 -0.662198 0
    outer loop
      vertex -10.4297 14.6891 13.4
      vertex -10.5475 14.5558 14
      vertex -10.5475 14.5558 13.4
    endloop
  endfacet
  facet normal 0.812596 -0.582827 0
    outer loop
      vertex -10.6515 14.4108 14
      vertex -10.5475 14.5558 13.4
      vertex -10.5475 14.5558 14
    endloop
  endfacet
  facet normal 0.812596 -0.582827 0
    outer loop
      vertex -10.5475 14.5558 13.4
      vertex -10.6515 14.4108 14
      vertex -10.6515 14.4108 13.4
    endloop
  endfacet
  facet normal 0.866912 -0.498461 0
    outer loop
      vertex -10.7416 14.2541 14
      vertex -10.6515 14.4108 13.4
      vertex -10.6515 14.4108 14
    endloop
  endfacet
  facet normal 0.866912 -0.498461 0
    outer loop
      vertex -10.6515 14.4108 13.4
      vertex -10.7416 14.2541 14
      vertex -10.7416 14.2541 13.4
    endloop
  endfacet
  facet normal 0.910866 -0.412702 0
    outer loop
      vertex -10.8179 14.0857 14
      vertex -10.7416 14.2541 13.4
      vertex -10.7416 14.2541 14
    endloop
  endfacet
  facet normal 0.910866 -0.412702 0
    outer loop
      vertex -10.7416 14.2541 13.4
      vertex -10.8179 14.0857 14
      vertex -10.8179 14.0857 13.4
    endloop
  endfacet
  facet normal 0.944836 -0.327543 0
    outer loop
      vertex -10.8803 13.9057 14
      vertex -10.8179 14.0857 13.4
      vertex -10.8179 14.0857 14
    endloop
  endfacet
  facet normal 0.944836 -0.327543 0
    outer loop
      vertex -10.8179 14.0857 13.4
      vertex -10.8803 13.9057 14
      vertex -10.8803 13.9057 13.4
    endloop
  endfacet
  facet normal 0.969485 -0.245151 0
    outer loop
      vertex -10.9288 13.7139 14
      vertex -10.8803 13.9057 13.4
      vertex -10.8803 13.9057 14
    endloop
  endfacet
  facet normal 0.969485 -0.245151 0
    outer loop
      vertex -10.8803 13.9057 13.4
      vertex -10.9288 13.7139 14
      vertex -10.9288 13.7139 13.4
    endloop
  endfacet
  facet normal 0.985825 -0.167779 0
    outer loop
      vertex -10.9634 13.5106 14
      vertex -10.9288 13.7139 13.4
      vertex -10.9288 13.7139 14
    endloop
  endfacet
  facet normal 0.985825 -0.167779 0
    outer loop
      vertex -10.9288 13.7139 13.4
      vertex -10.9634 13.5106 14
      vertex -10.9634 13.5106 13.4
    endloop
  endfacet
  facet normal 0.995357 -0.0962503 0
    outer loop
      vertex -10.9842 13.2955 14
      vertex -10.9634 13.5106 13.4
      vertex -10.9634 13.5106 14
    endloop
  endfacet
  facet normal 0.995357 -0.0962503 0
    outer loop
      vertex -10.9634 13.5106 13.4
      vertex -10.9842 13.2955 14
      vertex -10.9842 13.2955 13.4
    endloop
  endfacet
  facet normal 0.999524 -0.0308495 0
    outer loop
      vertex -10.9912 13.0687 14
      vertex -10.9842 13.2955 13.4
      vertex -10.9842 13.2955 14
    endloop
  endfacet
  facet normal 0.999524 -0.0308495 0
    outer loop
      vertex -10.9842 13.2955 13.4
      vertex -10.9912 13.0687 14
      vertex -10.9912 13.0687 13.4
    endloop
  endfacet
  facet normal 0.999771 0.0213855 0
    outer loop
      vertex -10.988 12.9191 14
      vertex -10.9912 13.0687 13.4
      vertex -10.9912 13.0687 14
    endloop
  endfacet
  facet normal 0.999771 0.0213855 0
    outer loop
      vertex -10.9912 13.0687 13.4
      vertex -10.988 12.9191 14
      vertex -10.988 12.9191 13.4
    endloop
  endfacet
  facet normal 0.997824 0.0659265 0
    outer loop
      vertex -10.9784 12.7738 14
      vertex -10.988 12.9191 13.4
      vertex -10.988 12.9191 14
    endloop
  endfacet
  facet normal 0.997824 0.0659265 0
    outer loop
      vertex -10.988 12.9191 13.4
      vertex -10.9784 12.7738 14
      vertex -10.9784 12.7738 13.4
    endloop
  endfacet
  facet normal 0.993693 0.112134 0
    outer loop
      vertex -10.9625 12.6329 14
      vertex -10.9784 12.7738 13.4
      vertex -10.9784 12.7738 14
    endloop
  endfacet
  facet normal 0.993693 0.112134 0
    outer loop
      vertex -10.9784 12.7738 13.4
      vertex -10.9625 12.6329 14
      vertex -10.9625 12.6329 13.4
    endloop
  endfacet
  facet normal 0.986916 0.161233 0
    outer loop
      vertex -10.9402 12.4964 14
      vertex -10.9625 12.6329 13.4
      vertex -10.9625 12.6329 14
    endloop
  endfacet
  facet normal 0.986916 0.161233 0
    outer loop
      vertex -10.9625 12.6329 13.4
      vertex -10.9402 12.4964 14
      vertex -10.9402 12.4964 13.4
    endloop
  endfacet
  facet normal 0.977356 0.2116 0
    outer loop
      vertex -10.9116 12.3643 14
      vertex -10.9402 12.4964 13.4
      vertex -10.9402 12.4964 14
    endloop
  endfacet
  facet normal 0.977356 0.2116 0
    outer loop
      vertex -10.9402 12.4964 13.4
      vertex -10.9116 12.3643 14
      vertex -10.9116 12.3643 13.4
    endloop
  endfacet
  facet normal 0.964379 0.264524 0
    outer loop
      vertex -10.8766 12.2367 14
      vertex -10.9116 12.3643 13.4
      vertex -10.9116 12.3643 14
    endloop
  endfacet
  facet normal 0.964379 0.264524 0
    outer loop
      vertex -10.9116 12.3643 13.4
      vertex -10.8766 12.2367 14
      vertex -10.8766 12.2367 13.4
    endloop
  endfacet
  facet normal 0.947989 0.318303 0
    outer loop
      vertex -10.8352 12.1134 14
      vertex -10.8766 12.2367 13.4
      vertex -10.8766 12.2367 14
    endloop
  endfacet
  facet normal 0.947989 0.318303 0
    outer loop
      vertex -10.8766 12.2367 13.4
      vertex -10.8352 12.1134 14
      vertex -10.8352 12.1134 13.4
    endloop
  endfacet
  facet normal 0.927721 0.373275 0
    outer loop
      vertex -10.7874 11.9946 14
      vertex -10.8352 12.1134 13.4
      vertex -10.8352 12.1134 14
    endloop
  endfacet
  facet normal 0.927721 0.373275 0
    outer loop
      vertex -10.8352 12.1134 13.4
      vertex -10.7874 11.9946 14
      vertex -10.7874 11.9946 13.4
    endloop
  endfacet
  facet normal 0.904011 0.427509 0
    outer loop
      vertex -10.7333 11.8802 14
      vertex -10.7874 11.9946 13.4
      vertex -10.7874 11.9946 14
    endloop
  endfacet
  facet normal 0.904011 0.427509 0
    outer loop
      vertex -10.7874 11.9946 13.4
      vertex -10.7333 11.8802 14
      vertex -10.7333 11.8802 13.4
    endloop
  endfacet
  facet normal 0.876453 0.481488 0
    outer loop
      vertex -10.6732 11.7708 14
      vertex -10.7333 11.8802 13.4
      vertex -10.7333 11.8802 14
    endloop
  endfacet
  facet normal 0.876453 0.481488 0
    outer loop
      vertex -10.7333 11.8802 13.4
      vertex -10.6732 11.7708 14
      vertex -10.6732 11.7708 13.4
    endloop
  endfacet
  facet normal 0.843292 0.537456 0
    outer loop
      vertex -10.6073 11.6674 14
      vertex -10.6732 11.7708 13.4
      vertex -10.6732 11.7708 14
    endloop
  endfacet
  facet normal 0.843292 0.537456 0
    outer loop
      vertex -10.6732 11.7708 13.4
      vertex -10.6073 11.6674 14
      vertex -10.6073 11.6674 13.4
    endloop
  endfacet
  facet normal 0.806982 0.590576 0
    outer loop
      vertex -10.5358 11.5697 14
      vertex -10.6073 11.6674 13.4
      vertex -10.6073 11.6674 14
    endloop
  endfacet
  facet normal 0.806982 0.590576 0
    outer loop
      vertex -10.6073 11.6674 13.4
      vertex -10.5358 11.5697 14
      vertex -10.5358 11.5697 13.4
    endloop
  endfacet
  facet normal 0.764998 0.644033 0
    outer loop
      vertex -10.4586 11.478 14
      vertex -10.5358 11.5697 13.4
      vertex -10.5358 11.5697 14
    endloop
  endfacet
  facet normal 0.764998 0.644033 0
    outer loop
      vertex -10.5358 11.5697 13.4
      vertex -10.4586 11.478 14
      vertex -10.4586 11.478 13.4
    endloop
  endfacet
  facet normal 0.719964 0.694012 0
    outer loop
      vertex -10.3757 11.392 14
      vertex -10.4586 11.478 13.4
      vertex -10.4586 11.478 14
    endloop
  endfacet
  facet normal 0.719964 0.694012 0
    outer loop
      vertex -10.4586 11.478 13.4
      vertex -10.3757 11.392 14
      vertex -10.3757 11.392 13.4
    endloop
  endfacet
  facet normal 0.670628 0.741794 -0
    outer loop
      vertex -10.2871 11.3119 13.4
      vertex -10.3757 11.392 14
      vertex -10.2871 11.3119 14
    endloop
  endfacet
  facet normal 0.670628 0.741794 0
    outer loop
      vertex -10.3757 11.392 14
      vertex -10.2871 11.3119 13.4
      vertex -10.3757 11.392 13.4
    endloop
  endfacet
  facet normal 0.618888 0.785479 -0
    outer loop
      vertex -10.1928 11.2376 13.4
      vertex -10.2871 11.3119 14
      vertex -10.1928 11.2376 14
    endloop
  endfacet
  facet normal 0.618888 0.785479 0
    outer loop
      vertex -10.2871 11.3119 14
      vertex -10.1928 11.2376 13.4
      vertex -10.2871 11.3119 13.4
    endloop
  endfacet
  facet normal 0.56495 0.825125 -0
    outer loop
      vertex -10.0929 11.1692 13.4
      vertex -10.1928 11.2376 14
      vertex -10.0929 11.1692 14
    endloop
  endfacet
  facet normal 0.56495 0.825125 0
    outer loop
      vertex -10.1928 11.2376 14
      vertex -10.0929 11.1692 13.4
      vertex -10.1928 11.2376 13.4
    endloop
  endfacet
  facet normal 0.509615 0.860403 -0
    outer loop
      vertex -9.98721 11.1066 13.4
      vertex -10.0929 11.1692 14
      vertex -9.98721 11.1066 14
    endloop
  endfacet
  facet normal 0.509615 0.860403 0
    outer loop
      vertex -10.0929 11.1692 14
      vertex -9.98721 11.1066 13.4
      vertex -10.0929 11.1692 13.4
    endloop
  endfacet
  facet normal 0.453669 0.89117 -0
    outer loop
      vertex -9.87642 11.0502 13.4
      vertex -9.98721 11.1066 14
      vertex -9.87642 11.0502 14
    endloop
  endfacet
  facet normal 0.453669 0.89117 0
    outer loop
      vertex -9.98721 11.1066 14
      vertex -9.87642 11.0502 13.4
      vertex -9.98721 11.1066 13.4
    endloop
  endfacet
  facet normal 0.395581 0.918431 -0
    outer loop
      vertex -9.76103 11.0005 13.4
      vertex -9.87642 11.0502 14
      vertex -9.76103 11.0005 14
    endloop
  endfacet
  facet normal 0.395581 0.918431 0
    outer loop
      vertex -9.87642 11.0502 14
      vertex -9.76103 11.0005 13.4
      vertex -9.87642 11.0502 13.4
    endloop
  endfacet
  facet normal 0.33805 0.941128 -0
    outer loop
      vertex -9.64104 10.9574 13.4
      vertex -9.76103 11.0005 14
      vertex -9.64104 10.9574 14
    endloop
  endfacet
  facet normal 0.33805 0.941128 0
    outer loop
      vertex -9.76103 11.0005 14
      vertex -9.64104 10.9574 13.4
      vertex -9.76103 11.0005 13.4
    endloop
  endfacet
  facet normal 0.281144 0.959665 -0
    outer loop
      vertex -9.51645 10.9209 13.4
      vertex -9.64104 10.9574 14
      vertex -9.51645 10.9209 14
    endloop
  endfacet
  facet normal 0.281144 0.959665 0
    outer loop
      vertex -9.64104 10.9574 14
      vertex -9.51645 10.9209 13.4
      vertex -9.64104 10.9574 13.4
    endloop
  endfacet
  facet normal 0.224782 0.974409 -0
    outer loop
      vertex -9.38727 10.8911 13.4
      vertex -9.51645 10.9209 14
      vertex -9.38727 10.8911 14
    endloop
  endfacet
  facet normal 0.224782 0.974409 0
    outer loop
      vertex -9.51645 10.9209 14
      vertex -9.38727 10.8911 13.4
      vertex -9.51645 10.9209 13.4
    endloop
  endfacet
  facet normal 0.170856 0.985296 -0
    outer loop
      vertex -9.25348 10.8679 13.4
      vertex -9.38727 10.8911 14
      vertex -9.25348 10.8679 14
    endloop
  endfacet
  facet normal 0.170856 0.985296 0
    outer loop
      vertex -9.38727 10.8911 14
      vertex -9.25348 10.8679 13.4
      vertex -9.38727 10.8911 13.4
    endloop
  endfacet
  facet normal 0.119106 0.992882 -0
    outer loop
      vertex -9.1151 10.8513 13.4
      vertex -9.25348 10.8679 14
      vertex -9.1151 10.8513 14
    endloop
  endfacet
  facet normal 0.119106 0.992882 0
    outer loop
      vertex -9.25348 10.8679 14
      vertex -9.1151 10.8513 13.4
      vertex -9.25348 10.8679 13.4
    endloop
  endfacet
  facet normal 0.0690751 0.997611 -0
    outer loop
      vertex -8.97212 10.8414 13.4
      vertex -9.1151 10.8513 14
      vertex -8.97212 10.8414 14
    endloop
  endfacet
  facet normal 0.0690751 0.997611 0
    outer loop
      vertex -9.1151 10.8513 14
      vertex -8.97212 10.8414 13.4
      vertex -9.1151 10.8513 13.4
    endloop
  endfacet
  facet normal 0.0230338 0.999735 -0
    outer loop
      vertex -8.82455 10.838 13.4
      vertex -8.97212 10.8414 14
      vertex -8.82455 10.838 14
    endloop
  endfacet
  facet normal 0.0230338 0.999735 0
    outer loop
      vertex -8.97212 10.8414 14
      vertex -8.82455 10.838 13.4
      vertex -8.97212 10.8414 13.4
    endloop
  endfacet
  facet normal -0.018776 0.999824 0
    outer loop
      vertex -8.69675 10.8404 13.4
      vertex -8.82455 10.838 14
      vertex -8.69675 10.8404 14
    endloop
  endfacet
  facet normal -0.018776 0.999824 0
    outer loop
      vertex -8.82455 10.838 14
      vertex -8.69675 10.8404 13.4
      vertex -8.82455 10.838 13.4
    endloop
  endfacet
  facet normal -0.0722846 0.997384 0
    outer loop
      vertex 8.24777 10.8515 13.4
      vertex 8.10841 10.8414 14
      vertex 8.24777 10.8515 14
    endloop
  endfacet
  facet normal -0.0722846 0.997384 0
    outer loop
      vertex 8.10841 10.8414 14
      vertex 8.24777 10.8515 13.4
      vertex 8.10841 10.8414 13.4
    endloop
  endfacet
  facet normal -0.122705 0.992443 0
    outer loop
      vertex 8.38284 10.8682 13.4
      vertex 8.24777 10.8515 14
      vertex 8.38284 10.8682 14
    endloop
  endfacet
  facet normal -0.122705 0.992443 0
    outer loop
      vertex 8.24777 10.8515 14
      vertex 8.38284 10.8682 13.4
      vertex 8.24777 10.8515 13.4
    endloop
  endfacet
  facet normal -0.176885 0.984232 0
    outer loop
      vertex 8.5136 10.8917 13.4
      vertex 8.38284 10.8682 14
      vertex 8.5136 10.8917 14
    endloop
  endfacet
  facet normal -0.176885 0.984232 0
    outer loop
      vertex 8.38284 10.8682 14
      vertex 8.5136 10.8917 13.4
      vertex 8.38284 10.8682 13.4
    endloop
  endfacet
  facet normal -0.232244 0.972657 0
    outer loop
      vertex 8.64008 10.9219 13.4
      vertex 8.5136 10.8917 14
      vertex 8.64008 10.9219 14
    endloop
  endfacet
  facet normal -0.232244 0.972657 0
    outer loop
      vertex 8.5136 10.8917 14
      vertex 8.64008 10.9219 13.4
      vertex 8.5136 10.8917 13.4
    endloop
  endfacet
  facet normal -0.289137 0.957288 0
    outer loop
      vertex 8.76225 10.9588 13.4
      vertex 8.64008 10.9219 14
      vertex 8.76225 10.9588 14
    endloop
  endfacet
  facet normal -0.289137 0.957288 0
    outer loop
      vertex 8.64008 10.9219 14
      vertex 8.76225 10.9588 13.4
      vertex 8.64008 10.9219 13.4
    endloop
  endfacet
  facet normal -0.3462 0.938161 0
    outer loop
      vertex 8.88013 11.0023 13.4
      vertex 8.76225 10.9588 14
      vertex 8.88013 11.0023 14
    endloop
  endfacet
  facet normal -0.3462 0.938161 0
    outer loop
      vertex 8.76225 10.9588 14
      vertex 8.88013 11.0023 13.4
      vertex 8.76225 10.9588 13.4
    endloop
  endfacet
  facet normal -0.404928 0.914349 0
    outer loop
      vertex 8.99371 11.0526 13.4
      vertex 8.88013 11.0023 14
      vertex 8.99371 11.0526 14
    endloop
  endfacet
  facet normal -0.404928 0.914349 0
    outer loop
      vertex 8.88013 11.0023 14
      vertex 8.99371 11.0526 13.4
      vertex 8.88013 11.0023 13.4
    endloop
  endfacet
  facet normal -0.462433 0.886654 0
    outer loop
      vertex 9.103 11.1096 13.4
      vertex 8.99371 11.0526 14
      vertex 9.103 11.1096 14
    endloop
  endfacet
  facet normal -0.462433 0.886654 0
    outer loop
      vertex 8.99371 11.0526 14
      vertex 9.103 11.1096 13.4
      vertex 8.99371 11.0526 13.4
    endloop
  endfacet
  facet normal -0.518574 0.855033 0
    outer loop
      vertex 9.20737 11.1729 13.4
      vertex 9.103 11.1096 14
      vertex 9.20737 11.1729 14
    endloop
  endfacet
  facet normal -0.518574 0.855033 0
    outer loop
      vertex 9.103 11.1096 14
      vertex 9.20737 11.1729 13.4
      vertex 9.103 11.1096 13.4
    endloop
  endfacet
  facet normal -0.572454 0.819937 0
    outer loop
      vertex 9.3062 11.2419 13.4
      vertex 9.20737 11.1729 14
      vertex 9.3062 11.2419 14
    endloop
  endfacet
  facet normal -0.572454 0.819937 0
    outer loop
      vertex 9.20737 11.1729 14
      vertex 9.3062 11.2419 13.4
      vertex 9.20737 11.1729 13.4
    endloop
  endfacet
  facet normal -0.62606 0.779775 0
    outer loop
      vertex 9.39949 11.3168 13.4
      vertex 9.3062 11.2419 14
      vertex 9.39949 11.3168 14
    endloop
  endfacet
  facet normal -0.62606 0.779775 0
    outer loop
      vertex 9.3062 11.2419 14
      vertex 9.39949 11.3168 13.4
      vertex 9.3062 11.2419 13.4
    endloop
  endfacet
  facet normal -0.676382 0.736551 0
    outer loop
      vertex 9.48726 11.3974 13.4
      vertex 9.39949 11.3168 14
      vertex 9.48726 11.3974 14
    endloop
  endfacet
  facet normal -0.676382 0.736551 0
    outer loop
      vertex 9.39949 11.3168 14
      vertex 9.48726 11.3974 13.4
      vertex 9.39949 11.3168 13.4
    endloop
  endfacet
  facet normal -0.724853 0.688904 0
    outer loop
      vertex 9.48726 11.3974 13.4
      vertex 9.56947 11.4839 14
      vertex 9.56947 11.4839 13.4
    endloop
  endfacet
  facet normal -0.724853 0.688904 0
    outer loop
      vertex 9.56947 11.4839 14
      vertex 9.48726 11.3974 13.4
      vertex 9.48726 11.3974 14
    endloop
  endfacet
  facet normal -0.769149 0.639069 0
    outer loop
      vertex 9.56947 11.4839 13.4
      vertex 9.64616 11.5762 14
      vertex 9.64616 11.5762 13.4
    endloop
  endfacet
  facet normal -0.769149 0.639069 0
    outer loop
      vertex 9.64616 11.5762 14
      vertex 9.56947 11.4839 13.4
      vertex 9.56947 11.4839 14
    endloop
  endfacet
  facet normal -0.809257 0.587455 0
    outer loop
      vertex 9.64616 11.5762 13.4
      vertex 9.7173 11.6742 14
      vertex 9.7173 11.6742 13.4
    endloop
  endfacet
  facet normal -0.809257 0.587455 0
    outer loop
      vertex 9.7173 11.6742 14
      vertex 9.64616 11.5762 13.4
      vertex 9.64616 11.5762 14
    endloop
  endfacet
  facet normal -0.84553 0.533929 0
    outer loop
      vertex 9.7173 11.6742 13.4
      vertex 9.78291 11.7781 14
      vertex 9.78291 11.7781 13.4
    endloop
  endfacet
  facet normal -0.84553 0.533929 0
    outer loop
      vertex 9.78291 11.7781 14
      vertex 9.7173 11.6742 13.4
      vertex 9.7173 11.6742 14
    endloop
  endfacet
  facet normal -0.877143 0.48023 0
    outer loop
      vertex 9.78291 11.7781 13.4
      vertex 9.84297 11.8878 14
      vertex 9.84297 11.8878 13.4
    endloop
  endfacet
  facet normal -0.877143 0.48023 0
    outer loop
      vertex 9.84297 11.8878 14
      vertex 9.78291 11.7781 13.4
      vertex 9.78291 11.7781 14
    endloop
  endfacet
  facet normal -0.904178 0.427157 0
    outer loop
      vertex 9.84297 11.8878 13.4
      vertex 9.89711 12.0024 14
      vertex 9.89711 12.0024 13.4
    endloop
  endfacet
  facet normal -0.904178 0.427157 0
    outer loop
      vertex 9.89711 12.0024 14
      vertex 9.84297 11.8878 13.4
      vertex 9.84297 11.8878 14
    endloop
  endfacet
  facet normal -0.927883 0.372871 0
    outer loop
      vertex 9.89711 12.0024 13.4
      vertex 9.94485 12.1212 14
      vertex 9.94485 12.1212 13.4
    endloop
  endfacet
  facet normal -0.927883 0.372871 0
    outer loop
      vertex 9.94485 12.1212 14
      vertex 9.89711 12.0024 13.4
      vertex 9.89711 12.0024 14
    endloop
  endfacet
  facet normal -0.947676 0.319233 0
    outer loop
      vertex 9.94485 12.1212 13.4
      vertex 9.98625 12.2441 14
      vertex 9.98625 12.2441 13.4
    endloop
  endfacet
  facet normal -0.947676 0.319233 0
    outer loop
      vertex 9.98625 12.2441 14
      vertex 9.94485 12.1212 13.4
      vertex 9.94485 12.1212 14
    endloop
  endfacet
  facet normal -0.964016 0.265844 0
    outer loop
      vertex 9.98625 12.2441 13.4
      vertex 10.0213 12.3712 14
      vertex 10.0213 12.3712 13.4
    endloop
  endfacet
  facet normal -0.964016 0.265844 0
    outer loop
      vertex 10.0213 12.3712 14
      vertex 9.98625 12.2441 13.4
      vertex 9.98625 12.2441 14
    endloop
  endfacet
  facet normal -0.977055 0.212986 0
    outer loop
      vertex 10.0213 12.3712 13.4
      vertex 10.0499 12.5024 14
      vertex 10.0499 12.5024 13.4
    endloop
  endfacet
  facet normal -0.977055 0.212986 0
    outer loop
      vertex 10.0499 12.5024 14
      vertex 10.0213 12.3712 13.4
      vertex 10.0213 12.3712 14
    endloop
  endfacet
  facet normal -0.986707 0.162508 0
    outer loop
      vertex 10.0499 12.5024 13.4
      vertex 10.0722 12.6378 14
      vertex 10.0722 12.6378 13.4
    endloop
  endfacet
  facet normal -0.986707 0.162508 0
    outer loop
      vertex 10.0722 12.6378 14
      vertex 10.0499 12.5024 13.4
      vertex 10.0499 12.5024 14
    endloop
  endfacet
  facet normal -0.993567 0.113245 0
    outer loop
      vertex 10.0722 12.6378 13.4
      vertex 10.0881 12.7773 14
      vertex 10.0881 12.7773 13.4
    endloop
  endfacet
  facet normal -0.993567 0.113245 0
    outer loop
      vertex 10.0881 12.7773 14
      vertex 10.0722 12.6378 13.4
      vertex 10.0722 12.6378 14
    endloop
  endfacet
  facet normal -0.997773 0.0667035 0
    outer loop
      vertex 10.0881 12.7773 13.4
      vertex 10.0977 12.9209 14
      vertex 10.0977 12.9209 13.4
    endloop
  endfacet
  facet normal -0.997773 0.0667035 0
    outer loop
      vertex 10.0977 12.9209 14
      vertex 10.0881 12.7773 13.4
      vertex 10.0881 12.7773 14
    endloop
  endfacet
  facet normal -0.999766 0.0216458 0
    outer loop
      vertex 10.0977 12.9209 13.4
      vertex 10.1009 13.0687 14
      vertex 10.1009 13.0687 13.4
    endloop
  endfacet
  facet normal -0.999766 0.0216458 0
    outer loop
      vertex 10.1009 13.0687 14
      vertex 10.0977 12.9209 13.4
      vertex 10.0977 12.9209 14
    endloop
  endfacet
  facet normal -0.999767 -0.0215729 0
    outer loop
      vertex 10.1009 13.0687 13.4
      vertex 10.0977 13.217 14
      vertex 10.0977 13.217 13.4
    endloop
  endfacet
  facet normal -0.999767 -0.0215729 0
    outer loop
      vertex 10.0977 13.217 14
      vertex 10.1009 13.0687 13.4
      vertex 10.1009 13.0687 14
    endloop
  endfacet
  facet normal -0.997873 -0.0651842 0
    outer loop
      vertex 10.0977 13.217 13.4
      vertex 10.0883 13.3609 14
      vertex 10.0883 13.3609 13.4
    endloop
  endfacet
  facet normal -0.997873 -0.0651842 0
    outer loop
      vertex 10.0883 13.3609 14
      vertex 10.0977 13.217 13.4
      vertex 10.0977 13.217 14
    endloop
  endfacet
  facet normal -0.993726 -0.111839 0
    outer loop
      vertex 10.0883 13.3609 13.4
      vertex 10.0726 13.5004 14
      vertex 10.0726 13.5004 13.4
    endloop
  endfacet
  facet normal -0.993726 -0.111839 0
    outer loop
      vertex 10.0726 13.5004 14
      vertex 10.0883 13.3609 13.4
      vertex 10.0883 13.3609 14
    endloop
  endfacet
  facet normal -0.986845 -0.16167 0
    outer loop
      vertex 10.0726 13.5004 13.4
      vertex 10.0505 13.6353 14
      vertex 10.0505 13.6353 13.4
    endloop
  endfacet
  facet normal -0.986845 -0.16167 0
    outer loop
      vertex 10.0505 13.6353 14
      vertex 10.0726 13.5004 13.4
      vertex 10.0726 13.5004 14
    endloop
  endfacet
  facet normal -0.977318 -0.211777 0
    outer loop
      vertex 10.0505 13.6353 13.4
      vertex 10.0222 13.7659 14
      vertex 10.0222 13.7659 13.4
    endloop
  endfacet
  facet normal -0.977318 -0.211777 0
    outer loop
      vertex 10.0222 13.7659 14
      vertex 10.0505 13.6353 13.4
      vertex 10.0505 13.6353 14
    endloop
  endfacet
  facet normal -0.964376 -0.264534 0
    outer loop
      vertex 10.0222 13.7659 13.4
      vertex 9.98761 13.892 14
      vertex 9.98761 13.892 13.4
    endloop
  endfacet
  facet normal -0.964376 -0.264534 0
    outer loop
      vertex 9.98761 13.892 14
      vertex 10.0222 13.7659 13.4
      vertex 10.0222 13.7659 14
    endloop
  endfacet
  facet normal -0.947846 -0.318729 0
    outer loop
      vertex 9.98761 13.892 13.4
      vertex 9.94672 14.0136 14
      vertex 9.94672 14.0136 13.4
    endloop
  endfacet
  facet normal -0.947846 -0.318729 0
    outer loop
      vertex 9.94672 14.0136 14
      vertex 9.98761 13.892 13.4
      vertex 9.98761 13.892 14
    endloop
  endfacet
  facet normal -0.927601 -0.373573 0
    outer loop
      vertex 9.94672 14.0136 13.4
      vertex 9.89952 14.1308 14
      vertex 9.89952 14.1308 13.4
    endloop
  endfacet
  facet normal -0.927601 -0.373573 0
    outer loop
      vertex 9.89952 14.1308 14
      vertex 9.94672 14.0136 13.4
      vertex 9.94672 14.0136 14
    endloop
  endfacet
  facet normal -0.903441 -0.428713 0
    outer loop
      vertex 9.89952 14.1308 13.4
      vertex 9.84604 14.2435 14
      vertex 9.84604 14.2435 13.4
    endloop
  endfacet
  facet normal -0.903441 -0.428713 0
    outer loop
      vertex 9.84604 14.2435 14
      vertex 9.89952 14.1308 13.4
      vertex 9.89952 14.1308 14
    endloop
  endfacet
  facet normal -0.875546 -0.483135 0
    outer loop
      vertex 9.84604 14.2435 13.4
      vertex 9.78661 14.3512 14
      vertex 9.78661 14.3512 13.4
    endloop
  endfacet
  facet normal -0.875546 -0.483135 0
    outer loop
      vertex 9.78661 14.3512 14
      vertex 9.84604 14.2435 13.4
      vertex 9.84604 14.2435 14
    endloop
  endfacet
  facet normal -0.842452 -0.538772 0
    outer loop
      vertex 9.78661 14.3512 13.4
      vertex 9.72157 14.4529 14
      vertex 9.72157 14.4529 13.4
    endloop
  endfacet
  facet normal -0.842452 -0.538772 0
    outer loop
      vertex 9.72157 14.4529 14
      vertex 9.78661 14.3512 13.4
      vertex 9.78661 14.3512 14
    endloop
  endfacet
  facet normal -0.805364 -0.592781 0
    outer loop
      vertex 9.72157 14.4529 13.4
      vertex 9.65091 14.5489 14
      vertex 9.65091 14.5489 13.4
    endloop
  endfacet
  facet normal -0.805364 -0.592781 0
    outer loop
      vertex 9.65091 14.5489 14
      vertex 9.72157 14.4529 13.4
      vertex 9.72157 14.4529 14
    endloop
  endfacet
  facet normal -0.763296 -0.646049 0
    outer loop
      vertex 9.65091 14.5489 13.4
      vertex 9.57465 14.639 14
      vertex 9.57465 14.639 13.4
    endloop
  endfacet
  facet normal -0.763296 -0.646049 0
    outer loop
      vertex 9.57465 14.639 14
      vertex 9.65091 14.5489 13.4
      vertex 9.65091 14.5489 14
    endloop
  endfacet
  facet normal -0.717243 -0.696823 0
    outer loop
      vertex 9.57465 14.639 13.4
      vertex 9.49275 14.7233 14
      vertex 9.49275 14.7233 13.4
    endloop
  endfacet
  facet normal -0.717243 -0.696823 0
    outer loop
      vertex 9.49275 14.7233 14
      vertex 9.57465 14.639 13.4
      vertex 9.57465 14.639 14
    endloop
  endfacet
  facet normal -0.667359 -0.744736 0
    outer loop
      vertex 9.40526 14.8017 13.4
      vertex 9.49275 14.7233 14
      vertex 9.40526 14.8017 14
    endloop
  endfacet
  facet normal -0.667359 -0.744736 -0
    outer loop
      vertex 9.49275 14.7233 14
      vertex 9.40526 14.8017 13.4
      vertex 9.49275 14.7233 13.4
    endloop
  endfacet
  facet normal -0.614896 -0.788608 0
    outer loop
      vertex 9.31215 14.8743 13.4
      vertex 9.40526 14.8017 14
      vertex 9.31215 14.8743 14
    endloop
  endfacet
  facet normal -0.614896 -0.788608 -0
    outer loop
      vertex 9.40526 14.8017 14
      vertex 9.31215 14.8743 13.4
      vertex 9.40526 14.8017 13.4
    endloop
  endfacet
  facet normal -0.559764 -0.828652 0
    outer loop
      vertex 9.21341 14.941 13.4
      vertex 9.31215 14.8743 14
      vertex 9.21341 14.941 14
    endloop
  endfacet
  facet normal -0.559764 -0.828652 -0
    outer loop
      vertex 9.31215 14.8743 14
      vertex 9.21341 14.941 13.4
      vertex 9.31215 14.8743 13.4
    endloop
  endfacet
  facet normal -0.504087 -0.863653 0
    outer loop
      vertex 9.10907 15.0019 13.4
      vertex 9.21341 14.941 14
      vertex 9.10907 15.0019 14
    endloop
  endfacet
  facet normal -0.504087 -0.863653 -0
    outer loop
      vertex 9.21341 14.941 14
      vertex 9.10907 15.0019 13.4
      vertex 9.21341 14.941 13.4
    endloop
  endfacet
  facet normal -0.447606 -0.894231 0
    outer loop
      vertex 8.99979 15.0566 13.4
      vertex 9.10907 15.0019 14
      vertex 8.99979 15.0566 14
    endloop
  endfacet
  facet normal -0.447606 -0.894231 -0
    outer loop
      vertex 9.10907 15.0019 14
      vertex 8.99979 15.0566 13.4
      vertex 9.10907 15.0019 13.4
    endloop
  endfacet
  facet normal -0.391993 -0.919968 0
    outer loop
      vertex 8.8862 15.105 13.4
      vertex 8.99979 15.0566 14
      vertex 8.8862 15.105 14
    endloop
  endfacet
  facet normal -0.391993 -0.919968 -0
    outer loop
      vertex 8.99979 15.0566 14
      vertex 8.8862 15.105 13.4
      vertex 8.99979 15.0566 13.4
    endloop
  endfacet
  facet normal -0.334233 -0.94249 0
    outer loop
      vertex 8.76833 15.1468 13.4
      vertex 8.8862 15.105 14
      vertex 8.76833 15.1468 14
    endloop
  endfacet
  facet normal -0.334233 -0.94249 -0
    outer loop
      vertex 8.8862 15.105 14
      vertex 8.76833 15.1468 13.4
      vertex 8.8862 15.105 13.4
    endloop
  endfacet
  facet normal -0.279016 -0.960286 0
    outer loop
      vertex 8.64615 15.1823 13.4
      vertex 8.76833 15.1468 14
      vertex 8.64615 15.1823 14
    endloop
  endfacet
  facet normal -0.279016 -0.960286 -0
    outer loop
      vertex 8.76833 15.1468 14
      vertex 8.64615 15.1823 13.4
      vertex 8.76833 15.1468 13.4
    endloop
  endfacet
  facet normal -0.223503 -0.974703 0
    outer loop
      vertex 8.51968 15.2113 13.4
      vertex 8.64615 15.1823 14
      vertex 8.51968 15.2113 14
    endloop
  endfacet
  facet normal -0.223503 -0.974703 -0
    outer loop
      vertex 8.64615 15.1823 14
      vertex 8.51968 15.2113 13.4
      vertex 8.64615 15.1823 13.4
    endloop
  endfacet
  facet normal -0.169591 -0.985514 0
    outer loop
      vertex 8.38893 15.2338 13.4
      vertex 8.51968 15.2113 14
      vertex 8.38893 15.2338 14
    endloop
  endfacet
  facet normal -0.169591 -0.985514 -0
    outer loop
      vertex 8.51968 15.2113 14
      vertex 8.38893 15.2338 13.4
      vertex 8.51968 15.2113 13.4
    endloop
  endfacet
  facet normal -0.118377 -0.992969 0
    outer loop
      vertex 8.25388 15.2499 13.4
      vertex 8.38893 15.2338 14
      vertex 8.25388 15.2499 14
    endloop
  endfacet
  facet normal -0.118377 -0.992969 -0
    outer loop
      vertex 8.38893 15.2338 14
      vertex 8.25388 15.2499 13.4
      vertex 8.38893 15.2338 13.4
    endloop
  endfacet
  facet normal -0.0694409 -0.997586 0
    outer loop
      vertex 8.11453 15.2596 13.4
      vertex 8.25388 15.2499 14
      vertex 8.11453 15.2596 14
    endloop
  endfacet
  facet normal -0.0694409 -0.997586 -0
    outer loop
      vertex 8.25388 15.2499 14
      vertex 8.11453 15.2596 13.4
      vertex 8.25388 15.2499 13.4
    endloop
  endfacet
  facet normal -0.0222724 -0.999752 0
    outer loop
      vertex 7.97089 15.2628 13.4
      vertex 8.11453 15.2596 14
      vertex 7.97089 15.2628 14
    endloop
  endfacet
  facet normal -0.0222724 -0.999752 -0
    outer loop
      vertex 8.11453 15.2596 14
      vertex 7.97089 15.2628 13.4
      vertex 8.11453 15.2596 13.4
    endloop
  endfacet
  facet normal 0.0329597 -0.999457 0
    outer loop
      vertex 7.75256 15.2556 13.4
      vertex 7.97089 15.2628 14
      vertex 7.75256 15.2556 14
    endloop
  endfacet
  facet normal 0.0329597 -0.999457 0
    outer loop
      vertex 7.97089 15.2628 14
      vertex 7.75256 15.2556 13.4
      vertex 7.97089 15.2628 13.4
    endloop
  endfacet
  facet normal 0.103117 -0.994669 0
    outer loop
      vertex 7.54517 15.2341 13.4
      vertex 7.75256 15.2556 14
      vertex 7.54517 15.2341 14
    endloop
  endfacet
  facet normal 0.103117 -0.994669 0
    outer loop
      vertex 7.75256 15.2556 14
      vertex 7.54517 15.2341 13.4
      vertex 7.75256 15.2556 13.4
    endloop
  endfacet
  facet normal 0.17974 -0.983714 0
    outer loop
      vertex 7.34869 15.1982 13.4
      vertex 7.54517 15.2341 14
      vertex 7.34869 15.1982 14
    endloop
  endfacet
  facet normal 0.17974 -0.983714 0
    outer loop
      vertex 7.54517 15.2341 14
      vertex 7.34869 15.1982 13.4
      vertex 7.54517 15.2341 13.4
    endloop
  endfacet
  facet normal 0.261171 -0.965293 0
    outer loop
      vertex 7.16315 15.148 13.4
      vertex 7.34869 15.1982 14
      vertex 7.16315 15.148 14
    endloop
  endfacet
  facet normal 0.261171 -0.965293 0
    outer loop
      vertex 7.34869 15.1982 14
      vertex 7.16315 15.148 13.4
      vertex 7.34869 15.1982 13.4
    endloop
  endfacet
  facet normal 0.346964 -0.937878 0
    outer loop
      vertex 6.98853 15.0834 13.4
      vertex 7.16315 15.148 14
      vertex 6.98853 15.0834 14
    endloop
  endfacet
  facet normal 0.346964 -0.937878 0
    outer loop
      vertex 7.16315 15.148 14
      vertex 6.98853 15.0834 13.4
      vertex 7.16315 15.148 13.4
    endloop
  endfacet
  facet normal 0.434626 -0.900611 0
    outer loop
      vertex 6.82483 15.0044 13.4
      vertex 6.98853 15.0834 14
      vertex 6.82483 15.0044 14
    endloop
  endfacet
  facet normal 0.434626 -0.900611 0
    outer loop
      vertex 6.98853 15.0834 14
      vertex 6.82483 15.0044 13.4
      vertex 6.98853 15.0834 13.4
    endloop
  endfacet
  facet normal 0.521208 -0.85343 0
    outer loop
      vertex 6.67206 14.9111 13.4
      vertex 6.82483 15.0044 14
      vertex 6.67206 14.9111 14
    endloop
  endfacet
  facet normal 0.521208 -0.85343 0
    outer loop
      vertex 6.82483 15.0044 14
      vertex 6.67206 14.9111 13.4
      vertex 6.82483 15.0044 13.4
    endloop
  endfacet
  facet normal 0.60435 -0.796719 0
    outer loop
      vertex 6.53021 14.8035 13.4
      vertex 6.67206 14.9111 14
      vertex 6.53021 14.8035 14
    endloop
  endfacet
  facet normal 0.60435 -0.796719 0
    outer loop
      vertex 6.67206 14.9111 14
      vertex 6.53021 14.8035 13.4
      vertex 6.67206 14.9111 13.4
    endloop
  endfacet
  facet normal 0.682099 -0.73126 0
    outer loop
      vertex 6.39931 14.6814 13.4
      vertex 6.53021 14.8035 14
      vertex 6.39931 14.6814 14
    endloop
  endfacet
  facet normal 0.682099 -0.73126 0
    outer loop
      vertex 6.53021 14.8035 14
      vertex 6.39931 14.6814 13.4
      vertex 6.53021 14.8035 13.4
    endloop
  endfacet
  facet normal 0.750841 -0.660483 0
    outer loop
      vertex 6.28082 14.5467 14
      vertex 6.39931 14.6814 13.4
      vertex 6.39931 14.6814 14
    endloop
  endfacet
  facet normal 0.750841 -0.660483 0
    outer loop
      vertex 6.39931 14.6814 13.4
      vertex 6.28082 14.5467 14
      vertex 6.28082 14.5467 13.4
    endloop
  endfacet
  facet normal 0.812874 -0.582439 0
    outer loop
      vertex 6.17628 14.4008 14
      vertex 6.28082 14.5467 13.4
      vertex 6.28082 14.5467 14
    endloop
  endfacet
  facet normal 0.812874 -0.582439 0
    outer loop
      vertex 6.28082 14.5467 13.4
      vertex 6.17628 14.4008 14
      vertex 6.17628 14.4008 13.4
    endloop
  endfacet
  facet normal 0.865993 -0.500057 0
    outer loop
      vertex 6.08568 14.2439 14
      vertex 6.17628 14.4008 13.4
      vertex 6.17628 14.4008 14
    endloop
  endfacet
  facet normal 0.865993 -0.500057 0
    outer loop
      vertex 6.17628 14.4008 13.4
      vertex 6.08568 14.2439 14
      vertex 6.08568 14.2439 13.4
    endloop
  endfacet
  facet normal 0.909854 -0.414928 0
    outer loop
      vertex 6.00902 14.0758 14
      vertex 6.08568 14.2439 13.4
      vertex 6.08568 14.2439 14
    endloop
  endfacet
  facet normal 0.909854 -0.414928 0
    outer loop
      vertex 6.08568 14.2439 13.4
      vertex 6.00902 14.0758 14
      vertex 6.00902 14.0758 13.4
    endloop
  endfacet
  facet normal 0.943842 -0.330397 0
    outer loop
      vertex 5.94629 13.8966 14
      vertex 6.00902 14.0758 13.4
      vertex 6.00902 14.0758 14
    endloop
  endfacet
  facet normal 0.943842 -0.330397 0
    outer loop
      vertex 6.00902 14.0758 13.4
      vertex 5.94629 13.8966 14
      vertex 5.94629 13.8966 13.4
    endloop
  endfacet
  facet normal 0.968682 -0.248304 0
    outer loop
      vertex 5.89751 13.7063 14
      vertex 5.94629 13.8966 13.4
      vertex 5.94629 13.8966 14
    endloop
  endfacet
  facet normal 0.968682 -0.248304 0
    outer loop
      vertex 5.94629 13.8966 13.4
      vertex 5.89751 13.7063 14
      vertex 5.89751 13.7063 13.4
    endloop
  endfacet
  facet normal 0.985357 -0.170505 0
    outer loop
      vertex 5.86266 13.5049 14
      vertex 5.89751 13.7063 13.4
      vertex 5.89751 13.7063 14
    endloop
  endfacet
  facet normal 0.985357 -0.170505 0
    outer loop
      vertex 5.89751 13.7063 13.4
      vertex 5.86266 13.5049 14
      vertex 5.86266 13.5049 13.4
    endloop
  endfacet
  facet normal 0.995194 -0.097927 0
    outer loop
      vertex 5.84175 13.2924 14
      vertex 5.86266 13.5049 13.4
      vertex 5.86266 13.5049 14
    endloop
  endfacet
  facet normal 0.995194 -0.097927 0
    outer loop
      vertex 5.86266 13.5049 13.4
      vertex 5.84175 13.2924 14
      vertex 5.84175 13.2924 13.4
    endloop
  endfacet
  facet normal 0.999515 -0.0311427 0
    outer loop
      vertex 5.83478 13.0687 14
      vertex 5.84175 13.2924 13.4
      vertex 5.84175 13.2924 14
    endloop
  endfacet
  facet normal 0.999515 -0.0311427 0
    outer loop
      vertex 5.84175 13.2924 13.4
      vertex 5.83478 13.0687 14
      vertex 5.83478 13.0687 13.4
    endloop
  endfacet
  facet normal 0.999778 0.021087 0
    outer loop
      vertex 5.83791 12.9203 14
      vertex 5.83478 13.0687 13.4
      vertex 5.83478 13.0687 14
    endloop
  endfacet
  facet normal 0.999778 0.021087 0
    outer loop
      vertex 5.83478 13.0687 13.4
      vertex 5.83791 12.9203 14
      vertex 5.83791 12.9203 13.4
    endloop
  endfacet
  facet normal 0.997894 0.0648666 0
    outer loop
      vertex 5.84729 12.776 14
      vertex 5.83791 12.9203 13.4
      vertex 5.83791 12.9203 14
    endloop
  endfacet
  facet normal 0.997894 0.0648666 0
    outer loop
      vertex 5.83791 12.9203 13.4
      vertex 5.84729 12.776 14
      vertex 5.84729 12.776 13.4
    endloop
  endfacet
  facet normal 0.993834 0.110875 0
    outer loop
      vertex 5.86292 12.6359 14
      vertex 5.84729 12.776 13.4
      vertex 5.84729 12.776 14
    endloop
  endfacet
  facet normal 0.993834 0.110875 0
    outer loop
      vertex 5.84729 12.776 13.4
      vertex 5.86292 12.6359 14
      vertex 5.86292 12.6359 13.4
    endloop
  endfacet
  facet normal 0.987275 0.159025 0
    outer loop
      vertex 5.88481 12.5 14
      vertex 5.86292 12.6359 13.4
      vertex 5.86292 12.6359 14
    endloop
  endfacet
  facet normal 0.987275 0.159025 0
    outer loop
      vertex 5.86292 12.6359 13.4
      vertex 5.88481 12.5 14
      vertex 5.88481 12.5 13.4
    endloop
  endfacet
  facet normal 0.977926 0.208951 0
    outer loop
      vertex 5.91295 12.3683 14
      vertex 5.88481 12.5 13.4
      vertex 5.88481 12.5 14
    endloop
  endfacet
  facet normal 0.977926 0.208951 0
    outer loop
      vertex 5.88481 12.5 13.4
      vertex 5.91295 12.3683 14
      vertex 5.91295 12.3683 13.4
    endloop
  endfacet
  facet normal 0.965547 0.260229 0
    outer loop
      vertex 5.94734 12.2407 14
      vertex 5.91295 12.3683 13.4
      vertex 5.91295 12.3683 14
    endloop
  endfacet
  facet normal 0.965547 0.260229 0
    outer loop
      vertex 5.91295 12.3683 13.4
      vertex 5.94734 12.2407 14
      vertex 5.94734 12.2407 13.4
    endloop
  endfacet
  facet normal 0.949718 0.313107 0
    outer loop
      vertex 5.98799 12.1174 14
      vertex 5.94734 12.2407 13.4
      vertex 5.94734 12.2407 14
    endloop
  endfacet
  facet normal 0.949718 0.313107 0
    outer loop
      vertex 5.94734 12.2407 13.4
      vertex 5.98799 12.1174 14
      vertex 5.98799 12.1174 13.4
    endloop
  endfacet
  facet normal 0.930588 0.366068 0
    outer loop
      vertex 6.03488 11.9982 14
      vertex 5.98799 12.1174 13.4
      vertex 5.98799 12.1174 14
    endloop
  endfacet
  facet normal 0.930588 0.366068 0
    outer loop
      vertex 5.98799 12.1174 13.4
      vertex 6.03488 11.9982 14
      vertex 6.03488 11.9982 13.4
    endloop
  endfacet
  facet normal 0.90771 0.419599 0
    outer loop
      vertex 6.08804 11.8832 14
      vertex 6.03488 11.9982 13.4
      vertex 6.03488 11.9982 14
    endloop
  endfacet
  facet normal 0.90771 0.419599 0
    outer loop
      vertex 6.03488 11.9982 13.4
      vertex 6.08804 11.8832 14
      vertex 6.08804 11.8832 13.4
    endloop
  endfacet
  facet normal 0.880908 0.473288 0
    outer loop
      vertex 6.14714 11.7732 14
      vertex 6.08804 11.8832 13.4
      vertex 6.08804 11.8832 14
    endloop
  endfacet
  facet normal 0.880908 0.473288 0
    outer loop
      vertex 6.08804 11.8832 13.4
      vertex 6.14714 11.7732 14
      vertex 6.14714 11.7732 13.4
    endloop
  endfacet
  facet normal 0.849061 0.528295 0
    outer loop
      vertex 6.21185 11.6692 14
      vertex 6.14714 11.7732 13.4
      vertex 6.14714 11.7732 14
    endloop
  endfacet
  facet normal 0.849061 0.528295 0
    outer loop
      vertex 6.14714 11.7732 13.4
      vertex 6.21185 11.6692 14
      vertex 6.21185 11.6692 13.4
    endloop
  endfacet
  facet normal 0.812758 0.582601 0
    outer loop
      vertex 6.28217 11.5711 14
      vertex 6.21185 11.6692 13.4
      vertex 6.21185 11.6692 14
    endloop
  endfacet
  facet normal 0.812758 0.582601 0
    outer loop
      vertex 6.21185 11.6692 13.4
      vertex 6.28217 11.5711 14
      vertex 6.28217 11.5711 13.4
    endloop
  endfacet
  facet normal 0.771969 0.63566 0
    outer loop
      vertex 6.35809 11.4789 14
      vertex 6.28217 11.5711 13.4
      vertex 6.28217 11.5711 14
    endloop
  endfacet
  facet normal 0.771969 0.63566 0
    outer loop
      vertex 6.28217 11.5711 13.4
      vertex 6.35809 11.4789 14
      vertex 6.35809 11.4789 13.4
    endloop
  endfacet
  facet normal 0.726784 0.686866 0
    outer loop
      vertex 6.43965 11.3926 14
      vertex 6.35809 11.4789 13.4
      vertex 6.35809 11.4789 14
    endloop
  endfacet
  facet normal 0.726784 0.686866 0
    outer loop
      vertex 6.35809 11.4789 13.4
      vertex 6.43965 11.3926 14
      vertex 6.43965 11.3926 13.4
    endloop
  endfacet
  facet normal 0.678112 0.734959 -0
    outer loop
      vertex 6.52679 11.3122 13.4
      vertex 6.43965 11.3926 14
      vertex 6.52679 11.3122 14
    endloop
  endfacet
  facet normal 0.678112 0.734959 0
    outer loop
      vertex 6.43965 11.3926 14
      vertex 6.52679 11.3122 13.4
      vertex 6.43965 11.3926 13.4
    endloop
  endfacet
  facet normal 0.626108 0.779736 -0
    outer loop
      vertex 6.61957 11.2377 13.4
      vertex 6.52679 11.3122 14
      vertex 6.61957 11.2377 14
    endloop
  endfacet
  facet normal 0.626108 0.779736 0
    outer loop
      vertex 6.52679 11.3122 14
      vertex 6.61957 11.2377 13.4
      vertex 6.52679 11.3122 13.4
    endloop
  endfacet
  facet normal 0.571372 0.820691 -0
    outer loop
      vertex 6.71796 11.1692 13.4
      vertex 6.61957 11.2377 14
      vertex 6.71796 11.1692 14
    endloop
  endfacet
  facet normal 0.571372 0.820691 0
    outer loop
      vertex 6.61957 11.2377 14
      vertex 6.71796 11.1692 13.4
      vertex 6.61957 11.2377 13.4
    endloop
  endfacet
  facet normal 0.515743 0.856743 -0
    outer loop
      vertex 6.82195 11.1066 13.4
      vertex 6.71796 11.1692 14
      vertex 6.82195 11.1066 14
    endloop
  endfacet
  facet normal 0.515743 0.856743 0
    outer loop
      vertex 6.71796 11.1692 14
      vertex 6.82195 11.1066 13.4
      vertex 6.71796 11.1692 13.4
    endloop
  endfacet
  facet normal 0.45939 0.888235 -0
    outer loop
      vertex 6.931 11.0502 13.4
      vertex 6.82195 11.1066 14
      vertex 6.931 11.0502 14
    endloop
  endfacet
  facet normal 0.45939 0.888235 0
    outer loop
      vertex 6.82195 11.1066 14
      vertex 6.931 11.0502 13.4
      vertex 6.82195 11.1066 13.4
    endloop
  endfacet
  facet normal 0.401026 0.916067 -0
    outer loop
      vertex 7.04453 11.0005 13.4
      vertex 6.931 11.0502 14
      vertex 7.04453 11.0005 14
    endloop
  endfacet
  facet normal 0.401026 0.916067 0
    outer loop
      vertex 6.931 11.0502 14
      vertex 7.04453 11.0005 13.4
      vertex 6.931 11.0502 13.4
    endloop
  endfacet
  facet normal 0.343034 0.939323 -0
    outer loop
      vertex 7.16255 10.9574 13.4
      vertex 7.04453 11.0005 14
      vertex 7.16255 10.9574 14
    endloop
  endfacet
  facet normal 0.343034 0.939323 0
    outer loop
      vertex 7.04453 11.0005 14
      vertex 7.16255 10.9574 13.4
      vertex 7.04453 11.0005 13.4
    endloop
  endfacet
  facet normal 0.285553 0.958363 -0
    outer loop
      vertex 7.28505 10.9209 13.4
      vertex 7.16255 10.9574 14
      vertex 7.28505 10.9209 14
    endloop
  endfacet
  facet normal 0.285553 0.958363 0
    outer loop
      vertex 7.16255 10.9574 14
      vertex 7.28505 10.9209 13.4
      vertex 7.16255 10.9574 13.4
    endloop
  endfacet
  facet normal 0.228492 0.973546 -0
    outer loop
      vertex 7.41202 10.8911 13.4
      vertex 7.28505 10.9209 14
      vertex 7.41202 10.8911 14
    endloop
  endfacet
  facet normal 0.228492 0.973546 0
    outer loop
      vertex 7.28505 10.9209 14
      vertex 7.41202 10.8911 13.4
      vertex 7.28505 10.9209 13.4
    endloop
  endfacet
  facet normal 0.173781 0.984784 -0
    outer loop
      vertex 7.54349 10.8679 13.4
      vertex 7.41202 10.8911 14
      vertex 7.54349 10.8679 14
    endloop
  endfacet
  facet normal 0.173781 0.984784 0
    outer loop
      vertex 7.41202 10.8911 14
      vertex 7.54349 10.8679 13.4
      vertex 7.41202 10.8911 13.4
    endloop
  endfacet
  facet normal 0.121212 0.992627 -0
    outer loop
      vertex 7.67943 10.8513 13.4
      vertex 7.54349 10.8679 14
      vertex 7.67943 10.8513 14
    endloop
  endfacet
  facet normal 0.121212 0.992627 0
    outer loop
      vertex 7.54349 10.8679 14
      vertex 7.67943 10.8513 13.4
      vertex 7.54349 10.8679 13.4
    endloop
  endfacet
  facet normal 0.0703282 0.997524 -0
    outer loop
      vertex 7.81985 10.8414 13.4
      vertex 7.67943 10.8513 14
      vertex 7.81985 10.8414 14
    endloop
  endfacet
  facet normal 0.0703282 0.997524 0
    outer loop
      vertex 7.67943 10.8513 14
      vertex 7.81985 10.8414 13.4
      vertex 7.67943 10.8513 13.4
    endloop
  endfacet
  facet normal 0.0234548 0.999725 -0
    outer loop
      vertex 7.96477 10.838 13.4
      vertex 7.81985 10.8414 14
      vertex 7.96477 10.838 14
    endloop
  endfacet
  facet normal 0.0234548 0.999725 0
    outer loop
      vertex 7.81985 10.8414 14
      vertex 7.96477 10.838 13.4
      vertex 7.81985 10.8414 13.4
    endloop
  endfacet
  facet normal -0.0236637 0.99972 0
    outer loop
      vertex 8.10841 10.8414 13.4
      vertex 7.96477 10.838 14
      vertex 8.10841 10.8414 14
    endloop
  endfacet
  facet normal -0.0236637 0.99972 0
    outer loop
      vertex 7.96477 10.838 14
      vertex 8.10841 10.8414 13.4
      vertex 7.96477 10.838 13.4
    endloop
  endfacet
  facet normal -0.117282 -0.993099 0
    outer loop
      vertex 7.65892 11.3345 13.4
      vertex 7.80795 11.3169 14
      vertex 7.65892 11.3345 14
    endloop
  endfacet
  facet normal -0.117282 -0.993099 -0
    outer loop
      vertex 7.80795 11.3169 14
      vertex 7.65892 11.3345 13.4
      vertex 7.80795 11.3169 13.4
    endloop
  endfacet
  facet normal -0.203151 -0.979147 0
    outer loop
      vertex 7.5177 11.3638 13.4
      vertex 7.65892 11.3345 14
      vertex 7.5177 11.3638 14
    endloop
  endfacet
  facet normal -0.203151 -0.979147 -0
    outer loop
      vertex 7.65892 11.3345 14
      vertex 7.5177 11.3638 13.4
      vertex 7.65892 11.3345 13.4
    endloop
  endfacet
  facet normal -0.293743 -0.955884 0
    outer loop
      vertex 7.38428 11.4048 13.4
      vertex 7.5177 11.3638 14
      vertex 7.38428 11.4048 14
    endloop
  endfacet
  facet normal -0.293743 -0.955884 -0
    outer loop
      vertex 7.5177 11.3638 14
      vertex 7.38428 11.4048 13.4
      vertex 7.5177 11.3638 13.4
    endloop
  endfacet
  facet normal -0.386829 -0.922151 0
    outer loop
      vertex 7.25865 11.4575 13.4
      vertex 7.38428 11.4048 14
      vertex 7.25865 11.4575 14
    endloop
  endfacet
  facet normal -0.386829 -0.922151 -0
    outer loop
      vertex 7.38428 11.4048 14
      vertex 7.25865 11.4575 13.4
      vertex 7.38428 11.4048 13.4
    endloop
  endfacet
  facet normal -0.479593 -0.877491 0
    outer loop
      vertex 7.14082 11.5219 13.4
      vertex 7.25865 11.4575 14
      vertex 7.14082 11.5219 14
    endloop
  endfacet
  facet normal -0.479593 -0.877491 -0
    outer loop
      vertex 7.25865 11.4575 14
      vertex 7.14082 11.5219 13.4
      vertex 7.25865 11.4575 13.4
    endloop
  endfacet
  facet normal -0.569338 -0.822103 0
    outer loop
      vertex 7.03079 11.5981 13.4
      vertex 7.14082 11.5219 14
      vertex 7.03079 11.5981 14
    endloop
  endfacet
  facet normal -0.569338 -0.822103 -0
    outer loop
      vertex 7.14082 11.5219 14
      vertex 7.03079 11.5981 13.4
      vertex 7.14082 11.5219 13.4
    endloop
  endfacet
  facet normal -0.651573 -0.758586 0
    outer loop
      vertex 6.92857 11.6859 13.4
      vertex 7.03079 11.5981 14
      vertex 6.92857 11.6859 14
    endloop
  endfacet
  facet normal -0.651573 -0.758586 -0
    outer loop
      vertex 7.03079 11.5981 14
      vertex 6.92857 11.6859 13.4
      vertex 7.03079 11.5981 13.4
    endloop
  endfacet
  facet normal -0.72569 -0.688021 0
    outer loop
      vertex 6.92857 11.6859 13.4
      vertex 6.83414 11.7855 14
      vertex 6.83414 11.7855 13.4
    endloop
  endfacet
  facet normal -0.72569 -0.688021 0
    outer loop
      vertex 6.83414 11.7855 14
      vertex 6.92857 11.6859 13.4
      vertex 6.92857 11.6859 14
    endloop
  endfacet
  facet normal -0.78846 -0.615085 0
    outer loop
      vertex 6.83414 11.7855 13.4
      vertex 6.74864 11.8951 14
      vertex 6.74864 11.8951 13.4
    endloop
  endfacet
  facet normal -0.78846 -0.615085 0
    outer loop
      vertex 6.74864 11.8951 14
      vertex 6.83414 11.7855 13.4
      vertex 6.83414 11.7855 14
    endloop
  endfacet
  facet normal -0.842116 -0.539297 0
    outer loop
      vertex 6.74864 11.8951 13.4
      vertex 6.6732 12.0129 14
      vertex 6.6732 12.0129 13.4
    endloop
  endfacet
  facet normal -0.842116 -0.539297 0
    outer loop
      vertex 6.6732 12.0129 14
      vertex 6.74864 11.8951 13.4
      vertex 6.74864 11.8951 14
    endloop
  endfacet
  facet normal -0.887769 -0.460288 0
    outer loop
      vertex 6.6732 12.0129 13.4
      vertex 6.60782 12.139 14
      vertex 6.60782 12.139 13.4
    endloop
  endfacet
  facet normal -0.887769 -0.460288 0
    outer loop
      vertex 6.60782 12.139 14
      vertex 6.6732 12.0129 13.4
      vertex 6.6732 12.0129 14
    endloop
  endfacet
  facet normal -0.924605 -0.380926 0
    outer loop
      vertex 6.60782 12.139 13.4
      vertex 6.55249 12.2733 14
      vertex 6.55249 12.2733 13.4
    endloop
  endfacet
  facet normal -0.924605 -0.380926 0
    outer loop
      vertex 6.55249 12.2733 14
      vertex 6.60782 12.139 13.4
      vertex 6.60782 12.139 14
    endloop
  endfacet
  facet normal -0.953143 -0.302519 0
    outer loop
      vertex 6.55249 12.2733 13.4
      vertex 6.50723 12.4159 14
      vertex 6.50723 12.4159 13.4
    endloop
  endfacet
  facet normal -0.953143 -0.302519 0
    outer loop
      vertex 6.50723 12.4159 14
      vertex 6.55249 12.2733 13.4
      vertex 6.55249 12.2733 14
    endloop
  endfacet
  facet normal -0.973808 -0.227373 0
    outer loop
      vertex 6.50723 12.4159 13.4
      vertex 6.47202 12.5667 14
      vertex 6.47202 12.5667 13.4
    endloop
  endfacet
  facet normal -0.973808 -0.227373 0
    outer loop
      vertex 6.47202 12.5667 14
      vertex 6.50723 12.4159 13.4
      vertex 6.50723 12.4159 14
    endloop
  endfacet
  facet normal -0.987735 -0.156138 0
    outer loop
      vertex 6.47202 12.5667 13.4
      vertex 6.44687 12.7258 14
      vertex 6.44687 12.7258 13.4
    endloop
  endfacet
  facet normal -0.987735 -0.156138 0
    outer loop
      vertex 6.44687 12.7258 14
      vertex 6.47202 12.5667 13.4
      vertex 6.47202 12.5667 14
    endloop
  endfacet
  facet normal -0.995967 -0.0897203 0
    outer loop
      vertex 6.44687 12.7258 13.4
      vertex 6.43179 12.8932 14
      vertex 6.43179 12.8932 13.4
    endloop
  endfacet
  facet normal -0.995967 -0.0897203 0
    outer loop
      vertex 6.43179 12.8932 14
      vertex 6.44687 12.7258 13.4
      vertex 6.44687 12.7258 14
    endloop
  endfacet
  facet normal -0.99959 -0.0286492 0
    outer loop
      vertex 6.43179 12.8932 13.4
      vertex 6.42676 13.0687 14
      vertex 6.42676 13.0687 13.4
    endloop
  endfacet
  facet normal -0.99959 -0.0286492 0
    outer loop
      vertex 6.42676 13.0687 14
      vertex 6.43179 12.8932 13.4
      vertex 6.43179 12.8932 14
    endloop
  endfacet
  facet normal -0.999604 0.0281316 0
    outer loop
      vertex 6.42676 13.0687 13.4
      vertex 6.43173 13.2453 14
      vertex 6.43173 13.2453 13.4
    endloop
  endfacet
  facet normal -0.999604 0.0281316 0
    outer loop
      vertex 6.43173 13.2453 14
      vertex 6.42676 13.0687 13.4
      vertex 6.42676 13.0687 14
    endloop
  endfacet
  facet normal -0.996056 0.0887298 0
    outer loop
      vertex 6.43173 13.2453 13.4
      vertex 6.44666 13.4129 14
      vertex 6.44666 13.4129 13.4
    endloop
  endfacet
  facet normal -0.996056 0.0887298 0
    outer loop
      vertex 6.44666 13.4129 14
      vertex 6.43173 13.2453 13.4
      vertex 6.43173 13.2453 14
    endloop
  endfacet
  facet normal -0.987962 0.1547 0
    outer loop
      vertex 6.44666 13.4129 13.4
      vertex 6.47151 13.5716 14
      vertex 6.47151 13.5716 13.4
    endloop
  endfacet
  facet normal -0.987962 0.1547 0
    outer loop
      vertex 6.47151 13.5716 14
      vertex 6.44666 13.4129 13.4
      vertex 6.44666 13.4129 14
    endloop
  endfacet
  facet normal -0.97398 0.226633 0
    outer loop
      vertex 6.47151 13.5716 13.4
      vertex 6.50632 13.7212 14
      vertex 6.50632 13.7212 13.4
    endloop
  endfacet
  facet normal -0.97398 0.226633 0
    outer loop
      vertex 6.50632 13.7212 14
      vertex 6.47151 13.5716 13.4
      vertex 6.47151 13.5716 14
    endloop
  endfacet
  facet normal -0.953024 0.302896 0
    outer loop
      vertex 6.50632 13.7212 13.4
      vertex 6.55107 13.862 14
      vertex 6.55107 13.862 13.4
    endloop
  endfacet
  facet normal -0.953024 0.302896 0
    outer loop
      vertex 6.55107 13.862 14
      vertex 6.50632 13.7212 13.4
      vertex 6.50632 13.7212 14
    endloop
  endfacet
  facet normal -0.923512 0.38357 0
    outer loop
      vertex 6.55107 13.862 13.4
      vertex 6.60577 13.9937 14
      vertex 6.60577 13.9937 13.4
    endloop
  endfacet
  facet normal -0.923512 0.38357 0
    outer loop
      vertex 6.60577 13.9937 14
      vertex 6.55107 13.862 13.4
      vertex 6.55107 13.862 14
    endloop
  endfacet
  facet normal -0.884834 0.465907 0
    outer loop
      vertex 6.60577 13.9937 13.4
      vertex 6.67043 14.1165 14
      vertex 6.67043 14.1165 13.4
    endloop
  endfacet
  facet normal -0.884834 0.465907 0
    outer loop
      vertex 6.67043 14.1165 14
      vertex 6.60577 13.9937 13.4
      vertex 6.60577 13.9937 14
    endloop
  endfacet
  facet normal -0.836389 0.548136 0
    outer loop
      vertex 6.67043 14.1165 13.4
      vertex 6.74501 14.2303 14
      vertex 6.74501 14.2303 13.4
    endloop
  endfacet
  facet normal -0.836389 0.548136 0
    outer loop
      vertex 6.74501 14.2303 14
      vertex 6.67043 14.1165 13.4
      vertex 6.67043 14.1165 14
    endloop
  endfacet
  facet normal -0.778363 0.627815 0
    outer loop
      vertex 6.74501 14.2303 13.4
      vertex 6.82954 14.3351 14
      vertex 6.82954 14.3351 13.4
    endloop
  endfacet
  facet normal -0.778363 0.627815 0
    outer loop
      vertex 6.82954 14.3351 14
      vertex 6.74501 14.2303 13.4
      vertex 6.74501 14.2303 14
    endloop
  endfacet
  facet normal -0.711296 0.702893 0
    outer loop
      vertex 6.82954 14.3351 13.4
      vertex 6.92322 14.4299 14
      vertex 6.92322 14.4299 13.4
    endloop
  endfacet
  facet normal -0.711296 0.702893 0
    outer loop
      vertex 6.92322 14.4299 14
      vertex 6.82954 14.3351 13.4
      vertex 6.82954 14.3351 14
    endloop
  endfacet
  facet normal -0.634121 0.773234 0
    outer loop
      vertex 7.02516 14.5135 13.4
      vertex 6.92322 14.4299 14
      vertex 7.02516 14.5135 14
    endloop
  endfacet
  facet normal -0.634121 0.773234 0
    outer loop
      vertex 6.92322 14.4299 14
      vertex 7.02516 14.5135 13.4
      vertex 6.92322 14.4299 13.4
    endloop
  endfacet
  facet normal -0.549443 0.835532 0
    outer loop
      vertex 7.13541 14.586 13.4
      vertex 7.02516 14.5135 14
      vertex 7.13541 14.586 14
    endloop
  endfacet
  facet normal -0.549443 0.835532 0
    outer loop
      vertex 7.02516 14.5135 14
      vertex 7.13541 14.586 13.4
      vertex 7.02516 14.5135 13.4
    endloop
  endfacet
  facet normal -0.459963 0.887938 0
    outer loop
      vertex 7.25394 14.6474 13.4
      vertex 7.13541 14.586 14
      vertex 7.25394 14.6474 14
    endloop
  endfacet
  facet normal -0.459963 0.887938 0
    outer loop
      vertex 7.13541 14.586 14
      vertex 7.25394 14.6474 13.4
      vertex 7.13541 14.586 13.4
    endloop
  endfacet
  facet normal -0.367442 0.930046 0
    outer loop
      vertex 7.38075 14.6975 13.4
      vertex 7.25394 14.6474 14
      vertex 7.38075 14.6975 14
    endloop
  endfacet
  facet normal -0.367442 0.930046 0
    outer loop
      vertex 7.25394 14.6474 14
      vertex 7.38075 14.6975 13.4
      vertex 7.25394 14.6474 13.4
    endloop
  endfacet
  facet normal -0.278006 0.960579 0
    outer loop
      vertex 7.51585 14.7366 13.4
      vertex 7.38075 14.6975 14
      vertex 7.51585 14.7366 14
    endloop
  endfacet
  facet normal -0.278006 0.960579 0
    outer loop
      vertex 7.38075 14.6975 14
      vertex 7.51585 14.7366 13.4
      vertex 7.38075 14.6975 13.4
    endloop
  endfacet
  facet normal -0.190333 0.98172 0
    outer loop
      vertex 7.65924 14.7644 13.4
      vertex 7.51585 14.7366 14
      vertex 7.65924 14.7644 14
    endloop
  endfacet
  facet normal -0.190333 0.98172 0
    outer loop
      vertex 7.51585 14.7366 14
      vertex 7.65924 14.7644 13.4
      vertex 7.51585 14.7366 13.4
    endloop
  endfacet
  facet normal -0.110093 0.993921 0
    outer loop
      vertex 7.81091 14.7812 13.4
      vertex 7.65924 14.7644 14
      vertex 7.81091 14.7812 14
    endloop
  endfacet
  facet normal -0.110093 0.993921 0
    outer loop
      vertex 7.65924 14.7644 14
      vertex 7.81091 14.7812 13.4
      vertex 7.65924 14.7644 13.4
    endloop
  endfacet
  facet normal -0.034359 0.99941 0
    outer loop
      vertex 7.97089 14.7867 13.4
      vertex 7.81091 14.7812 14
      vertex 7.97089 14.7867 14
    endloop
  endfacet
  facet normal -0.034359 0.99941 0
    outer loop
      vertex 7.81091 14.7812 14
      vertex 7.97089 14.7867 13.4
      vertex 7.81091 14.7812 13.4
    endloop
  endfacet
  facet normal 0.0352736 0.999378 -0
    outer loop
      vertex 8.12955 14.7811 13.4
      vertex 7.97089 14.7867 14
      vertex 8.12955 14.7811 14
    endloop
  endfacet
  facet normal 0.0352736 0.999378 0
    outer loop
      vertex 7.97089 14.7867 14
      vertex 8.12955 14.7811 13.4
      vertex 7.97089 14.7867 13.4
    endloop
  endfacet
  facet normal 0.112258 0.993679 -0
    outer loop
      vertex 8.28003 14.7641 13.4
      vertex 8.12955 14.7811 14
      vertex 8.28003 14.7641 14
    endloop
  endfacet
  facet normal 0.112258 0.993679 0
    outer loop
      vertex 8.12955 14.7811 14
      vertex 8.28003 14.7641 13.4
      vertex 8.12955 14.7811 13.4
    endloop
  endfacet
  facet normal 0.194366 0.980929 -0
    outer loop
      vertex 8.42235 14.7359 13.4
      vertex 8.28003 14.7641 14
      vertex 8.42235 14.7359 14
    endloop
  endfacet
  facet normal 0.194366 0.980929 0
    outer loop
      vertex 8.28003 14.7641 14
      vertex 8.42235 14.7359 13.4
      vertex 8.28003 14.7641 13.4
    endloop
  endfacet
  facet normal 0.283134 0.95908 -0
    outer loop
      vertex 8.55649 14.6963 13.4
      vertex 8.42235 14.7359 14
      vertex 8.55649 14.6963 14
    endloop
  endfacet
  facet normal 0.283134 0.95908 0
    outer loop
      vertex 8.42235 14.7359 14
      vertex 8.55649 14.6963 13.4
      vertex 8.42235 14.7359 13.4
    endloop
  endfacet
  facet normal 0.37403 0.927417 -0
    outer loop
      vertex 8.68245 14.6455 13.4
      vertex 8.55649 14.6963 14
      vertex 8.68245 14.6455 14
    endloop
  endfacet
  facet normal 0.37403 0.927417 0
    outer loop
      vertex 8.55649 14.6963 14
      vertex 8.68245 14.6455 13.4
      vertex 8.55649 14.6963 13.4
    endloop
  endfacet
  facet normal 0.466984 0.884266 -0
    outer loop
      vertex 8.80023 14.5833 13.4
      vertex 8.68245 14.6455 14
      vertex 8.80023 14.5833 14
    endloop
  endfacet
  facet normal 0.466984 0.884266 0
    outer loop
      vertex 8.68245 14.6455 14
      vertex 8.80023 14.5833 13.4
      vertex 8.68245 14.6455 13.4
    endloop
  endfacet
  facet normal 0.556936 0.830555 -0
    outer loop
      vertex 8.90984 14.5098 13.4
      vertex 8.80023 14.5833 14
      vertex 8.90984 14.5098 14
    endloop
  endfacet
  facet normal 0.556936 0.830555 0
    outer loop
      vertex 8.80023 14.5833 14
      vertex 8.90984 14.5098 13.4
      vertex 8.80023 14.5833 13.4
    endloop
  endfacet
  facet normal 0.640928 0.767601 -0
    outer loop
      vertex 9.01128 14.4251 13.4
      vertex 8.90984 14.5098 14
      vertex 9.01128 14.4251 14
    endloop
  endfacet
  facet normal 0.640928 0.767601 0
    outer loop
      vertex 8.90984 14.5098 14
      vertex 9.01128 14.4251 13.4
      vertex 8.90984 14.5098 13.4
    endloop
  endfacet
  facet normal 0.717706 0.696346 0
    outer loop
      vertex 9.10452 14.329 14
      vertex 9.01128 14.4251 13.4
      vertex 9.01128 14.4251 14
    endloop
  endfacet
  facet normal 0.717706 0.696346 0
    outer loop
      vertex 9.01128 14.4251 13.4
      vertex 9.10452 14.329 14
      vertex 9.10452 14.329 13.4
    endloop
  endfacet
  facet normal 0.782954 0.622079 0
    outer loop
      vertex 9.18874 14.223 14
      vertex 9.10452 14.329 13.4
      vertex 9.10452 14.329 14
    endloop
  endfacet
  facet normal 0.782954 0.622079 0
    outer loop
      vertex 9.10452 14.329 13.4
      vertex 9.18874 14.223 14
      vertex 9.18874 14.223 13.4
    endloop
  endfacet
  facet normal 0.838828 0.544396 0
    outer loop
      vertex 9.26305 14.1085 14
      vertex 9.18874 14.223 13.4
      vertex 9.18874 14.223 14
    endloop
  endfacet
  facet normal 0.838828 0.544396 0
    outer loop
      vertex 9.18874 14.223 13.4
      vertex 9.26305 14.1085 14
      vertex 9.26305 14.1085 13.4
    endloop
  endfacet
  facet normal 0.885916 0.463846 0
    outer loop
      vertex 9.32745 13.9855 14
      vertex 9.26305 14.1085 13.4
      vertex 9.26305 14.1085 14
    endloop
  endfacet
  facet normal 0.885916 0.463846 0
    outer loop
      vertex 9.26305 14.1085 13.4
      vertex 9.32745 13.9855 14
      vertex 9.32745 13.9855 13.4
    endloop
  endfacet
  facet normal 0.923828 0.382809 0
    outer loop
      vertex 9.38194 13.854 14
      vertex 9.32745 13.9855 13.4
      vertex 9.32745 13.9855 14
    endloop
  endfacet
  facet normal 0.923828 0.382809 0
    outer loop
      vertex 9.32745 13.9855 13.4
      vertex 9.38194 13.854 14
      vertex 9.38194 13.854 13.4
    endloop
  endfacet
  facet normal 0.952838 0.303479 0
    outer loop
      vertex 9.42653 13.714 14
      vertex 9.38194 13.854 13.4
      vertex 9.38194 13.854 14
    endloop
  endfacet
  facet normal 0.952838 0.303479 0
    outer loop
      vertex 9.38194 13.854 13.4
      vertex 9.42653 13.714 14
      vertex 9.42653 13.714 13.4
    endloop
  endfacet
  facet normal 0.973832 0.227271 0
    outer loop
      vertex 9.46121 13.5654 14
      vertex 9.42653 13.714 13.4
      vertex 9.42653 13.714 14
    endloop
  endfacet
  facet normal 0.973832 0.227271 0
    outer loop
      vertex 9.42653 13.714 13.4
      vertex 9.46121 13.5654 14
      vertex 9.46121 13.5654 13.4
    endloop
  endfacet
  facet normal 0.987782 0.155843 0
    outer loop
      vertex 9.48598 13.4084 14
      vertex 9.46121 13.5654 13.4
      vertex 9.46121 13.5654 14
    endloop
  endfacet
  facet normal 0.987782 0.155843 0
    outer loop
      vertex 9.46121 13.5654 13.4
      vertex 9.48598 13.4084 14
      vertex 9.48598 13.4084 13.4
    endloop
  endfacet
  facet normal 0.995998 0.0893752 0
    outer loop
      vertex 9.50084 13.2428 14
      vertex 9.48598 13.4084 13.4
      vertex 9.48598 13.4084 14
    endloop
  endfacet
  facet normal 0.995998 0.0893752 0
    outer loop
      vertex 9.48598 13.4084 13.4
      vertex 9.50084 13.2428 14
      vertex 9.50084 13.2428 13.4
    endloop
  endfacet
  facet normal 0.999594 0.0284778 0
    outer loop
      vertex 9.5058 13.0687 14
      vertex 9.50084 13.2428 13.4
      vertex 9.50084 13.2428 14
    endloop
  endfacet
  facet normal 0.999594 0.0284778 0
    outer loop
      vertex 9.50084 13.2428 13.4
      vertex 9.5058 13.0687 14
      vertex 9.5058 13.0687 13.4
    endloop
  endfacet
  facet normal 0.999633 -0.0271077 0
    outer loop
      vertex 9.50087 12.8869 14
      vertex 9.5058 13.0687 13.4
      vertex 9.5058 13.0687 14
    endloop
  endfacet
  facet normal 0.999633 -0.0271077 0
    outer loop
      vertex 9.5058 13.0687 13.4
      vertex 9.50087 12.8869 14
      vertex 9.50087 12.8869 13.4
    endloop
  endfacet
  facet normal 0.996365 -0.085188 0
    outer loop
      vertex 9.48613 12.7145 14
      vertex 9.50087 12.8869 13.4
      vertex 9.50087 12.8869 14
    endloop
  endfacet
  facet normal 0.996365 -0.085188 0
    outer loop
      vertex 9.50087 12.8869 13.4
      vertex 9.48613 12.7145 14
      vertex 9.48613 12.7145 13.4
    endloop
  endfacet
  facet normal 0.98882 -0.149112 0
    outer loop
      vertex 9.46155 12.5515 14
      vertex 9.48613 12.7145 13.4
      vertex 9.48613 12.7145 14
    endloop
  endfacet
  facet normal 0.98882 -0.149112 0
    outer loop
      vertex 9.48613 12.7145 13.4
      vertex 9.46155 12.5515 14
      vertex 9.46155 12.5515 13.4
    endloop
  endfacet
  facet normal 0.975817 -0.218591 0
    outer loop
      vertex 9.42712 12.3978 14
      vertex 9.46155 12.5515 13.4
      vertex 9.46155 12.5515 14
    endloop
  endfacet
  facet normal 0.975817 -0.218591 0
    outer loop
      vertex 9.46155 12.5515 13.4
      vertex 9.42712 12.3978 14
      vertex 9.42712 12.3978 13.4
    endloop
  endfacet
  facet normal 0.956001 -0.293364 0
    outer loop
      vertex 9.38287 12.2536 14
      vertex 9.42712 12.3978 13.4
      vertex 9.42712 12.3978 14
    endloop
  endfacet
  facet normal 0.956001 -0.293364 0
    outer loop
      vertex 9.42712 12.3978 13.4
      vertex 9.38287 12.2536 14
      vertex 9.38287 12.2536 13.4
    endloop
  endfacet
  facet normal 0.928215 -0.372043 0
    outer loop
      vertex 9.3288 12.1187 14
      vertex 9.38287 12.2536 13.4
      vertex 9.38287 12.2536 14
    endloop
  endfacet
  facet normal 0.928215 -0.372043 0
    outer loop
      vertex 9.38287 12.2536 13.4
      vertex 9.3288 12.1187 14
      vertex 9.3288 12.1187 13.4
    endloop
  endfacet
  facet normal 0.891226 -0.45356 0
    outer loop
      vertex 9.26488 11.9931 14
      vertex 9.3288 12.1187 13.4
      vertex 9.3288 12.1187 14
    endloop
  endfacet
  facet normal 0.891226 -0.45356 0
    outer loop
      vertex 9.3288 12.1187 13.4
      vertex 9.26488 11.9931 14
      vertex 9.26488 11.9931 13.4
    endloop
  endfacet
  facet normal 0.844095 -0.536193 0
    outer loop
      vertex 9.19113 11.877 14
      vertex 9.26488 11.9931 13.4
      vertex 9.26488 11.9931 14
    endloop
  endfacet
  facet normal 0.844095 -0.536193 0
    outer loop
      vertex 9.26488 11.9931 13.4
      vertex 9.19113 11.877 14
      vertex 9.19113 11.877 13.4
    endloop
  endfacet
  facet normal 0.787198 -0.6167 0
    outer loop
      vertex 9.10754 11.7703 14
      vertex 9.19113 11.877 13.4
      vertex 9.19113 11.877 14
    endloop
  endfacet
  facet normal 0.787198 -0.6167 0
    outer loop
      vertex 9.19113 11.877 13.4
      vertex 9.10754 11.7703 14
      vertex 9.10754 11.7703 13.4
    endloop
  endfacet
  facet normal 0.720543 -0.69341 0
    outer loop
      vertex 9.01477 11.6739 14
      vertex 9.10754 11.7703 13.4
      vertex 9.10754 11.7703 14
    endloop
  endfacet
  facet normal 0.720543 -0.69341 0
    outer loop
      vertex 9.10754 11.7703 13.4
      vertex 9.01477 11.6739 14
      vertex 9.01477 11.6739 13.4
    endloop
  endfacet
  facet normal 0.64271 -0.76611 0
    outer loop
      vertex 8.91345 11.5889 13.4
      vertex 9.01477 11.6739 14
      vertex 8.91345 11.5889 14
    endloop
  endfacet
  facet normal 0.64271 -0.76611 0
    outer loop
      vertex 9.01477 11.6739 14
      vertex 8.91345 11.5889 13.4
      vertex 9.01477 11.6739 13.4
    endloop
  endfacet
  facet normal 0.557105 -0.830442 0
    outer loop
      vertex 8.80359 11.5152 13.4
      vertex 8.91345 11.5889 14
      vertex 8.80359 11.5152 14
    endloop
  endfacet
  facet normal 0.557105 -0.830442 0
    outer loop
      vertex 8.91345 11.5889 14
      vertex 8.80359 11.5152 13.4
      vertex 8.91345 11.5889 13.4
    endloop
  endfacet
  facet normal 0.466177 -0.884691 0
    outer loop
      vertex 8.68517 11.4528 13.4
      vertex 8.80359 11.5152 14
      vertex 8.68517 11.4528 14
    endloop
  endfacet
  facet normal 0.466177 -0.884691 0
    outer loop
      vertex 8.80359 11.5152 14
      vertex 8.68517 11.4528 13.4
      vertex 8.80359 11.5152 13.4
    endloop
  endfacet
  facet normal 0.373304 -0.927709 0
    outer loop
      vertex 8.55818 11.4017 13.4
      vertex 8.68517 11.4528 14
      vertex 8.55818 11.4017 14
    endloop
  endfacet
  facet normal 0.373304 -0.927709 0
    outer loop
      vertex 8.68517 11.4528 14
      vertex 8.55818 11.4017 13.4
      vertex 8.68517 11.4528 13.4
    endloop
  endfacet
  facet normal 0.280498 -0.959855 0
    outer loop
      vertex 8.42267 11.3621 13.4
      vertex 8.55818 11.4017 14
      vertex 8.42267 11.3621 14
    endloop
  endfacet
  facet normal 0.280498 -0.959855 0
    outer loop
      vertex 8.55818 11.4017 14
      vertex 8.42267 11.3621 13.4
      vertex 8.55818 11.4017 13.4
    endloop
  endfacet
  facet normal 0.193379 -0.981124 0
    outer loop
      vertex 8.27858 11.3337 13.4
      vertex 8.42267 11.3621 14
      vertex 8.27858 11.3337 14
    endloop
  endfacet
  facet normal 0.193379 -0.981124 0
    outer loop
      vertex 8.42267 11.3621 14
      vertex 8.27858 11.3337 13.4
      vertex 8.42267 11.3621 13.4
    endloop
  endfacet
  facet normal 0.110696 -0.993854 0
    outer loop
      vertex 8.12595 11.3167 13.4
      vertex 8.27858 11.3337 14
      vertex 8.12595 11.3167 14
    endloop
  endfacet
  facet normal 0.110696 -0.993854 0
    outer loop
      vertex 8.27858 11.3337 14
      vertex 8.12595 11.3167 13.4
      vertex 8.27858 11.3337 13.4
    endloop
  endfacet
  facet normal 0.0347228 -0.999397 0
    outer loop
      vertex 7.96477 11.3111 13.4
      vertex 8.12595 11.3167 14
      vertex 7.96477 11.3111 14
    endloop
  endfacet
  facet normal 0.0347228 -0.999397 0
    outer loop
      vertex 8.12595 11.3167 14
      vertex 7.96477 11.3111 13.4
      vertex 8.12595 11.3167 13.4
    endloop
  endfacet
  facet normal -0.0369598 -0.999317 0
    outer loop
      vertex 7.80795 11.3169 13.4
      vertex 7.96477 11.3111 14
      vertex 7.80795 11.3169 14
    endloop
  endfacet
  facet normal -0.0369598 -0.999317 -0
    outer loop
      vertex 7.96477 11.3111 14
      vertex 7.80795 11.3169 13.4
      vertex 7.96477 11.3111 13.4
    endloop
  endfacet
  facet normal -0.999774 -0.0212812 0
    outer loop
      vertex -19.432 13.8933 13.4
      vertex -19.4416 14.3443 14
      vertex -19.4416 14.3443 13.4
    endloop
  endfacet
  facet normal -0.999774 -0.0212812 0
    outer loop
      vertex -19.4416 14.3443 14
      vertex -19.432 13.8933 13.4
      vertex -19.432 13.8933 14
    endloop
  endfacet
  facet normal -0.999639 -0.0268577 0
    outer loop
      vertex -19.4416 14.3443 13.4
      vertex -19.4507 14.683 14
      vertex -19.4507 14.683 13.4
    endloop
  endfacet
  facet normal -0.999639 -0.0268577 0
    outer loop
      vertex -19.4507 14.683 14
      vertex -19.4416 14.3443 13.4
      vertex -19.4416 14.3443 14
    endloop
  endfacet
  facet normal 0.957834 0.287322 0
    outer loop
      vertex -19.35 14.3473 14
      vertex -19.4507 14.683 13.4
      vertex -19.4507 14.683 14
    endloop
  endfacet
  facet normal 0.957834 0.287322 0
    outer loop
      vertex -19.4507 14.683 13.4
      vertex -19.35 14.3473 14
      vertex -19.35 14.3473 13.4
    endloop
  endfacet
  facet normal 0.949831 0.312765 0
    outer loop
      vertex -19.1792 13.8286 14
      vertex -19.35 14.3473 13.4
      vertex -19.35 14.3473 14
    endloop
  endfacet
  facet normal 0.949831 0.312765 0
    outer loop
      vertex -19.35 14.3473 13.4
      vertex -19.1792 13.8286 14
      vertex -19.1792 13.8286 13.4
    endloop
  endfacet
  facet normal 0.933413 0.358804 0
    outer loop
      vertex -18.0531 10.8991 14
      vertex -19.1792 13.8286 13.4
      vertex -19.1792 13.8286 14
    endloop
  endfacet
  facet normal 0.933413 0.358804 0
    outer loop
      vertex -19.1792 13.8286 13.4
      vertex -18.0531 10.8991 14
      vertex -18.0531 10.8991 13.4
    endloop
  endfacet
  facet normal 0 1 -0
    outer loop
      vertex -17.6442 10.8991 13.4
      vertex -18.0531 10.8991 14
      vertex -17.6442 10.8991 14
    endloop
  endfacet
  facet normal 0 1 0
    outer loop
      vertex -18.0531 10.8991 14
      vertex -17.6442 10.8991 13.4
      vertex -18.0531 10.8991 13.4
    endloop
  endfacet
  facet normal -0.935039 0.354546 0
    outer loop
      vertex -17.6442 10.8991 13.4
      vertex -16.5334 13.8286 14
      vertex -16.5334 13.8286 13.4
    endloop
  endfacet
  facet normal -0.935039 0.354546 0
    outer loop
      vertex -16.5334 13.8286 14
      vertex -17.6442 10.8991 13.4
      vertex -17.6442 10.8991 14
    endloop
  endfacet
  facet normal -0.936221 0.351411 0
    outer loop
      vertex -16.5334 13.8286 13.4
      vertex -16.5066 13.9 14
      vertex -16.5066 13.9 13.4
    endloop
  endfacet
  facet normal -0.936221 0.351411 0
    outer loop
      vertex -16.5066 13.9 14
      vertex -16.5334 13.8286 13.4
      vertex -16.5334 13.8286 14
    endloop
  endfacet
  facet normal -0.941769 0.336259 0
    outer loop
      vertex -16.5066 13.9 13.4
      vertex -16.479 13.9773 14
      vertex -16.479 13.9773 13.4
    endloop
  endfacet
  facet normal -0.941769 0.336259 0
    outer loop
      vertex -16.479 13.9773 14
      vertex -16.5066 13.9 13.4
      vertex -16.5066 13.9 14
    endloop
  endfacet
  facet normal -0.946731 0.322025 0
    outer loop
      vertex -16.479 13.9773 13.4
      vertex -16.4507 14.0605 14
      vertex -16.4507 14.0605 13.4
    endloop
  endfacet
  facet normal -0.946731 0.322025 0
    outer loop
      vertex -16.4507 14.0605 14
      vertex -16.479 13.9773 13.4
      vertex -16.479 13.9773 14
    endloop
  endfacet
  facet normal -0.950483 0.310776 0
    outer loop
      vertex -16.4507 14.0605 13.4
      vertex -16.4216 14.1495 14
      vertex -16.4216 14.1495 13.4
    endloop
  endfacet
  facet normal -0.950483 0.310776 0
    outer loop
      vertex -16.4216 14.1495 14
      vertex -16.4507 14.0605 13.4
      vertex -16.4507 14.0605 14
    endloop
  endfacet
  facet normal -0.954158 0.299304 0
    outer loop
      vertex -16.4216 14.1495 13.4
      vertex -16.3918 14.2445 14
      vertex -16.3918 14.2445 13.4
    endloop
  endfacet
  facet normal -0.954158 0.299304 0
    outer loop
      vertex -16.3918 14.2445 14
      vertex -16.4216 14.1495 13.4
      vertex -16.4216 14.1495 14
    endloop
  endfacet
  facet normal -0.956881 0.290482 0
    outer loop
      vertex -16.3918 14.2445 13.4
      vertex -16.3612 14.3453 14
      vertex -16.3612 14.3453 13.4
    endloop
  endfacet
  facet normal -0.956881 0.290482 0
    outer loop
      vertex -16.3612 14.3453 14
      vertex -16.3918 14.2445 13.4
      vertex -16.3918 14.2445 14
    endloop
  endfacet
  facet normal -0.959566 0.281485 0
    outer loop
      vertex -16.3612 14.3453 13.4
      vertex -16.3299 14.452 14
      vertex -16.3299 14.452 13.4
    endloop
  endfacet
  facet normal -0.959566 0.281485 0
    outer loop
      vertex -16.3299 14.452 14
      vertex -16.3612 14.3453 13.4
      vertex -16.3612 14.3453 14
    endloop
  endfacet
  facet normal -0.961685 0.274157 0
    outer loop
      vertex -16.3299 14.452 13.4
      vertex -16.2978 14.5646 14
      vertex -16.2978 14.5646 13.4
    endloop
  endfacet
  facet normal -0.961685 0.274157 0
    outer loop
      vertex -16.2978 14.5646 14
      vertex -16.3299 14.452 13.4
      vertex -16.3299 14.452 14
    endloop
  endfacet
  facet normal -0.963495 0.267728 0
    outer loop
      vertex -16.2978 14.5646 13.4
      vertex -16.2649 14.683 14
      vertex -16.2649 14.683 13.4
    endloop
  endfacet
  facet normal -0.963495 0.267728 0
    outer loop
      vertex -16.2649 14.683 14
      vertex -16.2978 14.5646 13.4
      vertex -16.2978 14.5646 14
    endloop
  endfacet
  facet normal 0.998257 -0.0590203 0
    outer loop
      vertex -16.2707 14.5849 14
      vertex -16.2649 14.683 13.4
      vertex -16.2649 14.683 14
    endloop
  endfacet
  facet normal 0.998257 -0.0590203 0
    outer loop
      vertex -16.2649 14.683 13.4
      vertex -16.2707 14.5849 14
      vertex -16.2707 14.5849 13.4
    endloop
  endfacet
  facet normal 0.998676 -0.0514469 0
    outer loop
      vertex -16.2758 14.4859 14
      vertex -16.2707 14.5849 13.4
      vertex -16.2707 14.5849 14
    endloop
  endfacet
  facet normal 0.998676 -0.0514469 0
    outer loop
      vertex -16.2707 14.5849 13.4
      vertex -16.2758 14.4859 14
      vertex -16.2758 14.4859 13.4
    endloop
  endfacet
  facet normal 0.999031 -0.0440014 0
    outer loop
      vertex -16.2802 14.386 14
      vertex -16.2758 14.4859 13.4
      vertex -16.2758 14.4859 14
    endloop
  endfacet
  facet normal 0.999031 -0.0440014 0
    outer loop
      vertex -16.2758 14.4859 13.4
      vertex -16.2802 14.386 14
      vertex -16.2802 14.386 13.4
    endloop
  endfacet
  facet normal 0.999327 -0.0366816 0
    outer loop
      vertex -16.2839 14.2852 14
      vertex -16.2802 14.386 13.4
      vertex -16.2802 14.386 14
    endloop
  endfacet
  facet normal 0.999327 -0.0366816 0
    outer loop
      vertex -16.2802 14.386 13.4
      vertex -16.2839 14.2852 14
      vertex -16.2839 14.2852 13.4
    endloop
  endfacet
  facet normal 0.999565 -0.0294857 0
    outer loop
      vertex -16.2869 14.1835 14
      vertex -16.2839 14.2852 13.4
      vertex -16.2839 14.2852 14
    endloop
  endfacet
  facet normal 0.999565 -0.0294857 0
    outer loop
      vertex -16.2839 14.2852 13.4
      vertex -16.2869 14.1835 14
      vertex -16.2869 14.1835 13.4
    endloop
  endfacet
  facet normal 0.999727 -0.0233627 0
    outer loop
      vertex -16.2893 14.0808 14
      vertex -16.2869 14.1835 13.4
      vertex -16.2869 14.1835 14
    endloop
  endfacet
  facet normal 0.999727 -0.0233627 0
    outer loop
      vertex -16.2869 14.1835 13.4
      vertex -16.2893 14.0808 14
      vertex -16.2893 14.0808 13.4
    endloop
  endfacet
  facet normal 0.999865 -0.0164229 0
    outer loop
      vertex -16.291 13.9773 14
      vertex -16.2893 14.0808 13.4
      vertex -16.2893 14.0808 14
    endloop
  endfacet
  facet normal 0.999865 -0.0164229 0
    outer loop
      vertex -16.2893 14.0808 13.4
      vertex -16.291 13.9773 14
      vertex -16.291 13.9773 13.4
    endloop
  endfacet
  facet normal 0.999954 -0.0095781 0
    outer loop
      vertex -16.292 13.8729 14
      vertex -16.291 13.9773 13.4
      vertex -16.291 13.9773 14
    endloop
  endfacet
  facet normal 0.999954 -0.0095781 0
    outer loop
      vertex -16.291 13.9773 13.4
      vertex -16.292 13.8729 14
      vertex -16.292 13.8729 13.4
    endloop
  endfacet
  facet normal 0.999993 -0.00379504 0
    outer loop
      vertex -16.2924 13.7675 14
      vertex -16.292 13.8729 13.4
      vertex -16.292 13.8729 14
    endloop
  endfacet
  facet normal 0.999993 -0.00379504 0
    outer loop
      vertex -16.292 13.8729 13.4
      vertex -16.2924 13.7675 14
      vertex -16.2924 13.7675 13.4
    endloop
  endfacet
  facet normal 1 -0 0
    outer loop
      vertex -16.2924 10.8991 14
      vertex -16.2924 13.7675 13.4
      vertex -16.2924 13.7675 14
    endloop
  endfacet
  facet normal 1 0 0
    outer loop
      vertex -16.2924 13.7675 13.4
      vertex -16.2924 10.8991 14
      vertex -16.2924 10.8991 13.4
    endloop
  endfacet
  facet normal 0 1 -0
    outer loop
      vertex -15.7675 10.8991 13.4
      vertex -16.2924 10.8991 14
      vertex -15.7675 10.8991 14
    endloop
  endfacet
  facet normal 0 1 0
    outer loop
      vertex -16.2924 10.8991 14
      vertex -15.7675 10.8991 13.4
      vertex -16.2924 10.8991 13.4
    endloop
  endfacet
  facet normal -1 0 0
    outer loop
      vertex -15.7675 10.8991 13.4
      vertex -15.7675 15.1987 14
      vertex -15.7675 15.1987 13.4
    endloop
  endfacet
  facet normal -1 -0 0
    outer loop
      vertex -15.7675 15.1987 14
      vertex -15.7675 10.8991 13.4
      vertex -15.7675 10.8991 14
    endloop
  endfacet
  facet normal 0 -1 0
    outer loop
      vertex -16.5151 15.1987 13.4
      vertex -15.7675 15.1987 14
      vertex -16.5151 15.1987 14
    endloop
  endfacet
  facet normal 0 -1 -0
    outer loop
      vertex -15.7675 15.1987 14
      vertex -16.5151 15.1987 13.4
      vertex -15.7675 15.1987 13.4
    endloop
  endfacet
  facet normal 0.935815 -0.352492 0
    outer loop
      vertex -17.6381 12.2173 14
      vertex -16.5151 15.1987 13.4
      vertex -16.5151 15.1987 14
    endloop
  endfacet
  facet normal 0.935815 -0.352492 0
    outer loop
      vertex -16.5151 15.1987 13.4
      vertex -17.6381 12.2173 14
      vertex -17.6381 12.2173 13.4
    endloop
  endfacet
  facet normal 0.926528 -0.376226 0
    outer loop
      vertex -17.6448 12.2008 14
      vertex -17.6381 12.2173 13.4
      vertex -17.6381 12.2173 14
    endloop
  endfacet
  facet normal 0.926528 -0.376226 0
    outer loop
      vertex -17.6381 12.2173 13.4
      vertex -17.6448 12.2008 14
      vertex -17.6448 12.2008 13.4
    endloop
  endfacet
  facet normal 0.935048 -0.354521 0
    outer loop
      vertex -17.6528 12.1797 14
      vertex -17.6448 12.2008 13.4
      vertex -17.6448 12.2008 14
    endloop
  endfacet
  facet normal 0.935048 -0.354521 0
    outer loop
      vertex -17.6448 12.2008 13.4
      vertex -17.6528 12.1797 14
      vertex -17.6528 12.1797 13.4
    endloop
  endfacet
  facet normal 0.941075 -0.338199 0
    outer loop
      vertex -17.662 12.1541 14
      vertex -17.6528 12.1797 13.4
      vertex -17.6528 12.1797 14
    endloop
  endfacet
  facet normal 0.941075 -0.338199 0
    outer loop
      vertex -17.6528 12.1797 13.4
      vertex -17.662 12.1541 14
      vertex -17.662 12.1541 13.4
    endloop
  endfacet
  facet normal 0.944539 -0.328399 0
    outer loop
      vertex -17.6725 12.1239 14
      vertex -17.662 12.1541 13.4
      vertex -17.662 12.1541 14
    endloop
  endfacet
  facet normal 0.944539 -0.328399 0
    outer loop
      vertex -17.662 12.1541 13.4
      vertex -17.6725 12.1239 14
      vertex -17.6725 12.1239 13.4
    endloop
  endfacet
  facet normal 0.947585 -0.319503 0
    outer loop
      vertex -17.6842 12.0892 14
      vertex -17.6725 12.1239 13.4
      vertex -17.6725 12.1239 14
    endloop
  endfacet
  facet normal 0.947585 -0.319503 0
    outer loop
      vertex -17.6725 12.1239 13.4
      vertex -17.6842 12.0892 14
      vertex -17.6842 12.0892 13.4
    endloop
  endfacet
  facet normal 0.950124 -0.311873 0
    outer loop
      vertex -17.6971 12.0499 14
      vertex -17.6842 12.0892 13.4
      vertex -17.6842 12.0892 14
    endloop
  endfacet
  facet normal 0.950124 -0.311873 0
    outer loop
      vertex -17.6842 12.0892 13.4
      vertex -17.6971 12.0499 14
      vertex -17.6971 12.0499 13.4
    endloop
  endfacet
  facet normal 0.951463 -0.307763 0
    outer loop
      vertex -17.7113 12.006 14
      vertex -17.6971 12.0499 13.4
      vertex -17.6971 12.0499 14
    endloop
  endfacet
  facet normal 0.951463 -0.307763 0
    outer loop
      vertex -17.6971 12.0499 13.4
      vertex -17.7113 12.006 14
      vertex -17.7113 12.006 13.4
    endloop
  endfacet
  facet normal 0.953106 -0.302636 0
    outer loop
      vertex -17.7267 11.9575 14
      vertex -17.7113 12.006 13.4
      vertex -17.7113 12.006 14
    endloop
  endfacet
  facet normal 0.953106 -0.302636 0
    outer loop
      vertex -17.7113 12.006 13.4
      vertex -17.7267 11.9575 14
      vertex -17.7267 11.9575 13.4
    endloop
  endfacet
  facet normal 0.95361 -0.301045 0
    outer loop
      vertex -17.7434 11.9046 14
      vertex -17.7267 11.9575 13.4
      vertex -17.7267 11.9575 14
    endloop
  endfacet
  facet normal 0.95361 -0.301045 0
    outer loop
      vertex -17.7267 11.9575 13.4
      vertex -17.7434 11.9046 14
      vertex -17.7434 11.9046 13.4
    endloop
  endfacet
  facet normal 0.955548 -0.294835 0
    outer loop
      vertex -17.76 11.8508 14
      vertex -17.7434 11.9046 13.4
      vertex -17.7434 11.9046 14
    endloop
  endfacet
  facet normal 0.955548 -0.294835 0
    outer loop
      vertex -17.7434 11.9046 13.4
      vertex -17.76 11.8508 14
      vertex -17.76 11.8508 13.4
    endloop
  endfacet
  facet normal 0.95704 -0.289955 0
    outer loop
      vertex -17.7753 11.8003 14
      vertex -17.76 11.8508 13.4
      vertex -17.76 11.8508 14
    endloop
  endfacet
  facet normal 0.95704 -0.289955 0
    outer loop
      vertex -17.76 11.8508 13.4
      vertex -17.7753 11.8003 14
      vertex -17.7753 11.8003 13.4
    endloop
  endfacet
  facet normal 0.959205 -0.282713 0
    outer loop
      vertex -17.7893 11.7528 14
      vertex -17.7753 11.8003 13.4
      vertex -17.7753 11.8003 14
    endloop
  endfacet
  facet normal 0.959205 -0.282713 0
    outer loop
      vertex -17.7753 11.8003 13.4
      vertex -17.7893 11.7528 14
      vertex -17.7893 11.7528 13.4
    endloop
  endfacet
  facet normal 0.961278 -0.275581 0
    outer loop
      vertex -17.802 11.7085 14
      vertex -17.7893 11.7528 13.4
      vertex -17.7893 11.7528 14
    endloop
  endfacet
  facet normal 0.961278 -0.275581 0
    outer loop
      vertex -17.7893 11.7528 13.4
      vertex -17.802 11.7085 14
      vertex -17.802 11.7085 13.4
    endloop
  endfacet
  facet normal 0.963786 -0.266679 0
    outer loop
      vertex -17.8134 11.6673 14
      vertex -17.802 11.7085 13.4
      vertex -17.802 11.7085 14
    endloop
  endfacet
  facet normal 0.963786 -0.266679 0
    outer loop
      vertex -17.802 11.7085 13.4
      vertex -17.8134 11.6673 14
      vertex -17.8134 11.6673 13.4
    endloop
  endfacet
  facet normal 0.967075 -0.254493 0
    outer loop
      vertex -17.8234 11.6293 14
      vertex -17.8134 11.6673 13.4
      vertex -17.8134 11.6673 14
    endloop
  endfacet
  facet normal 0.967075 -0.254493 0
    outer loop
      vertex -17.8134 11.6673 13.4
      vertex -17.8234 11.6293 14
      vertex -17.8234 11.6293 13.4
    endloop
  endfacet
  facet normal 0.970468 -0.241231 0
    outer loop
      vertex -17.8321 11.5943 14
      vertex -17.8234 11.6293 13.4
      vertex -17.8234 11.6293 14
    endloop
  endfacet
  facet normal 0.970468 -0.241231 0
    outer loop
      vertex -17.8234 11.6293 13.4
      vertex -17.8321 11.5943 14
      vertex -17.8321 11.5943 13.4
    endloop
  endfacet
  facet normal 0.973977 -0.226649 0
    outer loop
      vertex -17.8395 11.5625 14
      vertex -17.8321 11.5943 13.4
      vertex -17.8321 11.5943 14
    endloop
  endfacet
  facet normal 0.973977 -0.226649 0
    outer loop
      vertex -17.8321 11.5943 13.4
      vertex -17.8395 11.5625 14
      vertex -17.8395 11.5625 13.4
    endloop
  endfacet
  facet normal 0.97815 -0.2079 0
    outer loop
      vertex -17.8456 11.5338 14
      vertex -17.8395 11.5625 13.4
      vertex -17.8395 11.5625 14
    endloop
  endfacet
  facet normal 0.97815 -0.2079 0
    outer loop
      vertex -17.8395 11.5625 13.4
      vertex -17.8456 11.5338 14
      vertex -17.8456 11.5338 13.4
    endloop
  endfacet
  facet normal -0.978262 -0.207373 0
    outer loop
      vertex -17.8456 11.5338 13.4
      vertex -17.8502 11.5555 14
      vertex -17.8502 11.5555 13.4
    endloop
  endfacet
  facet normal -0.978262 -0.207373 0
    outer loop
      vertex -17.8502 11.5555 14
      vertex -17.8456 11.5338 13.4
      vertex -17.8456 11.5338 14
    endloop
  endfacet
  facet normal -0.975906 -0.21819 0
    outer loop
      vertex -17.8502 11.5555 13.4
      vertex -17.8557 11.5801 14
      vertex -17.8557 11.5801 13.4
    endloop
  endfacet
  facet normal -0.975906 -0.21819 0
    outer loop
      vertex -17.8557 11.5801 14
      vertex -17.8502 11.5555 13.4
      vertex -17.8502 11.5555 14
    endloop
  endfacet
  facet normal -0.973789 -0.227454 0
    outer loop
      vertex -17.8557 11.5801 13.4
      vertex -17.8621 11.6075 14
      vertex -17.8621 11.6075 13.4
    endloop
  endfacet
  facet normal -0.973789 -0.227454 0
    outer loop
      vertex -17.8621 11.6075 14
      vertex -17.8557 11.5801 13.4
      vertex -17.8557 11.5801 14
    endloop
  endfacet
  facet normal -0.972183 -0.234222 0
    outer loop
      vertex -17.8621 11.6075 13.4
      vertex -17.8694 11.6378 14
      vertex -17.8694 11.6378 13.4
    endloop
  endfacet
  facet normal -0.972183 -0.234222 0
    outer loop
      vertex -17.8694 11.6378 14
      vertex -17.8621 11.6075 13.4
      vertex -17.8621 11.6075 14
    endloop
  endfacet
  facet normal -0.969796 -0.243918 0
    outer loop
      vertex -17.8694 11.6378 13.4
      vertex -17.8777 11.6708 14
      vertex -17.8777 11.6708 13.4
    endloop
  endfacet
  facet normal -0.969796 -0.243918 0
    outer loop
      vertex -17.8777 11.6708 14
      vertex -17.8694 11.6378 13.4
      vertex -17.8694 11.6378 14
    endloop
  endfacet
  facet normal -0.968045 -0.250775 0
    outer loop
      vertex -17.8777 11.6708 13.4
      vertex -17.887 11.7067 14
      vertex -17.887 11.7067 13.4
    endloop
  endfacet
  facet normal -0.968045 -0.250775 0
    outer loop
      vertex -17.887 11.7067 14
      vertex -17.8777 11.6708 13.4
      vertex -17.8777 11.6708 14
    endloop
  endfacet
  facet normal -0.966977 -0.254862 0
    outer loop
      vertex -17.887 11.7067 13.4
      vertex -17.8972 11.7454 14
      vertex -17.8972 11.7454 13.4
    endloop
  endfacet
  facet normal -0.966977 -0.254862 0
    outer loop
      vertex -17.8972 11.7454 14
      vertex -17.887 11.7067 13.4
      vertex -17.887 11.7067 14
    endloop
  endfacet
  facet normal -0.966041 -0.258387 0
    outer loop
      vertex -17.8972 11.7454 13.4
      vertex -17.9083 11.7869 14
      vertex -17.9083 11.7869 13.4
    endloop
  endfacet
  facet normal -0.966041 -0.258387 0
    outer loop
      vertex -17.9083 11.7869 14
      vertex -17.8972 11.7454 13.4
      vertex -17.8972 11.7454 14
    endloop
  endfacet
  facet normal -0.964814 -0.262934 0
    outer loop
      vertex -17.9083 11.7869 13.4
      vertex -17.9204 11.8313 14
      vertex -17.9204 11.8313 13.4
    endloop
  endfacet
  facet normal -0.964814 -0.262934 0
    outer loop
      vertex -17.9204 11.8313 14
      vertex -17.9083 11.7869 13.4
      vertex -17.9083 11.7869 14
    endloop
  endfacet
  facet normal -0.96373 -0.266879 0
    outer loop
      vertex -17.9204 11.8313 13.4
      vertex -17.933 11.8768 14
      vertex -17.933 11.8768 13.4
    endloop
  endfacet
  facet normal -0.96373 -0.266879 0
    outer loop
      vertex -17.933 11.8768 14
      vertex -17.9204 11.8313 13.4
      vertex -17.9204 11.8313 14
    endloop
  endfacet
  facet normal -0.962089 -0.272735 0
    outer loop
      vertex -17.933 11.8768 13.4
      vertex -17.9457 11.9216 14
      vertex -17.9457 11.9216 13.4
    endloop
  endfacet
  facet normal -0.962089 -0.272735 0
    outer loop
      vertex -17.9457 11.9216 14
      vertex -17.933 11.8768 13.4
      vertex -17.933 11.8768 14
    endloop
  endfacet
  facet normal -0.960365 -0.278745 0
    outer loop
      vertex -17.9457 11.9216 13.4
      vertex -17.9585 11.9657 14
      vertex -17.9585 11.9657 13.4
    endloop
  endfacet
  facet normal -0.960365 -0.278745 0
    outer loop
      vertex -17.9585 11.9657 14
      vertex -17.9457 11.9216 13.4
      vertex -17.9457 11.9216 14
    endloop
  endfacet
  facet normal -0.958309 -0.285734 0
    outer loop
      vertex -17.9585 11.9657 13.4
      vertex -17.9715 12.0093 14
      vertex -17.9715 12.0093 13.4
    endloop
  endfacet
  facet normal -0.958309 -0.285734 0
    outer loop
      vertex -17.9715 12.0093 14
      vertex -17.9585 11.9657 13.4
      vertex -17.9585 11.9657 14
    endloop
  endfacet
  facet normal -0.957024 -0.290007 0
    outer loop
      vertex -17.9715 12.0093 13.4
      vertex -17.9845 12.0522 14
      vertex -17.9845 12.0522 13.4
    endloop
  endfacet
  facet normal -0.957024 -0.290007 0
    outer loop
      vertex -17.9845 12.0522 14
      vertex -17.9715 12.0093 13.4
      vertex -17.9715 12.0093 14
    endloop
  endfacet
  facet normal -0.954399 -0.298533 0
    outer loop
      vertex -17.9845 12.0522 13.4
      vertex -17.9977 12.0944 14
      vertex -17.9977 12.0944 13.4
    endloop
  endfacet
  facet normal -0.954399 -0.298533 0
    outer loop
      vertex -17.9977 12.0944 14
      vertex -17.9845 12.0522 13.4
      vertex -17.9845 12.0522 14
    endloop
  endfacet
  facet normal -0.952504 -0.304526 0
    outer loop
      vertex -17.9977 12.0944 13.4
      vertex -18.011 12.136 14
      vertex -18.011 12.136 13.4
    endloop
  endfacet
  facet normal -0.952504 -0.304526 0
    outer loop
      vertex -18.011 12.136 14
      vertex -17.9977 12.0944 13.4
      vertex -17.9977 12.0944 14
    endloop
  endfacet
  facet normal -0.950522 -0.310658 0
    outer loop
      vertex -18.011 12.136 13.4
      vertex -18.0244 12.177 14
      vertex -18.0244 12.177 13.4
    endloop
  endfacet
  facet normal -0.950522 -0.310658 0
    outer loop
      vertex -18.0244 12.177 14
      vertex -18.011 12.136 13.4
      vertex -18.011 12.136 14
    endloop
  endfacet
  facet normal -0.948212 -0.317639 0
    outer loop
      vertex -18.0244 12.177 13.4
      vertex -18.0379 12.2173 14
      vertex -18.0379 12.2173 13.4
    endloop
  endfacet
  facet normal -0.948212 -0.317639 0
    outer loop
      vertex -18.0379 12.2173 14
      vertex -18.0244 12.177 13.4
      vertex -18.0244 12.177 14
    endloop
  endfacet
  facet normal -0.933596 -0.358326 0
    outer loop
      vertex -18.0379 12.2173 13.4
      vertex -19.1822 15.1987 14
      vertex -19.1822 15.1987 13.4
    endloop
  endfacet
  facet normal -0.933596 -0.358326 0
    outer loop
      vertex -19.1822 15.1987 14
      vertex -18.0379 12.2173 13.4
      vertex -18.0379 12.2173 14
    endloop
  endfacet
  facet normal 0 -1 0
    outer loop
      vertex -19.9481 15.1987 13.4
      vertex -19.1822 15.1987 14
      vertex -19.9481 15.1987 14
    endloop
  endfacet
  facet normal 0 -1 -0
    outer loop
      vertex -19.1822 15.1987 14
      vertex -19.9481 15.1987 13.4
      vertex -19.1822 15.1987 13.4
    endloop
  endfacet
  facet normal 1 -0 0
    outer loop
      vertex -19.9481 14.3149 14
      vertex -19.9481 15.1987 13.4
      vertex -19.9481 15.1987 14
    endloop
  endfacet
  facet normal 1 0 0
    outer loop
      vertex -19.9481 15.1987 13.4
      vertex -19.9481 14.3149 14
      vertex -19.9481 14.3149 13.4
    endloop
  endfacet
  facet normal 0 1 -0
    outer loop
      vertex -19.4294 10.8991 13.4
      vertex -19.6431 10.8991 14
      vertex -19.4294 10.8991 14
    endloop
  endfacet
  facet normal 0 1 0
    outer loop
      vertex -19.6431 10.8991 14
      vertex -19.4294 10.8991 13.4
      vertex -19.6431 10.8991 13.4
    endloop
  endfacet
  facet normal -1 0 0
    outer loop
      vertex -19.4294 10.8991 13.4
      vertex -19.4294 11.1097 14
      vertex -19.4294 11.1097 13.4
    endloop
  endfacet
  facet normal -1 -0 0
    outer loop
      vertex -19.4294 11.1097 14
      vertex -19.4294 10.8991 13.4
      vertex -19.4294 10.8991 14
    endloop
  endfacet
  facet normal 0 1 -0
    outer loop
      vertex -12.3066 12.1563 13.4
      vertex -14.2657 12.1563 14
      vertex -12.3066 12.1563 14
    endloop
  endfacet
  facet normal 0 1 0
    outer loop
      vertex -14.2657 12.1563 14
      vertex -12.3066 12.1563 13.4
      vertex -14.2657 12.1563 13.4
    endloop
  endfacet
  facet normal 0.931406 0.363983 0
    outer loop
      vertex -11.8153 10.8991 14
      vertex -12.3066 12.1563 13.4
      vertex -12.3066 12.1563 14
    endloop
  endfacet
  facet normal 0.931406 0.363983 0
    outer loop
      vertex -12.3066 12.1563 13.4
      vertex -11.8153 10.8991 14
      vertex -11.8153 10.8991 13.4
    endloop
  endfacet
  facet normal 0 1 -0
    outer loop
      vertex -11.2203 10.8991 13.4
      vertex -11.8153 10.8991 14
      vertex -11.2203 10.8991 14
    endloop
  endfacet
  facet normal 0 1 0
    outer loop
      vertex -11.8153 10.8991 14
      vertex -11.2203 10.8991 13.4
      vertex -11.8153 10.8991 13.4
    endloop
  endfacet
  facet normal -0.927935 -0.372741 0
    outer loop
      vertex -11.2203 10.8991 13.4
      vertex -12.9474 15.1987 14
      vertex -12.9474 15.1987 13.4
    endloop
  endfacet
  facet normal -0.927935 -0.372741 0
    outer loop
      vertex -12.9474 15.1987 14
      vertex -11.2203 10.8991 13.4
      vertex -11.2203 10.8991 14
    endloop
  endfacet
  facet normal 0 -1 0
    outer loop
      vertex -13.6097 15.1987 13.4
      vertex -12.9474 15.1987 14
      vertex -13.6097 15.1987 14
    endloop
  endfacet
  facet normal 0 -1 -0
    outer loop
      vertex -12.9474 15.1987 14
      vertex -13.6097 15.1987 13.4
      vertex -12.9474 15.1987 13.4
    endloop
  endfacet
  facet normal 0.925873 -0.377834 0
    outer loop
      vertex -15.3643 10.8991 14
      vertex -13.6097 15.1987 13.4
      vertex -13.6097 15.1987 14
    endloop
  endfacet
  facet normal 0.925873 -0.377834 0
    outer loop
      vertex -13.6097 15.1987 13.4
      vertex -15.3643 10.8991 14
      vertex -15.3643 10.8991 13.4
    endloop
  endfacet
  facet normal 0 1 -0
    outer loop
      vertex -14.7601 10.8991 13.4
      vertex -15.3643 10.8991 14
      vertex -14.7601 10.8991 14
    endloop
  endfacet
  facet normal 0 1 0
    outer loop
      vertex -15.3643 10.8991 14
      vertex -14.7601 10.8991 13.4
      vertex -15.3643 10.8991 13.4
    endloop
  endfacet
  facet normal -0.930625 0.365973 0
    outer loop
      vertex -14.7601 10.8991 13.4
      vertex -14.2657 12.1563 14
      vertex -14.2657 12.1563 13.4
    endloop
  endfacet
  facet normal -0.930625 0.365973 0
    outer loop
      vertex -14.2657 12.1563 14
      vertex -14.7601 10.8991 13.4
      vertex -14.7601 10.8991 14
    endloop
  endfacet
  facet normal -0.932054 0.362319 0
    outer loop
      vertex -14.0887 12.611 13.4
      vertex -13.5395 14.0238 14
      vertex -13.5395 14.0238 13.4
    endloop
  endfacet
  facet normal -0.932054 0.362319 0
    outer loop
      vertex -13.5395 14.0238 14
      vertex -14.0887 12.611 13.4
      vertex -14.0887 12.611 14
    endloop
  endfacet
  facet normal -0.936329 0.351123 0
    outer loop
      vertex -13.5395 14.0238 13.4
      vertex -13.5071 14.1102 14
      vertex -13.5071 14.1102 13.4
    endloop
  endfacet
  facet normal -0.936329 0.351123 0
    outer loop
      vertex -13.5071 14.1102 14
      vertex -13.5395 14.0238 13.4
      vertex -13.5395 14.0238 14
    endloop
  endfacet
  facet normal -0.938498 0.345286 0
    outer loop
      vertex -13.5071 14.1102 13.4
      vertex -13.4766 14.1931 14
      vertex -13.4766 14.1931 13.4
    endloop
  endfacet
  facet normal -0.938498 0.345286 0
    outer loop
      vertex -13.4766 14.1931 14
      vertex -13.5071 14.1102 13.4
      vertex -13.5071 14.1102 14
    endloop
  endfacet
  facet normal -0.940312 0.340315 0
    outer loop
      vertex -13.4766 14.1931 13.4
      vertex -13.4479 14.2724 14
      vertex -13.4479 14.2724 13.4
    endloop
  endfacet
  facet normal -0.940312 0.340315 0
    outer loop
      vertex -13.4479 14.2724 14
      vertex -13.4766 14.1931 13.4
      vertex -13.4766 14.1931 14
    endloop
  endfacet
  facet normal -0.942415 0.334445 0
    outer loop
      vertex -13.4479 14.2724 13.4
      vertex -13.421 14.3482 14
      vertex -13.421 14.3482 13.4
    endloop
  endfacet
  facet normal -0.942415 0.334445 0
    outer loop
      vertex -13.421 14.3482 14
      vertex -13.4479 14.2724 13.4
      vertex -13.4479 14.2724 14
    endloop
  endfacet
  facet normal -0.94455 0.328368 0
    outer loop
      vertex -13.421 14.3482 13.4
      vertex -13.3959 14.4204 14
      vertex -13.3959 14.4204 13.4
    endloop
  endfacet
  facet normal -0.94455 0.328368 0
    outer loop
      vertex -13.3959 14.4204 14
      vertex -13.421 14.3482 13.4
      vertex -13.421 14.3482 14
    endloop
  endfacet
  facet normal -0.947435 0.319949 0
    outer loop
      vertex -13.3959 14.4204 13.4
      vertex -13.3727 14.4891 14
      vertex -13.3727 14.4891 13.4
    endloop
  endfacet
  facet normal -0.947435 0.319949 0
    outer loop
      vertex -13.3727 14.4891 14
      vertex -13.3959 14.4204 13.4
      vertex -13.3959 14.4204 14
    endloop
  endfacet
  facet normal -0.949555 0.313601 0
    outer loop
      vertex -13.3727 14.4891 13.4
      vertex -13.3512 14.5542 14
      vertex -13.3512 14.5542 13.4
    endloop
  endfacet
  facet normal -0.949555 0.313601 0
    outer loop
      vertex -13.3512 14.5542 14
      vertex -13.3727 14.4891 13.4
      vertex -13.3727 14.4891 14
    endloop
  endfacet
  facet normal -0.952478 0.304607 0
    outer loop
      vertex -13.3512 14.5542 13.4
      vertex -13.3315 14.6158 14
      vertex -13.3315 14.6158 13.4
    endloop
  endfacet
  facet normal -0.952478 0.304607 0
    outer loop
      vertex -13.3315 14.6158 14
      vertex -13.3512 14.5542 13.4
      vertex -13.3512 14.5542 14
    endloop
  endfacet
  facet normal -0.955993 0.293391 0
    outer loop
      vertex -13.3315 14.6158 13.4
      vertex -13.3137 14.6738 14
      vertex -13.3137 14.6738 13.4
    endloop
  endfacet
  facet normal -0.955993 0.293391 0
    outer loop
      vertex -13.3137 14.6738 14
      vertex -13.3315 14.6158 13.4
      vertex -13.3315 14.6158 14
    endloop
  endfacet
  facet normal -0.951971 0.306189 0
    outer loop
      vertex -13.3137 14.6738 13.4
      vertex -13.2862 14.7593 14
      vertex -13.2862 14.7593 13.4
    endloop
  endfacet
  facet normal -0.951971 0.306189 0
    outer loop
      vertex -13.2862 14.7593 14
      vertex -13.3137 14.6738 13.4
      vertex -13.3137 14.6738 14
    endloop
  endfacet
  facet normal 0.950917 0.309445 0
    outer loop
      vertex -13.1848 14.4477 14
      vertex -13.2862 14.7593 13.4
      vertex -13.2862 14.7593 14
    endloop
  endfacet
  facet normal 0.950917 0.309445 0
    outer loop
      vertex -13.2862 14.7593 13.4
      vertex -13.1848 14.4477 14
      vertex -13.1848 14.4477 13.4
    endloop
  endfacet
  facet normal 0.948683 0.316228 0
    outer loop
      vertex -13.1658 14.3907 14
      vertex -13.1848 14.4477 13.4
      vertex -13.1848 14.4477 14
    endloop
  endfacet
  facet normal 0.948683 0.316228 0
    outer loop
      vertex -13.1848 14.4477 13.4
      vertex -13.1658 14.3907 14
      vertex -13.1658 14.3907 13.4
    endloop
  endfacet
  facet normal 0.946274 0.323367 0
    outer loop
      vertex -13.1468 14.3351 14
      vertex -13.1658 14.3907 13.4
      vertex -13.1658 14.3907 14
    endloop
  endfacet
  facet normal 0.946274 0.323367 0
    outer loop
      vertex -13.1658 14.3907 13.4
      vertex -13.1468 14.3351 14
      vertex -13.1468 14.3351 13.4
    endloop
  endfacet
  facet normal 0.943695 0.330816 0
    outer loop
      vertex -13.1278 14.2809 14
      vertex -13.1468 14.3351 13.4
      vertex -13.1468 14.3351 14
    endloop
  endfacet
  facet normal 0.943695 0.330816 0
    outer loop
      vertex -13.1468 14.3351 13.4
      vertex -13.1278 14.2809 14
      vertex -13.1278 14.2809 13.4
    endloop
  endfacet
  facet normal 0.941702 0.336449 0
    outer loop
      vertex -13.1089 14.228 14
      vertex -13.1278 14.2809 13.4
      vertex -13.1278 14.2809 14
    endloop
  endfacet
  facet normal 0.941702 0.336449 0
    outer loop
      vertex -13.1278 14.2809 13.4
      vertex -13.1089 14.228 14
      vertex -13.1089 14.228 13.4
    endloop
  endfacet
  facet normal 0.938405 0.345537 0
    outer loop
      vertex -13.0899 14.1764 14
      vertex -13.1089 14.228 13.4
      vertex -13.1089 14.228 14
    endloop
  endfacet
  facet normal 0.938405 0.345537 0
    outer loop
      vertex -13.1089 14.228 13.4
      vertex -13.0899 14.1764 14
      vertex -13.0899 14.1764 13.4
    endloop
  endfacet
  facet normal 0.935019 0.354598 0
    outer loop
      vertex -13.0709 14.1263 14
      vertex -13.0899 14.1764 13.4
      vertex -13.0899 14.1764 14
    endloop
  endfacet
  facet normal 0.935019 0.354598 0
    outer loop
      vertex -13.0899 14.1764 13.4
      vertex -13.0709 14.1263 14
      vertex -13.0709 14.1263 13.4
    endloop
  endfacet
  facet normal 0.932112 0.36217 0
    outer loop
      vertex -13.0519 14.0774 14
      vertex -13.0709 14.1263 13.4
      vertex -13.0709 14.1263 14
    endloop
  endfacet
  facet normal 0.932112 0.36217 0
    outer loop
      vertex -13.0709 14.1263 13.4
      vertex -13.0519 14.0774 14
      vertex -13.0519 14.0774 13.4
    endloop
  endfacet
  facet normal 0.928206 0.372066 0
    outer loop
      vertex -13.0329 14.03 14
      vertex -13.0519 14.0774 13.4
      vertex -13.0519 14.0774 14
    endloop
  endfacet
  facet normal 0.928206 0.372066 0
    outer loop
      vertex -13.0519 14.0774 13.4
      vertex -13.0329 14.03 14
      vertex -13.0329 14.03 13.4
    endloop
  endfacet
  facet normal 0.931901 0.362712 0
    outer loop
      vertex -12.4806 12.611 14
      vertex -13.0329 14.03 13.4
      vertex -13.0329 14.03 14
    endloop
  endfacet
  facet normal 0.931901 0.362712 0
    outer loop
      vertex -13.0329 14.03 13.4
      vertex -12.4806 12.611 14
      vertex -12.4806 12.611 13.4
    endloop
  endfacet
  facet normal 0 -1 0
    outer loop
      vertex -14.0887 12.611 13.4
      vertex -12.4806 12.611 14
      vertex -14.0887 12.611 14
    endloop
  endfacet
  facet normal 0 -1 -0
    outer loop
      vertex -12.4806 12.611 14
      vertex -14.0887 12.611 13.4
      vertex -12.4806 12.611 13.4
    endloop
  endfacet
  facet normal -0.999552 -0.0299316 0
    outer loop
      vertex -5.52655 13.7553 13.4
      vertex -5.54181 14.2649 14
      vertex -5.54181 14.2649 13.4
    endloop
  endfacet
  facet normal -0.999552 -0.0299316 0
    outer loop
      vertex -5.54181 14.2649 14
      vertex -5.52655 13.7553 13.4
      vertex -5.52655 13.7553 14
    endloop
  endfacet
  facet normal -0.998674 -0.0514857 0
    outer loop
      vertex -5.54181 14.2649 13.4
      vertex -5.55707 14.5609 14
      vertex -5.55707 14.5609 13.4
    endloop
  endfacet
  facet normal -0.998674 -0.0514857 0
    outer loop
      vertex -5.55707 14.5609 14
      vertex -5.54181 14.2649 13.4
      vertex -5.54181 14.2649 14
    endloop
  endfacet
  facet normal 0.846724 0.532032 0
    outer loop
      vertex -3.25621 10.8991 14
      vertex -5.55707 14.5609 13.4
      vertex -5.55707 14.5609 14
    endloop
  endfacet
  facet normal 0.846724 0.532032 0
    outer loop
      vertex -5.55707 14.5609 13.4
      vertex -3.25621 10.8991 14
      vertex -3.25621 10.8991 13.4
    endloop
  endfacet
  facet normal 0 1 -0
    outer loop
      vertex -2.55435 10.8991 13.4
      vertex -3.25621 10.8991 14
      vertex -2.55435 10.8991 14
    endloop
  endfacet
  facet normal 0 1 0
    outer loop
      vertex -3.25621 10.8991 14
      vertex -2.55435 10.8991 13.4
      vertex -3.25621 10.8991 13.4
    endloop
  endfacet
  facet normal -1 0 0
    outer loop
      vertex -2.55435 10.8991 13.4
      vertex -2.55435 15.1987 14
      vertex -2.55435 15.1987 13.4
    endloop
  endfacet
  facet normal -1 -0 0
    outer loop
      vertex -2.55435 15.1987 14
      vertex -2.55435 10.8991 13.4
      vertex -2.55435 10.8991 14
    endloop
  endfacet
  facet normal 0 -1 0
    outer loop
      vertex -3.07922 15.1987 13.4
      vertex -2.55435 15.1987 14
      vertex -3.07922 15.1987 14
    endloop
  endfacet
  facet normal 0 -1 -0
    outer loop
      vertex -2.55435 15.1987 14
      vertex -3.07922 15.1987 13.4
      vertex -2.55435 15.1987 13.4
    endloop
  endfacet
  facet normal 1 -0 0
    outer loop
      vertex -3.07922 12.3791 14
      vertex -3.07922 15.1987 13.4
      vertex -3.07922 15.1987 14
    endloop
  endfacet
  facet normal 1 0 0
    outer loop
      vertex -3.07922 15.1987 13.4
      vertex -3.07922 12.3791 14
      vertex -3.07922 12.3791 13.4
    endloop
  endfacet
  facet normal 0.999975 0.00705312 0
    outer loop
      vertex -3.07877 12.3153 14
      vertex -3.07922 12.3791 13.4
      vertex -3.07922 12.3791 14
    endloop
  endfacet
  facet normal 0.999975 0.00705312 0
    outer loop
      vertex -3.07922 12.3791 13.4
      vertex -3.07877 12.3153 14
      vertex -3.07877 12.3153 13.4
    endloop
  endfacet
  facet normal 0.999823 0.0187989 0
    outer loop
      vertex -3.07742 12.2435 14
      vertex -3.07877 12.3153 13.4
      vertex -3.07877 12.3153 14
    endloop
  endfacet
  facet normal 0.999823 0.0187989 0
    outer loop
      vertex -3.07877 12.3153 13.4
      vertex -3.07742 12.2435 14
      vertex -3.07742 12.2435 13.4
    endloop
  endfacet
  facet normal 0.999599 0.0283282 0
    outer loop
      vertex -3.07515 12.1634 14
      vertex -3.07742 12.2435 13.4
      vertex -3.07742 12.2435 14
    endloop
  endfacet
  facet normal 0.999599 0.0283282 0
    outer loop
      vertex -3.07742 12.2435 13.4
      vertex -3.07515 12.1634 14
      vertex -3.07515 12.1634 13.4
    endloop
  endfacet
  facet normal 0.999357 0.0358453 0
    outer loop
      vertex -3.07199 12.0753 14
      vertex -3.07515 12.1634 13.4
      vertex -3.07515 12.1634 14
    endloop
  endfacet
  facet normal 0.999357 0.0358453 0
    outer loop
      vertex -3.07515 12.1634 13.4
      vertex -3.07199 12.0753 14
      vertex -3.07199 12.0753 13.4
    endloop
  endfacet
  facet normal 0.999108 0.0422261 0
    outer loop
      vertex -3.06792 11.979 14
      vertex -3.07199 12.0753 13.4
      vertex -3.07199 12.0753 14
    endloop
  endfacet
  facet normal 0.999108 0.0422261 0
    outer loop
      vertex -3.07199 12.0753 13.4
      vertex -3.06792 11.979 14
      vertex -3.06792 11.979 13.4
    endloop
  endfacet
  facet normal 0.998864 0.047647 0
    outer loop
      vertex -3.06294 11.8746 14
      vertex -3.06792 11.979 13.4
      vertex -3.06792 11.979 14
    endloop
  endfacet
  facet normal 0.998864 0.047647 0
    outer loop
      vertex -3.06792 11.979 13.4
      vertex -3.06294 11.8746 14
      vertex -3.06294 11.8746 13.4
    endloop
  endfacet
  facet normal 0.998644 0.0520607 0
    outer loop
      vertex -3.05707 11.762 14
      vertex -3.06294 11.8746 13.4
      vertex -3.06294 11.8746 14
    endloop
  endfacet
  facet normal 0.998644 0.0520607 0
    outer loop
      vertex -3.06294 11.8746 13.4
      vertex -3.05707 11.762 14
      vertex -3.05707 11.762 13.4
    endloop
  endfacet
  facet normal 0.998421 0.0561664 0
    outer loop
      vertex -3.05028 11.6413 14
      vertex -3.05707 11.762 13.4
      vertex -3.05707 11.762 14
    endloop
  endfacet
  facet normal 0.998421 0.0561664 0
    outer loop
      vertex -3.05707 11.762 13.4
      vertex -3.05028 11.6413 14
      vertex -3.05028 11.6413 13.4
    endloop
  endfacet
  facet normal 0.99823 0.0594756 0
    outer loop
      vertex -3.0426 11.5124 14
      vertex -3.05028 11.6413 13.4
      vertex -3.05028 11.6413 14
    endloop
  endfacet
  facet normal 0.99823 0.0594756 0
    outer loop
      vertex -3.05028 11.6413 13.4
      vertex -3.0426 11.5124 14
      vertex -3.0426 11.5124 13.4
    endloop
  endfacet
  facet normal -0.845791 -0.533514 0
    outer loop
      vertex -3.0426 11.5124 13.4
      vertex -5.36787 15.1987 14
      vertex -5.36787 15.1987 13.4
    endloop
  endfacet
  facet normal -0.845791 -0.533514 0
    outer loop
      vertex -5.36787 15.1987 14
      vertex -3.0426 11.5124 13.4
      vertex -3.0426 11.5124 14
    endloop
  endfacet
  facet normal 0 -1 0
    outer loop
      vertex -6.0453 15.1987 13.4
      vertex -5.36787 15.1987 14
      vertex -6.0453 15.1987 14
    endloop
  endfacet
  facet normal 0 -1 -0
    outer loop
      vertex -5.36787 15.1987 14
      vertex -6.0453 15.1987 13.4
      vertex -5.36787 15.1987 13.4
    endloop
  endfacet
  facet normal 1 -0 0
    outer loop
      vertex -6.0453 10.8991 14
      vertex -6.0453 15.1987 13.4
      vertex -6.0453 15.1987 14
    endloop
  endfacet
  facet normal 1 0 0
    outer loop
      vertex -6.0453 15.1987 13.4
      vertex -6.0453 10.8991 14
      vertex -6.0453 10.8991 13.4
    endloop
  endfacet
  facet normal 0 1 -0
    outer loop
      vertex -5.52655 10.8991 13.4
      vertex -6.0453 10.8991 14
      vertex -5.52655 10.8991 14
    endloop
  endfacet
  facet normal 0 1 0
    outer loop
      vertex -6.0453 10.8991 14
      vertex -5.52655 10.8991 13.4
      vertex -6.0453 10.8991 13.4
    endloop
  endfacet
  facet normal -1 0 0
    outer loop
      vertex -5.52655 10.8991 13.4
      vertex -5.52655 13.7553 14
      vertex -5.52655 13.7553 13.4
    endloop
  endfacet
  facet normal -1 -0 0
    outer loop
      vertex -5.52655 13.7553 14
      vertex -5.52655 10.8991 13.4
      vertex -5.52655 10.8991 14
    endloop
  endfacet
  facet normal 0 -1 0
    outer loop
      vertex -1.05472 11.3751 13.4
      vertex 1.74963 11.3751 14
      vertex -1.05472 11.3751 14
    endloop
  endfacet
  facet normal 0 -1 -0
    outer loop
      vertex 1.74963 11.3751 14
      vertex -1.05472 11.3751 13.4
      vertex 1.74963 11.3751 13.4
    endloop
  endfacet
  facet normal -1 0 0
    outer loop
      vertex -1.05472 11.3751 13.4
      vertex -1.05472 12.8734 14
      vertex -1.05472 12.8734 13.4
    endloop
  endfacet
  facet normal -1 -0 0
    outer loop
      vertex -1.05472 12.8734 14
      vertex -1.05472 11.3751 13.4
      vertex -1.05472 11.3751 14
    endloop
  endfacet
  facet normal 0 1 -0
    outer loop
      vertex 1.44142 12.8734 13.4
      vertex -1.05472 12.8734 14
      vertex 1.44142 12.8734 14
    endloop
  endfacet
  facet normal 0 1 0
    outer loop
      vertex -1.05472 12.8734 14
      vertex 1.44142 12.8734 13.4
      vertex -1.05472 12.8734 13.4
    endloop
  endfacet
  facet normal -1 0 0
    outer loop
      vertex 1.44142 12.8734 13.4
      vertex 1.44142 13.3434 14
      vertex 1.44142 13.3434 13.4
    endloop
  endfacet
  facet normal -1 -0 0
    outer loop
      vertex 1.44142 13.3434 14
      vertex 1.44142 12.8734 13.4
      vertex 1.44142 12.8734 14
    endloop
  endfacet
  facet normal 0 -1 0
    outer loop
      vertex -1.05472 13.3434 13.4
      vertex 1.44142 13.3434 14
      vertex -1.05472 13.3434 14
    endloop
  endfacet
  facet normal 0 -1 -0
    outer loop
      vertex 1.44142 13.3434 14
      vertex -1.05472 13.3434 13.4
      vertex 1.44142 13.3434 13.4
    endloop
  endfacet
  facet normal -1 0 0
    outer loop
      vertex -1.05472 13.3434 13.4
      vertex -1.05472 14.7227 14
      vertex -1.05472 14.7227 13.4
    endloop
  endfacet
  facet normal -1 -0 0
    outer loop
      vertex -1.05472 14.7227 14
      vertex -1.05472 13.3434 13.4
      vertex -1.05472 13.3434 14
    endloop
  endfacet
  facet normal 0 1 -0
    outer loop
      vertex 1.62453 14.7227 13.4
      vertex -1.05472 14.7227 14
      vertex 1.62453 14.7227 14
    endloop
  endfacet
  facet normal 0 1 0
    outer loop
      vertex -1.05472 14.7227 14
      vertex 1.62453 14.7227 13.4
      vertex -1.05472 14.7227 13.4
    endloop
  endfacet
  facet normal -1 0 0
    outer loop
      vertex 1.62453 14.7227 13.4
      vertex 1.62453 15.1987 14
      vertex 1.62453 15.1987 13.4
    endloop
  endfacet
  facet normal -1 -0 0
    outer loop
      vertex 1.62453 15.1987 14
      vertex 1.62453 14.7227 13.4
      vertex 1.62453 14.7227 14
    endloop
  endfacet
  facet normal 0 -1 0
    outer loop
      vertex -1.63756 15.1987 13.4
      vertex 1.62453 15.1987 14
      vertex -1.63756 15.1987 14
    endloop
  endfacet
  facet normal 0 -1 -0
    outer loop
      vertex 1.62453 15.1987 14
      vertex -1.63756 15.1987 13.4
      vertex 1.62453 15.1987 13.4
    endloop
  endfacet
  facet normal 1 -0 0
    outer loop
      vertex -1.63756 10.8991 14
      vertex -1.63756 15.1987 13.4
      vertex -1.63756 15.1987 14
    endloop
  endfacet
  facet normal 1 0 0
    outer loop
      vertex -1.63756 15.1987 13.4
      vertex -1.63756 10.8991 14
      vertex -1.63756 10.8991 13.4
    endloop
  endfacet
  facet normal 0 1 -0
    outer loop
      vertex 1.74963 10.8991 13.4
      vertex -1.63756 10.8991 14
      vertex 1.74963 10.8991 14
    endloop
  endfacet
  facet normal 0 1 0
    outer loop
      vertex -1.63756 10.8991 14
      vertex 1.74963 10.8991 13.4
      vertex -1.63756 10.8991 13.4
    endloop
  endfacet
  facet normal -1 0 0
    outer loop
      vertex 1.74963 10.8991 13.4
      vertex 1.74963 11.3751 14
      vertex 1.74963 11.3751 13.4
    endloop
  endfacet
  facet normal -1 -0 0
    outer loop
      vertex 1.74963 11.3751 14
      vertex 1.74963 10.8991 13.4
      vertex 1.74963 10.8991 14
    endloop
  endfacet
  facet normal 0 1 -0
    outer loop
      vertex 5.59482 14.7227 13.4
      vertex 4.11787 14.7227 14
      vertex 5.59482 14.7227 14
    endloop
  endfacet
  facet normal 0 1 0
    outer loop
      vertex 4.11787 14.7227 14
      vertex 5.59482 14.7227 13.4
      vertex 4.11787 14.7227 13.4
    endloop
  endfacet
  facet normal -1 0 0
    outer loop
      vertex 5.59482 14.7227 13.4
      vertex 5.59482 15.1987 14
      vertex 5.59482 15.1987 13.4
    endloop
  endfacet
  facet normal -1 -0 0
    outer loop
      vertex 5.59482 15.1987 14
      vertex 5.59482 14.7227 13.4
      vertex 5.59482 14.7227 14
    endloop
  endfacet
  facet normal 0 -1 0
    outer loop
      vertex 2.06111 15.1987 13.4
      vertex 5.59482 15.1987 14
      vertex 2.06111 15.1987 14
    endloop
  endfacet
  facet normal 0 -1 -0
    outer loop
      vertex 5.59482 15.1987 14
      vertex 2.06111 15.1987 13.4
      vertex 5.59482 15.1987 13.4
    endloop
  endfacet
  facet normal 1 -0 0
    outer loop
      vertex 2.06111 14.7227 14
      vertex 2.06111 15.1987 13.4
      vertex 2.06111 15.1987 14
    endloop
  endfacet
  facet normal 1 0 0
    outer loop
      vertex 2.06111 15.1987 13.4
      vertex 2.06111 14.7227 14
      vertex 2.06111 14.7227 13.4
    endloop
  endfacet
  facet normal 0 1 -0
    outer loop
      vertex 3.5381 14.7227 13.4
      vertex 2.06111 14.7227 14
      vertex 3.5381 14.7227 14
    endloop
  endfacet
  facet normal 0 1 0
    outer loop
      vertex 2.06111 14.7227 14
      vertex 3.5381 14.7227 13.4
      vertex 2.06111 14.7227 13.4
    endloop
  endfacet
  facet normal 1 -0 0
    outer loop
      vertex 3.5381 10.8991 14
      vertex 3.5381 14.7227 13.4
      vertex 3.5381 14.7227 14
    endloop
  endfacet
  facet normal 1 0 0
    outer loop
      vertex 3.5381 14.7227 13.4
      vertex 3.5381 10.8991 14
      vertex 3.5381 10.8991 13.4
    endloop
  endfacet
  facet normal 0 1 -0
    outer loop
      vertex 4.11787 10.8991 13.4
      vertex 3.5381 10.8991 14
      vertex 4.11787 10.8991 14
    endloop
  endfacet
  facet normal 0 1 0
    outer loop
      vertex 3.5381 10.8991 14
      vertex 4.11787 10.8991 13.4
      vertex 3.5381 10.8991 13.4
    endloop
  endfacet
  facet normal -1 0 0
    outer loop
      vertex 4.11787 10.8991 13.4
      vertex 4.11787 14.7227 14
      vertex 4.11787 14.7227 13.4
    endloop
  endfacet
  facet normal -1 -0 0
    outer loop
      vertex 4.11787 14.7227 14
      vertex 4.11787 10.8991 13.4
      vertex 4.11787 10.8991 14
    endloop
  endfacet
  facet normal -0.999773 -0.0213197 0
    outer loop
      vertex 13.0135 13.7675 13.4
      vertex 13.0012 14.3443 14
      vertex 13.0012 14.3443 13.4
    endloop
  endfacet
  facet normal -0.999773 -0.0213197 0
    outer loop
      vertex 13.0012 14.3443 14
      vertex 13.0135 13.7675 13.4
      vertex 13.0135 13.7675 14
    endloop
  endfacet
  facet normal -0.999639 -0.0268577 0
    outer loop
      vertex 13.0012 14.3443 13.4
      vertex 12.9921 14.683 14
      vertex 12.9921 14.683 13.4
    endloop
  endfacet
  facet normal -0.999639 -0.0268577 0
    outer loop
      vertex 12.9921 14.683 14
      vertex 13.0012 14.3443 13.4
      vertex 13.0012 14.3443 14
    endloop
  endfacet
  facet normal 0.957834 0.287322 0
    outer loop
      vertex 13.0928 14.3473 14
      vertex 12.9921 14.683 13.4
      vertex 12.9921 14.683 14
    endloop
  endfacet
  facet normal 0.957834 0.287322 0
    outer loop
      vertex 12.9921 14.683 13.4
      vertex 13.0928 14.3473 14
      vertex 13.0928 14.3473 13.4
    endloop
  endfacet
  facet normal 0.949776 0.31293 0
    outer loop
      vertex 13.2637 13.8286 14
      vertex 13.0928 14.3473 13.4
      vertex 13.0928 14.3473 14
    endloop
  endfacet
  facet normal 0.949776 0.31293 0
    outer loop
      vertex 13.0928 14.3473 13.4
      vertex 13.2637 13.8286 14
      vertex 13.2637 13.8286 13.4
    endloop
  endfacet
  facet normal 0.933424 0.358776 0
    outer loop
      vertex 14.3897 10.8991 14
      vertex 13.2637 13.8286 13.4
      vertex 13.2637 13.8286 14
    endloop
  endfacet
  facet normal 0.933424 0.358776 0
    outer loop
      vertex 13.2637 13.8286 13.4
      vertex 14.3897 10.8991 14
      vertex 14.3897 10.8991 13.4
    endloop
  endfacet
  facet normal 0 1 -0
    outer loop
      vertex 14.7986 10.8991 13.4
      vertex 14.3897 10.8991 14
      vertex 14.7986 10.8991 14
    endloop
  endfacet
  facet normal 0 1 0
    outer loop
      vertex 14.3897 10.8991 14
      vertex 14.7986 10.8991 13.4
      vertex 14.3897 10.8991 13.4
    endloop
  endfacet
  facet normal -0.935039 0.354546 0
    outer loop
      vertex 14.7986 10.8991 13.4
      vertex 15.9094 13.8286 14
      vertex 15.9094 13.8286 13.4
    endloop
  endfacet
  facet normal -0.935039 0.354546 0
    outer loop
      vertex 15.9094 13.8286 14
      vertex 14.7986 10.8991 13.4
      vertex 14.7986 10.8991 14
    endloop
  endfacet
  facet normal -0.936221 0.351411 0
    outer loop
      vertex 15.9094 13.8286 13.4
      vertex 15.9362 13.9 14
      vertex 15.9362 13.9 13.4
    endloop
  endfacet
  facet normal -0.936221 0.351411 0
    outer loop
      vertex 15.9362 13.9 14
      vertex 15.9094 13.8286 13.4
      vertex 15.9094 13.8286 14
    endloop
  endfacet
  facet normal -0.941769 0.336259 0
    outer loop
      vertex 15.9362 13.9 13.4
      vertex 15.9638 13.9773 14
      vertex 15.9638 13.9773 13.4
    endloop
  endfacet
  facet normal -0.941769 0.336259 0
    outer loop
      vertex 15.9638 13.9773 14
      vertex 15.9362 13.9 13.4
      vertex 15.9362 13.9 14
    endloop
  endfacet
  facet normal -0.946731 0.322025 0
    outer loop
      vertex 15.9638 13.9773 13.4
      vertex 15.9921 14.0605 14
      vertex 15.9921 14.0605 13.4
    endloop
  endfacet
  facet normal -0.946731 0.322025 0
    outer loop
      vertex 15.9921 14.0605 14
      vertex 15.9638 13.9773 13.4
      vertex 15.9638 13.9773 14
    endloop
  endfacet
  facet normal -0.950483 0.310776 0
    outer loop
      vertex 15.9921 14.0605 13.4
      vertex 16.0212 14.1495 14
      vertex 16.0212 14.1495 13.4
    endloop
  endfacet
  facet normal -0.950483 0.310776 0
    outer loop
      vertex 16.0212 14.1495 14
      vertex 15.9921 14.0605 13.4
      vertex 15.9921 14.0605 14
    endloop
  endfacet
  facet normal -0.954158 0.299304 0
    outer loop
      vertex 16.0212 14.1495 13.4
      vertex 16.051 14.2445 14
      vertex 16.051 14.2445 13.4
    endloop
  endfacet
  facet normal -0.954158 0.299304 0
    outer loop
      vertex 16.051 14.2445 14
      vertex 16.0212 14.1495 13.4
      vertex 16.0212 14.1495 14
    endloop
  endfacet
  facet normal -0.956881 0.290482 0
    outer loop
      vertex 16.051 14.2445 13.4
      vertex 16.0816 14.3453 14
      vertex 16.0816 14.3453 13.4
    endloop
  endfacet
  facet normal -0.956881 0.290482 0
    outer loop
      vertex 16.0816 14.3453 14
      vertex 16.051 14.2445 13.4
      vertex 16.051 14.2445 14
    endloop
  endfacet
  facet normal -0.959323 0.282312 0
    outer loop
      vertex 16.0816 14.3453 13.4
      vertex 16.113 14.452 14
      vertex 16.113 14.452 13.4
    endloop
  endfacet
  facet normal -0.959323 0.282312 0
    outer loop
      vertex 16.113 14.452 14
      vertex 16.0816 14.3453 13.4
      vertex 16.0816 14.3453 14
    endloop
  endfacet
  facet normal -0.961685 0.274157 0
    outer loop
      vertex 16.113 14.452 13.4
      vertex 16.1451 14.5646 14
      vertex 16.1451 14.5646 13.4
    endloop
  endfacet
  facet normal -0.961685 0.274157 0
    outer loop
      vertex 16.1451 14.5646 14
      vertex 16.113 14.452 13.4
      vertex 16.113 14.452 14
    endloop
  endfacet
  facet normal -0.963704 0.266972 0
    outer loop
      vertex 16.1451 14.5646 13.4
      vertex 16.1779 14.683 14
      vertex 16.1779 14.683 13.4
    endloop
  endfacet
  facet normal -0.963704 0.266972 0
    outer loop
      vertex 16.1779 14.683 14
      vertex 16.1451 14.5646 13.4
      vertex 16.1451 14.5646 14
    endloop
  endfacet
  facet normal 0.998316 -0.0580061 0
    outer loop
      vertex 16.1722 14.5849 14
      vertex 16.1779 14.683 13.4
      vertex 16.1779 14.683 14
    endloop
  endfacet
  facet normal 0.998316 -0.0580061 0
    outer loop
      vertex 16.1779 14.683 13.4
      vertex 16.1722 14.5849 14
      vertex 16.1722 14.5849 13.4
    endloop
  endfacet
  facet normal 0.998676 -0.0514469 0
    outer loop
      vertex 16.1671 14.4859 14
      vertex 16.1722 14.5849 13.4
      vertex 16.1722 14.5849 14
    endloop
  endfacet
  facet normal 0.998676 -0.0514469 0
    outer loop
      vertex 16.1722 14.5849 13.4
      vertex 16.1671 14.4859 14
      vertex 16.1671 14.4859 13.4
    endloop
  endfacet
  facet normal 0.999031 -0.0440014 0
    outer loop
      vertex 16.1627 14.386 14
      vertex 16.1671 14.4859 13.4
      vertex 16.1671 14.4859 14
    endloop
  endfacet
  facet normal 0.999031 -0.0440014 0
    outer loop
      vertex 16.1671 14.4859 13.4
      vertex 16.1627 14.386 14
      vertex 16.1627 14.386 13.4
    endloop
  endfacet
  facet normal 0.999327 -0.0366816 0
    outer loop
      vertex 16.159 14.2852 14
      vertex 16.1627 14.386 13.4
      vertex 16.1627 14.386 14
    endloop
  endfacet
  facet normal 0.999327 -0.0366816 0
    outer loop
      vertex 16.1627 14.386 13.4
      vertex 16.159 14.2852 14
      vertex 16.159 14.2852 13.4
    endloop
  endfacet
  facet normal 0.999536 -0.0304677 0
    outer loop
      vertex 16.1559 14.1835 14
      vertex 16.159 14.2852 13.4
      vertex 16.159 14.2852 14
    endloop
  endfacet
  facet normal 0.999536 -0.0304677 0
    outer loop
      vertex 16.159 14.2852 13.4
      vertex 16.1559 14.1835 14
      vertex 16.1559 14.1835 13.4
    endloop
  endfacet
  facet normal 0.999727 -0.0233627 0
    outer loop
      vertex 16.1535 14.0808 14
      vertex 16.1559 14.1835 13.4
      vertex 16.1559 14.1835 14
    endloop
  endfacet
  facet normal 0.999727 -0.0233627 0
    outer loop
      vertex 16.1559 14.1835 13.4
      vertex 16.1535 14.0808 14
      vertex 16.1535 14.0808 13.4
    endloop
  endfacet
  facet normal 0.999865 -0.0164229 0
    outer loop
      vertex 16.1518 13.9773 14
      vertex 16.1535 14.0808 13.4
      vertex 16.1535 14.0808 14
    endloop
  endfacet
  facet normal 0.999865 -0.0164229 0
    outer loop
      vertex 16.1535 14.0808 13.4
      vertex 16.1518 13.9773 14
      vertex 16.1518 13.9773 13.4
    endloop
  endfacet
  facet normal 0.999954 -0.0095781 0
    outer loop
      vertex 16.1508 13.8729 14
      vertex 16.1518 13.9773 13.4
      vertex 16.1518 13.9773 14
    endloop
  endfacet
  facet normal 0.999954 -0.0095781 0
    outer loop
      vertex 16.1518 13.9773 13.4
      vertex 16.1508 13.8729 14
      vertex 16.1508 13.8729 13.4
    endloop
  endfacet
  facet normal 0.999996 -0.00284629 0
    outer loop
      vertex 16.1505 13.7675 14
      vertex 16.1508 13.8729 13.4
      vertex 16.1508 13.8729 14
    endloop
  endfacet
  facet normal 0.999996 -0.00284629 0
    outer loop
      vertex 16.1508 13.8729 13.4
      vertex 16.1505 13.7675 14
      vertex 16.1505 13.7675 13.4
    endloop
  endfacet
  facet normal 1 -0 0
    outer loop
      vertex 16.1505 10.8991 14
      vertex 16.1505 13.7675 13.4
      vertex 16.1505 13.7675 14
    endloop
  endfacet
  facet normal 1 0 0
    outer loop
      vertex 16.1505 13.7675 13.4
      vertex 16.1505 10.8991 14
      vertex 16.1505 10.8991 13.4
    endloop
  endfacet
  facet normal 0 1 -0
    outer loop
      vertex 16.6754 10.8991 13.4
      vertex 16.1505 10.8991 14
      vertex 16.6754 10.8991 14
    endloop
  endfacet
  facet normal 0 1 0
    outer loop
      vertex 16.1505 10.8991 14
      vertex 16.6754 10.8991 13.4
      vertex 16.1505 10.8991 13.4
    endloop
  endfacet
  facet normal -1 0 0
    outer loop
      vertex 16.6754 10.8991 13.4
      vertex 16.6754 15.1987 14
      vertex 16.6754 15.1987 13.4
    endloop
  endfacet
  facet normal -1 -0 0
    outer loop
      vertex 16.6754 15.1987 14
      vertex 16.6754 10.8991 13.4
      vertex 16.6754 10.8991 14
    endloop
  endfacet
  facet normal 0 -1 0
    outer loop
      vertex 15.9277 15.1987 13.4
      vertex 16.6754 15.1987 14
      vertex 15.9277 15.1987 14
    endloop
  endfacet
  facet normal 0 -1 -0
    outer loop
      vertex 16.6754 15.1987 14
      vertex 15.9277 15.1987 13.4
      vertex 16.6754 15.1987 13.4
    endloop
  endfacet
  facet normal 0.935815 -0.352492 0
    outer loop
      vertex 14.8047 12.2173 14
      vertex 15.9277 15.1987 13.4
      vertex 15.9277 15.1987 14
    endloop
  endfacet
  facet normal 0.935815 -0.352492 0
    outer loop
      vertex 15.9277 15.1987 13.4
      vertex 14.8047 12.2173 14
      vertex 14.8047 12.2173 13.4
    endloop
  endfacet
  facet normal 0.926528 -0.376226 0
    outer loop
      vertex 14.798 12.2008 14
      vertex 14.8047 12.2173 13.4
      vertex 14.8047 12.2173 14
    endloop
  endfacet
  facet normal 0.926528 -0.376226 0
    outer loop
      vertex 14.8047 12.2173 13.4
      vertex 14.798 12.2008 14
      vertex 14.798 12.2008 13.4
    endloop
  endfacet
  facet normal 0.935048 -0.354521 0
    outer loop
      vertex 14.79 12.1797 14
      vertex 14.798 12.2008 13.4
      vertex 14.798 12.2008 14
    endloop
  endfacet
  facet normal 0.935048 -0.354521 0
    outer loop
      vertex 14.798 12.2008 13.4
      vertex 14.79 12.1797 14
      vertex 14.79 12.1797 13.4
    endloop
  endfacet
  facet normal 0.941075 -0.338199 0
    outer loop
      vertex 14.7808 12.1541 14
      vertex 14.79 12.1797 13.4
      vertex 14.79 12.1797 14
    endloop
  endfacet
  facet normal 0.941075 -0.338199 0
    outer loop
      vertex 14.79 12.1797 13.4
      vertex 14.7808 12.1541 14
      vertex 14.7808 12.1541 13.4
    endloop
  endfacet
  facet normal 0.945506 -0.325605 0
    outer loop
      vertex 14.7704 12.1239 14
      vertex 14.7808 12.1541 13.4
      vertex 14.7808 12.1541 14
    endloop
  endfacet
  facet normal 0.945506 -0.325605 0
    outer loop
      vertex 14.7808 12.1541 13.4
      vertex 14.7704 12.1239 14
      vertex 14.7704 12.1239 13.4
    endloop
  endfacet
  facet normal 0.947585 -0.319503 0
    outer loop
      vertex 14.7587 12.0892 14
      vertex 14.7704 12.1239 13.4
      vertex 14.7704 12.1239 14
    endloop
  endfacet
  facet normal 0.947585 -0.319503 0
    outer loop
      vertex 14.7704 12.1239 13.4
      vertex 14.7587 12.0892 14
      vertex 14.7587 12.0892 13.4
    endloop
  endfacet
  facet normal 0.949406 -0.314053 0
    outer loop
      vertex 14.7457 12.0499 14
      vertex 14.7587 12.0892 13.4
      vertex 14.7587 12.0892 14
    endloop
  endfacet
  facet normal 0.949406 -0.314053 0
    outer loop
      vertex 14.7587 12.0892 13.4
      vertex 14.7457 12.0499 14
      vertex 14.7457 12.0499 13.4
    endloop
  endfacet
  facet normal 0.951463 -0.307763 0
    outer loop
      vertex 14.7315 12.006 14
      vertex 14.7457 12.0499 13.4
      vertex 14.7457 12.0499 14
    endloop
  endfacet
  facet normal 0.951463 -0.307763 0
    outer loop
      vertex 14.7457 12.0499 13.4
      vertex 14.7315 12.006 14
      vertex 14.7315 12.006 13.4
    endloop
  endfacet
  facet normal 0.953106 -0.302636 0
    outer loop
      vertex 14.7161 11.9575 14
      vertex 14.7315 12.006 13.4
      vertex 14.7315 12.006 14
    endloop
  endfacet
  facet normal 0.953106 -0.302636 0
    outer loop
      vertex 14.7315 12.006 13.4
      vertex 14.7161 11.9575 14
      vertex 14.7161 11.9575 13.4
    endloop
  endfacet
  facet normal 0.95361 -0.301045 0
    outer loop
      vertex 14.6994 11.9046 14
      vertex 14.7161 11.9575 13.4
      vertex 14.7161 11.9575 14
    endloop
  endfacet
  facet normal 0.95361 -0.301045 0
    outer loop
      vertex 14.7161 11.9575 13.4
      vertex 14.6994 11.9046 14
      vertex 14.6994 11.9046 13.4
    endloop
  endfacet
  facet normal 0.955548 -0.294835 0
    outer loop
      vertex 14.6828 11.8508 14
      vertex 14.6994 11.9046 13.4
      vertex 14.6994 11.9046 14
    endloop
  endfacet
  facet normal 0.955548 -0.294835 0
    outer loop
      vertex 14.6994 11.9046 13.4
      vertex 14.6828 11.8508 14
      vertex 14.6828 11.8508 13.4
    endloop
  endfacet
  facet normal 0.95704 -0.289955 0
    outer loop
      vertex 14.6675 11.8003 14
      vertex 14.6828 11.8508 13.4
      vertex 14.6828 11.8508 14
    endloop
  endfacet
  facet normal 0.95704 -0.289955 0
    outer loop
      vertex 14.6828 11.8508 13.4
      vertex 14.6675 11.8003 14
      vertex 14.6675 11.8003 13.4
    endloop
  endfacet
  facet normal 0.959205 -0.282713 0
    outer loop
      vertex 14.6535 11.7528 14
      vertex 14.6675 11.8003 13.4
      vertex 14.6675 11.8003 14
    endloop
  endfacet
  facet normal 0.959205 -0.282713 0
    outer loop
      vertex 14.6675 11.8003 13.4
      vertex 14.6535 11.7528 14
      vertex 14.6535 11.7528 13.4
    endloop
  endfacet
  facet normal 0.961278 -0.275581 0
    outer loop
      vertex 14.6408 11.7085 14
      vertex 14.6535 11.7528 13.4
      vertex 14.6535 11.7528 14
    endloop
  endfacet
  facet normal 0.961278 -0.275581 0
    outer loop
      vertex 14.6535 11.7528 13.4
      vertex 14.6408 11.7085 14
      vertex 14.6408 11.7085 13.4
    endloop
  endfacet
  facet normal 0.964385 -0.264504 0
    outer loop
      vertex 14.6295 11.6673 14
      vertex 14.6408 11.7085 13.4
      vertex 14.6408 11.7085 14
    endloop
  endfacet
  facet normal 0.964385 -0.264504 0
    outer loop
      vertex 14.6408 11.7085 13.4
      vertex 14.6295 11.6673 14
      vertex 14.6295 11.6673 13.4
    endloop
  endfacet
  facet normal 0.966446 -0.256871 0
    outer loop
      vertex 14.6194 11.6293 14
      vertex 14.6295 11.6673 13.4
      vertex 14.6295 11.6673 14
    endloop
  endfacet
  facet normal 0.966446 -0.256871 0
    outer loop
      vertex 14.6295 11.6673 13.4
      vertex 14.6194 11.6293 14
      vertex 14.6194 11.6293 13.4
    endloop
  endfacet
  facet normal 0.970468 -0.241231 0
    outer loop
      vertex 14.6107 11.5943 14
      vertex 14.6194 11.6293 13.4
      vertex 14.6194 11.6293 14
    endloop
  endfacet
  facet normal 0.970468 -0.241231 0
    outer loop
      vertex 14.6194 11.6293 13.4
      vertex 14.6107 11.5943 14
      vertex 14.6107 11.5943 13.4
    endloop
  endfacet
  facet normal 0.973977 -0.226649 0
    outer loop
      vertex 14.6033 11.5625 14
      vertex 14.6107 11.5943 13.4
      vertex 14.6107 11.5943 14
    endloop
  endfacet
  facet normal 0.973977 -0.226649 0
    outer loop
      vertex 14.6107 11.5943 13.4
      vertex 14.6033 11.5625 14
      vertex 14.6033 11.5625 13.4
    endloop
  endfacet
  facet normal 0.97815 -0.2079 0
    outer loop
      vertex 14.5972 11.5338 14
      vertex 14.6033 11.5625 13.4
      vertex 14.6033 11.5625 14
    endloop
  endfacet
  facet normal 0.97815 -0.2079 0
    outer loop
      vertex 14.6033 11.5625 13.4
      vertex 14.5972 11.5338 14
      vertex 14.5972 11.5338 13.4
    endloop
  endfacet
  facet normal -0.979168 -0.203053 0
    outer loop
      vertex 14.5972 11.5338 13.4
      vertex 14.5927 11.5555 14
      vertex 14.5927 11.5555 13.4
    endloop
  endfacet
  facet normal -0.979168 -0.203053 0
    outer loop
      vertex 14.5927 11.5555 14
      vertex 14.5972 11.5338 13.4
      vertex 14.5972 11.5338 14
    endloop
  endfacet
  facet normal -0.975906 -0.21819 0
    outer loop
      vertex 14.5927 11.5555 13.4
      vertex 14.5872 11.5801 14
      vertex 14.5872 11.5801 13.4
    endloop
  endfacet
  facet normal -0.975906 -0.21819 0
    outer loop
      vertex 14.5872 11.5801 14
      vertex 14.5927 11.5555 13.4
      vertex 14.5927 11.5555 14
    endloop
  endfacet
  facet normal -0.973789 -0.227454 0
    outer loop
      vertex 14.5872 11.5801 13.4
      vertex 14.5808 11.6075 14
      vertex 14.5808 11.6075 13.4
    endloop
  endfacet
  facet normal -0.973789 -0.227454 0
    outer loop
      vertex 14.5808 11.6075 14
      vertex 14.5872 11.5801 13.4
      vertex 14.5872 11.5801 14
    endloop
  endfacet
  facet normal -0.971448 -0.237251 0
    outer loop
      vertex 14.5808 11.6075 13.4
      vertex 14.5734 11.6378 14
      vertex 14.5734 11.6378 13.4
    endloop
  endfacet
  facet normal -0.971448 -0.237251 0
    outer loop
      vertex 14.5734 11.6378 14
      vertex 14.5808 11.6075 13.4
      vertex 14.5808 11.6075 14
    endloop
  endfacet
  facet normal -0.969796 -0.243918 0
    outer loop
      vertex 14.5734 11.6378 13.4
      vertex 14.5651 11.6708 14
      vertex 14.5651 11.6708 13.4
    endloop
  endfacet
  facet normal -0.969796 -0.243918 0
    outer loop
      vertex 14.5651 11.6708 14
      vertex 14.5734 11.6378 13.4
      vertex 14.5734 11.6378 14
    endloop
  endfacet
  facet normal -0.968045 -0.250775 0
    outer loop
      vertex 14.5651 11.6708 13.4
      vertex 14.5558 11.7067 14
      vertex 14.5558 11.7067 13.4
    endloop
  endfacet
  facet normal -0.968045 -0.250775 0
    outer loop
      vertex 14.5558 11.7067 14
      vertex 14.5651 11.6708 13.4
      vertex 14.5651 11.6708 14
    endloop
  endfacet
  facet normal -0.966977 -0.254862 0
    outer loop
      vertex 14.5558 11.7067 13.4
      vertex 14.5456 11.7454 14
      vertex 14.5456 11.7454 13.4
    endloop
  endfacet
  facet normal -0.966977 -0.254862 0
    outer loop
      vertex 14.5456 11.7454 14
      vertex 14.5558 11.7067 13.4
      vertex 14.5558 11.7067 14
    endloop
  endfacet
  facet normal -0.966041 -0.258387 0
    outer loop
      vertex 14.5456 11.7454 13.4
      vertex 14.5345 11.7869 14
      vertex 14.5345 11.7869 13.4
    endloop
  endfacet
  facet normal -0.966041 -0.258387 0
    outer loop
      vertex 14.5345 11.7869 14
      vertex 14.5456 11.7454 13.4
      vertex 14.5456 11.7454 14
    endloop
  endfacet
  facet normal -0.964814 -0.262934 0
    outer loop
      vertex 14.5345 11.7869 13.4
      vertex 14.5224 11.8313 14
      vertex 14.5224 11.8313 13.4
    endloop
  endfacet
  facet normal -0.964814 -0.262934 0
    outer loop
      vertex 14.5224 11.8313 14
      vertex 14.5345 11.7869 13.4
      vertex 14.5345 11.7869 14
    endloop
  endfacet
  facet normal -0.96373 -0.266879 0
    outer loop
      vertex 14.5224 11.8313 13.4
      vertex 14.5098 11.8768 14
      vertex 14.5098 11.8768 13.4
    endloop
  endfacet
  facet normal -0.96373 -0.266879 0
    outer loop
      vertex 14.5098 11.8768 14
      vertex 14.5224 11.8313 13.4
      vertex 14.5224 11.8313 14
    endloop
  endfacet
  facet normal -0.962089 -0.272735 0
    outer loop
      vertex 14.5098 11.8768 13.4
      vertex 14.4971 11.9216 14
      vertex 14.4971 11.9216 13.4
    endloop
  endfacet
  facet normal -0.962089 -0.272735 0
    outer loop
      vertex 14.4971 11.9216 14
      vertex 14.5098 11.8768 13.4
      vertex 14.5098 11.8768 14
    endloop
  endfacet
  facet normal -0.960365 -0.278745 0
    outer loop
      vertex 14.4971 11.9216 13.4
      vertex 14.4843 11.9657 14
      vertex 14.4843 11.9657 13.4
    endloop
  endfacet
  facet normal -0.960365 -0.278745 0
    outer loop
      vertex 14.4843 11.9657 14
      vertex 14.4971 11.9216 13.4
      vertex 14.4971 11.9216 14
    endloop
  endfacet
  facet normal -0.958909 -0.283714 0
    outer loop
      vertex 14.4843 11.9657 13.4
      vertex 14.4714 12.0093 14
      vertex 14.4714 12.0093 13.4
    endloop
  endfacet
  facet normal -0.958909 -0.283714 0
    outer loop
      vertex 14.4714 12.0093 14
      vertex 14.4843 11.9657 13.4
      vertex 14.4843 11.9657 14
    endloop
  endfacet
  facet normal -0.956403 -0.292049 0
    outer loop
      vertex 14.4714 12.0093 13.4
      vertex 14.4583 12.0522 14
      vertex 14.4583 12.0522 13.4
    endloop
  endfacet
  facet normal -0.956403 -0.292049 0
    outer loop
      vertex 14.4583 12.0522 14
      vertex 14.4714 12.0093 13.4
      vertex 14.4714 12.0093 14
    endloop
  endfacet
  facet normal -0.954399 -0.298533 0
    outer loop
      vertex 14.4583 12.0522 13.4
      vertex 14.4451 12.0944 14
      vertex 14.4451 12.0944 13.4
    endloop
  endfacet
  facet normal -0.954399 -0.298533 0
    outer loop
      vertex 14.4451 12.0944 14
      vertex 14.4583 12.0522 13.4
      vertex 14.4583 12.0522 14
    endloop
  endfacet
  facet normal -0.953166 -0.302447 0
    outer loop
      vertex 14.4451 12.0944 13.4
      vertex 14.4319 12.136 14
      vertex 14.4319 12.136 13.4
    endloop
  endfacet
  facet normal -0.953166 -0.302447 0
    outer loop
      vertex 14.4319 12.136 14
      vertex 14.4451 12.0944 13.4
      vertex 14.4451 12.0944 14
    endloop
  endfacet
  facet normal -0.950522 -0.310658 0
    outer loop
      vertex 14.4319 12.136 13.4
      vertex 14.4185 12.177 14
      vertex 14.4185 12.177 13.4
    endloop
  endfacet
  facet normal -0.950522 -0.310658 0
    outer loop
      vertex 14.4185 12.177 14
      vertex 14.4319 12.136 13.4
      vertex 14.4319 12.136 14
    endloop
  endfacet
  facet normal -0.948212 -0.317639 0
    outer loop
      vertex 14.4185 12.177 13.4
      vertex 14.405 12.2173 14
      vertex 14.405 12.2173 13.4
    endloop
  endfacet
  facet normal -0.948212 -0.317639 0
    outer loop
      vertex 14.405 12.2173 14
      vertex 14.4185 12.177 13.4
      vertex 14.4185 12.177 14
    endloop
  endfacet
  facet normal -0.933586 -0.358354 0
    outer loop
      vertex 14.405 12.2173 13.4
      vertex 13.2606 15.1987 14
      vertex 13.2606 15.1987 13.4
    endloop
  endfacet
  facet normal -0.933586 -0.358354 0
    outer loop
      vertex 13.2606 15.1987 14
      vertex 14.405 12.2173 13.4
      vertex 14.405 12.2173 14
    endloop
  endfacet
  facet normal 0 -1 0
    outer loop
      vertex 12.4947 15.1987 13.4
      vertex 13.2606 15.1987 14
      vertex 12.4947 15.1987 14
    endloop
  endfacet
  facet normal 0 -1 -0
    outer loop
      vertex 13.2606 15.1987 14
      vertex 12.4947 15.1987 13.4
      vertex 13.2606 15.1987 13.4
    endloop
  endfacet
  facet normal 1 -0 0
    outer loop
      vertex 12.4947 10.8991 14
      vertex 12.4947 15.1987 13.4
      vertex 12.4947 15.1987 14
    endloop
  endfacet
  facet normal 1 0 0
    outer loop
      vertex 12.4947 15.1987 13.4
      vertex 12.4947 10.8991 14
      vertex 12.4947 10.8991 13.4
    endloop
  endfacet
  facet normal 0 1 -0
    outer loop
      vertex 13.0135 10.8991 13.4
      vertex 12.4947 10.8991 14
      vertex 13.0135 10.8991 14
    endloop
  endfacet
  facet normal 0 1 0
    outer loop
      vertex 12.4947 10.8991 14
      vertex 13.0135 10.8991 13.4
      vertex 12.4947 10.8991 13.4
    endloop
  endfacet
  facet normal -1 0 0
    outer loop
      vertex 13.0135 10.8991 13.4
      vertex 13.0135 13.7675 14
      vertex 13.0135 13.7675 13.4
    endloop
  endfacet
  facet normal -1 -0 0
    outer loop
      vertex 13.0135 13.7675 14
      vertex 13.0135 10.8991 13.4
      vertex 13.0135 10.8991 14
    endloop
  endfacet
  facet normal 0 -1 0
    outer loop
      vertex 19.1902 11.366 13.4
      vertex 19.2343 11.366 14
      vertex 19.1902 11.366 14
    endloop
  endfacet
  facet normal 0 -1 -0
    outer loop
      vertex 19.2343 11.366 14
      vertex 19.1902 11.366 13.4
      vertex 19.2343 11.366 13.4
    endloop
  endfacet
  facet normal -1 0 0
    outer loop
      vertex 19.1902 11.366 13.4
      vertex 19.1902 11.4395 14
      vertex 19.1902 11.4395 13.4
    endloop
  endfacet
  facet normal -1 -0 0
    outer loop
      vertex 19.1902 11.4395 14
      vertex 19.1902 11.366 13.4
      vertex 19.1902 11.366 14
    endloop
  endfacet
  facet normal -1 0 0
    outer loop
      vertex 19.1902 13.5605 13.4
      vertex 19.1902 15.1987 14
      vertex 19.1902 15.1987 13.4
    endloop
  endfacet
  facet normal -1 -0 0
    outer loop
      vertex 19.1902 15.1987 14
      vertex 19.1902 13.5605 13.4
      vertex 19.1902 13.5605 14
    endloop
  endfacet
  facet normal 0 -1 0
    outer loop
      vertex 18.6837 15.1987 13.4
      vertex 19.1902 15.1987 14
      vertex 18.6837 15.1987 14
    endloop
  endfacet
  facet normal 0 -1 -0
    outer loop
      vertex 19.1902 15.1987 14
      vertex 18.6837 15.1987 13.4
      vertex 19.1902 15.1987 13.4
    endloop
  endfacet
  facet normal 0.566618 -0.82398 0
    outer loop
      vertex 17.6675 14.4999 13.4
      vertex 18.6837 15.1987 14
      vertex 17.6675 14.4999 14
    endloop
  endfacet
  facet normal 0.566618 -0.82398 0
    outer loop
      vertex 18.6837 15.1987 14
      vertex 17.6675 14.4999 13.4
      vertex 18.6837 15.1987 13.4
    endloop
  endfacet
  facet normal 1 -0 0
    outer loop
      vertex 17.6675 13.9812 14
      vertex 17.6675 14.4999 13.4
      vertex 17.6675 14.4999 14
    endloop
  endfacet
  facet normal 1 0 0
    outer loop
      vertex 17.6675 14.4999 13.4
      vertex 17.6675 13.9812 14
      vertex 17.6675 13.9812 13.4
    endloop
  endfacet
  facet normal -0.580937 0.813949 0
    outer loop
      vertex 18.6379 14.6738 13.4
      vertex 17.6675 13.9812 14
      vertex 18.6379 14.6738 14
    endloop
  endfacet
  facet normal -0.580937 0.813949 0
    outer loop
      vertex 17.6675 13.9812 14
      vertex 18.6379 14.6738 13.4
      vertex 17.6675 13.9812 13.4
    endloop
  endfacet
  facet normal 1 -0 0
    outer loop
      vertex 18.6379 11.366 14
      vertex 18.6379 14.6738 13.4
      vertex 18.6379 14.6738 14
    endloop
  endfacet
  facet normal 1 0 0
    outer loop
      vertex 18.6379 14.6738 13.4
      vertex 18.6379 11.366 14
      vertex 18.6379 11.366 13.4
    endloop
  endfacet
  facet normal 0 -1 0
    outer loop
      vertex 17.5424 11.366 13.4
      vertex 18.6379 11.366 14
      vertex 17.5424 11.366 14
    endloop
  endfacet
  facet normal 0 -1 -0
    outer loop
      vertex 18.6379 11.366 14
      vertex 17.5424 11.366 13.4
      vertex 18.6379 11.366 13.4
    endloop
  endfacet
  facet normal 1 -0 0
    outer loop
      vertex 17.5424 10.8991 14
      vertex 17.5424 11.366 13.4
      vertex 17.5424 11.366 14
    endloop
  endfacet
  facet normal 1 0 0
    outer loop
      vertex 17.5424 11.366 13.4
      vertex 17.5424 10.8991 14
      vertex 17.5424 10.8991 13.4
    endloop
  endfacet
  facet normal 0 1 -0
    outer loop
      vertex 19.6431 10.8991 13.4
      vertex 17.5424 10.8991 14
      vertex 19.6431 10.8991 14
    endloop
  endfacet
  facet normal 0 1 0
    outer loop
      vertex 17.5424 10.8991 14
      vertex 19.6431 10.8991 13.4
      vertex 17.5424 10.8991 13.4
    endloop
  endfacet
endsolid OpenSCAD_Model
