solid OpenSCAD_Model
  facet normal 1 -0 0
    outer loop
      vertex 22 0 0.5
      vertex 22 14 0
      vertex 22 14 0.5
    endloop
  endfacet
  facet normal 1 0 0
    outer loop
      vertex 22 14 0
      vertex 22 0 0.5
      vertex 22 0 0
    endloop
  endfacet
  facet normal 0 0 1
    outer loop
      vertex 5.49278 13.853 0.5
      vertex 22 14 0.5
      vertex 5.5 14 0.5
    endloop
  endfacet
  facet normal 0 0 1
    outer loop
      vertex 5.47118 13.7074 0.5
      vertex 22 14 0.5
      vertex 5.49278 13.853 0.5
    endloop
  endfacet
  facet normal 0 0 1
    outer loop
      vertex 5.43541 13.5646 0.5
      vertex 22 14 0.5
      vertex 5.47118 13.7074 0.5
    endloop
  endfacet
  facet normal 0 0 1
    outer loop
      vertex 5.38582 13.426 0.5
      vertex 22 14 0.5
      vertex 5.43541 13.5646 0.5
    endloop
  endfacet
  facet normal 0 0 1
    outer loop
      vertex 5.32288 13.2929 0.5
      vertex 22 14 0.5
      vertex 5.38582 13.426 0.5
    endloop
  endfacet
  facet normal 0 0 1
    outer loop
      vertex 5.2472 13.1666 0.5
      vertex 22 14 0.5
      vertex 5.32288 13.2929 0.5
    endloop
  endfacet
  facet normal 0 0 1
    outer loop
      vertex 22 14 0.5
      vertex 5.2472 13.1666 0.5
      vertex 22 0 0.5
    endloop
  endfacet
  facet normal -0 0 1
    outer loop
      vertex 5.15952 13.0484 0.5
      vertex 22 0 0.5
      vertex 5.2472 13.1666 0.5
    endloop
  endfacet
  facet normal -0 0 1
    outer loop
      vertex 5.06066 12.9393 0.5
      vertex 22 0 0.5
      vertex 5.15952 13.0484 0.5
    endloop
  endfacet
  facet normal -0 0 1
    outer loop
      vertex 4.95159 12.8405 0.5
      vertex 22 0 0.5
      vertex 5.06066 12.9393 0.5
    endloop
  endfacet
  facet normal -0 0 1
    outer loop
      vertex 4.83335 12.7528 0.5
      vertex 22 0 0.5
      vertex 4.95159 12.8405 0.5
    endloop
  endfacet
  facet normal 0 0 1
    outer loop
      vertex 0 0 0.5
      vertex 4.83335 12.7528 0.5
      vertex 4.70709 12.6771 0.5
    endloop
  endfacet
  facet normal 0 0 1
    outer loop
      vertex 0 0 0.5
      vertex 4.70709 12.6771 0.5
      vertex 4.57402 12.6142 0.5
    endloop
  endfacet
  facet normal 0 0 1
    outer loop
      vertex 0 0 0.5
      vertex 4.57402 12.6142 0.5
      vertex 4.43543 12.5646 0.5
    endloop
  endfacet
  facet normal 0 0 1
    outer loop
      vertex 0 0 0.5
      vertex 4.43543 12.5646 0.5
      vertex 4.29263 12.5288 0.5
    endloop
  endfacet
  facet normal 0 0 1
    outer loop
      vertex 0 0 0.5
      vertex 4.29263 12.5288 0.5
      vertex 4.14703 12.5072 0.5
    endloop
  endfacet
  facet normal 0 0 1
    outer loop
      vertex 0 0 0.5
      vertex 4.14703 12.5072 0.5
      vertex 4 12.5 0.5
    endloop
  endfacet
  facet normal 0 0 1
    outer loop
      vertex 0 0 0.5
      vertex 4 12.5 0.5
      vertex 3.85297 12.5072 0.5
    endloop
  endfacet
  facet normal 0 0 1
    outer loop
      vertex 0 0 0.5
      vertex 3.85297 12.5072 0.5
      vertex 3.70736 12.5288 0.5
    endloop
  endfacet
  facet normal 0 0 1
    outer loop
      vertex 0 0 0.5
      vertex 3.70736 12.5288 0.5
      vertex 3.56457 12.5646 0.5
    endloop
  endfacet
  facet normal 0 0 1
    outer loop
      vertex 0 0 0.5
      vertex 3.56457 12.5646 0.5
      vertex 3.42597 12.6142 0.5
    endloop
  endfacet
  facet normal 0 0 1
    outer loop
      vertex 0 0 0.5
      vertex 3.42597 12.6142 0.5
      vertex 3.2929 12.6771 0.5
    endloop
  endfacet
  facet normal 0 0 1
    outer loop
      vertex 0 0 0.5
      vertex 3.2929 12.6771 0.5
      vertex 3.16664 12.7528 0.5
    endloop
  endfacet
  facet normal -0 0 1
    outer loop
      vertex 0 14 0.5
      vertex 2.50722 13.853 0.5
      vertex 2.5 14 0.5
    endloop
  endfacet
  facet normal 0 0 1
    outer loop
      vertex 0 14 0.5
      vertex 2.52882 13.7074 0.5
      vertex 2.50722 13.853 0.5
    endloop
  endfacet
  facet normal 0 0 1
    outer loop
      vertex 0 14 0.5
      vertex 2.56459 13.5646 0.5
      vertex 2.52882 13.7074 0.5
    endloop
  endfacet
  facet normal 0 0 1
    outer loop
      vertex 0 14 0.5
      vertex 2.61418 13.426 0.5
      vertex 2.56459 13.5646 0.5
    endloop
  endfacet
  facet normal 0 0 1
    outer loop
      vertex 0 14 0.5
      vertex 2.67712 13.2929 0.5
      vertex 2.61418 13.426 0.5
    endloop
  endfacet
  facet normal 0 0 1
    outer loop
      vertex 0 14 0.5
      vertex 2.7528 13.1666 0.5
      vertex 2.67712 13.2929 0.5
    endloop
  endfacet
  facet normal 0 0 1
    outer loop
      vertex 0 14 0.5
      vertex 2.84048 13.0484 0.5
      vertex 2.7528 13.1666 0.5
    endloop
  endfacet
  facet normal 0 0 1
    outer loop
      vertex 0 14 0.5
      vertex 2.93934 12.9393 0.5
      vertex 2.84048 13.0484 0.5
    endloop
  endfacet
  facet normal 0 0 1
    outer loop
      vertex 0 14 0.5
      vertex 3.04841 12.8405 0.5
      vertex 2.93934 12.9393 0.5
    endloop
  endfacet
  facet normal 0 0 1
    outer loop
      vertex 0 14 0.5
      vertex 3.16664 12.7528 0.5
      vertex 3.04841 12.8405 0.5
    endloop
  endfacet
  facet normal 0 0 1
    outer loop
      vertex 0 0 0.5
      vertex 3.16664 12.7528 0.5
      vertex 0 14 0.5
    endloop
  endfacet
  facet normal 0 0 1
    outer loop
      vertex 4.83335 12.7528 0.5
      vertex 0 0 0.5
      vertex 22 0 0.5
    endloop
  endfacet
  facet normal 0 0 -1
    outer loop
      vertex 5.2472 13.1666 0
      vertex 22 14 0
      vertex 22 0 0
    endloop
  endfacet
  facet normal -0 0 -1
    outer loop
      vertex 22 14 0
      vertex 5.49278 13.853 0
      vertex 5.5 14 0
    endloop
  endfacet
  facet normal 0 0 -1
    outer loop
      vertex 22 14 0
      vertex 5.47118 13.7074 0
      vertex 5.49278 13.853 0
    endloop
  endfacet
  facet normal 0 0 -1
    outer loop
      vertex 22 14 0
      vertex 5.43541 13.5646 0
      vertex 5.47118 13.7074 0
    endloop
  endfacet
  facet normal 0 0 -1
    outer loop
      vertex 22 14 0
      vertex 5.38582 13.426 0
      vertex 5.43541 13.5646 0
    endloop
  endfacet
  facet normal 0 0 -1
    outer loop
      vertex 22 14 0
      vertex 5.32288 13.2929 0
      vertex 5.38582 13.426 0
    endloop
  endfacet
  facet normal 0 0 -1
    outer loop
      vertex 22 14 0
      vertex 5.2472 13.1666 0
      vertex 5.32288 13.2929 0
    endloop
  endfacet
  facet normal 0 0 -1
    outer loop
      vertex 22 0 0
      vertex 5.15952 13.0484 0
      vertex 5.2472 13.1666 0
    endloop
  endfacet
  facet normal 0 0 -1
    outer loop
      vertex 22 0 0
      vertex 5.06066 12.9393 0
      vertex 5.15952 13.0484 0
    endloop
  endfacet
  facet normal 0 0 -1
    outer loop
      vertex 22 0 0
      vertex 4.95159 12.8405 0
      vertex 5.06066 12.9393 0
    endloop
  endfacet
  facet normal 0 0 -1
    outer loop
      vertex 22 0 0
      vertex 4.83335 12.7528 0
      vertex 4.95159 12.8405 0
    endloop
  endfacet
  facet normal 0 0 -1
    outer loop
      vertex 0 0 0
      vertex 4.83335 12.7528 0
      vertex 22 0 0
    endloop
  endfacet
  facet normal 0 0 -1
    outer loop
      vertex 4.83335 12.7528 0
      vertex 0 0 0
      vertex 4.70709 12.6771 0
    endloop
  endfacet
  facet normal 0 0 -1
    outer loop
      vertex 4.70709 12.6771 0
      vertex 0 0 0
      vertex 4.57402 12.6142 0
    endloop
  endfacet
  facet normal 0 0 -1
    outer loop
      vertex 4.57402 12.6142 0
      vertex 0 0 0
      vertex 4.43543 12.5646 0
    endloop
  endfacet
  facet normal 0 0 -1
    outer loop
      vertex 4.43543 12.5646 0
      vertex 0 0 0
      vertex 4.29263 12.5288 0
    endloop
  endfacet
  facet normal 0 0 -1
    outer loop
      vertex 4.29263 12.5288 0
      vertex 0 0 0
      vertex 4.14703 12.5072 0
    endloop
  endfacet
  facet normal 0 0 -1
    outer loop
      vertex 4.14703 12.5072 0
      vertex 0 0 0
      vertex 4 12.5 0
    endloop
  endfacet
  facet normal -0 0 -1
    outer loop
      vertex 4 12.5 0
      vertex 0 0 0
      vertex 3.85297 12.5072 0
    endloop
  endfacet
  facet normal -0 0 -1
    outer loop
      vertex 3.85297 12.5072 0
      vertex 0 0 0
      vertex 3.70736 12.5288 0
    endloop
  endfacet
  facet normal -0 0 -1
    outer loop
      vertex 3.70736 12.5288 0
      vertex 0 0 0
      vertex 3.56457 12.5646 0
    endloop
  endfacet
  facet normal -0 0 -1
    outer loop
      vertex 3.56457 12.5646 0
      vertex 0 0 0
      vertex 3.42597 12.6142 0
    endloop
  endfacet
  facet normal -0 0 -1
    outer loop
      vertex 3.42597 12.6142 0
      vertex 0 0 0
      vertex 3.2929 12.6771 0
    endloop
  endfacet
  facet normal -0 0 -1
    outer loop
      vertex 3.2929 12.6771 0
      vertex 0 0 0
      vertex 3.16664 12.7528 0
    endloop
  endfacet
  facet normal 0 0 -1
    outer loop
      vertex 0 14 0
      vertex 3.16664 12.7528 0
      vertex 0 0 0
    endloop
  endfacet
  facet normal 0 0 -1
    outer loop
      vertex 3.16664 12.7528 0
      vertex 0 14 0
      vertex 3.04841 12.8405 0
    endloop
  endfacet
  facet normal 0 0 -1
    outer loop
      vertex 3.04841 12.8405 0
      vertex 0 14 0
      vertex 2.93934 12.9393 0
    endloop
  endfacet
  facet normal 0 0 -1
    outer loop
      vertex 2.93934 12.9393 0
      vertex 0 14 0
      vertex 2.84048 13.0484 0
    endloop
  endfacet
  facet normal 0 0 -1
    outer loop
      vertex 2.84048 13.0484 0
      vertex 0 14 0
      vertex 2.7528 13.1666 0
    endloop
  endfacet
  facet normal 0 0 -1
    outer loop
      vertex 2.7528 13.1666 0
      vertex 0 14 0
      vertex 2.67712 13.2929 0
    endloop
  endfacet
  facet normal 0 0 -1
    outer loop
      vertex 2.67712 13.2929 0
      vertex 0 14 0
      vertex 2.61418 13.426 0
    endloop
  endfacet
  facet normal 0 0 -1
    outer loop
      vertex 2.61418 13.426 0
      vertex 0 14 0
      vertex 2.56459 13.5646 0
    endloop
  endfacet
  facet normal 0 0 -1
    outer loop
      vertex 2.56459 13.5646 0
      vertex 0 14 0
      vertex 2.52882 13.7074 0
    endloop
  endfacet
  facet normal 0 0 -1
    outer loop
      vertex 2.52882 13.7074 0
      vertex 0 14 0
      vertex 2.50722 13.853 0
    endloop
  endfacet
  facet normal 0 0 -1
    outer loop
      vertex 2.50722 13.853 0
      vertex 0 14 0
      vertex 2.5 14 0
    endloop
  endfacet
  facet normal -1 0 0
    outer loop
      vertex 0 0 0
      vertex 0 14 0.5
      vertex 0 14 0
    endloop
  endfacet
  facet normal -1 -0 0
    outer loop
      vertex 0 14 0.5
      vertex 0 0 0
      vertex 0 0 0.5
    endloop
  endfacet
  facet normal 0 1 -0
    outer loop
      vertex 2.5 14 0
      vertex 0 14 0.5
      vertex 2.5 14 0.5
    endloop
  endfacet
  facet normal 0 1 0
    outer loop
      vertex 0 14 0.5
      vertex 2.5 14 0
      vertex 0 14 0
    endloop
  endfacet
  facet normal 0 1 -0
    outer loop
      vertex 22 14 0
      vertex 5.5 14 0.5
      vertex 22 14 0.5
    endloop
  endfacet
  facet normal 0 1 0
    outer loop
      vertex 5.5 14 0.5
      vertex 22 14 0
      vertex 5.5 14 0
    endloop
  endfacet
  facet normal 0 -1 0
    outer loop
      vertex 0 0 0
      vertex 22 0 0.5
      vertex 0 0 0.5
    endloop
  endfacet
  facet normal 0 -1 -0
    outer loop
      vertex 22 0 0.5
      vertex 0 0 0
      vertex 22 0 0
    endloop
  endfacet
  facet normal 0.336939 0.941527 -0
    outer loop
      vertex 3.56457 12.5646 0
      vertex 3.42597 12.6142 0.5
      vertex 3.56457 12.5646 0.5
    endloop
  endfacet
  facet normal 0.336939 0.941527 0
    outer loop
      vertex 3.42597 12.6142 0.5
      vertex 3.56457 12.5646 0
      vertex 3.42597 12.6142 0
    endloop
  endfacet
  facet normal 0.243191 0.969978 -0
    outer loop
      vertex 3.70736 12.5288 0
      vertex 3.56457 12.5646 0.5
      vertex 3.70736 12.5288 0.5
    endloop
  endfacet
  facet normal 0.243191 0.969978 0
    outer loop
      vertex 3.56457 12.5646 0.5
      vertex 3.70736 12.5288 0
      vertex 3.56457 12.5646 0
    endloop
  endfacet
  facet normal 0.90402 0.427491 0
    outer loop
      vertex 2.67712 13.2929 0.5
      vertex 2.61418 13.426 0
      vertex 2.61418 13.426 0.5
    endloop
  endfacet
  facet normal 0.90402 0.427491 0
    outer loop
      vertex 2.61418 13.426 0
      vertex 2.67712 13.2929 0.5
      vertex 2.67712 13.2929 0
    endloop
  endfacet
  facet normal 0.857792 0.513996 0
    outer loop
      vertex 2.7528 13.1666 0.5
      vertex 2.67712 13.2929 0
      vertex 2.67712 13.2929 0.5
    endloop
  endfacet
  facet normal 0.857792 0.513996 0
    outer loop
      vertex 2.67712 13.2929 0
      vertex 2.7528 13.1666 0.5
      vertex 2.7528 13.1666 0
    endloop
  endfacet
  facet normal -0.243175 0.969982 0
    outer loop
      vertex 4.43543 12.5646 0
      vertex 4.29263 12.5288 0.5
      vertex 4.43543 12.5646 0.5
    endloop
  endfacet
  facet normal -0.243175 0.969982 0
    outer loop
      vertex 4.29263 12.5288 0.5
      vertex 4.43543 12.5646 0
      vertex 4.29263 12.5288 0
    endloop
  endfacet
  facet normal 0.595764 0.80316 -0
    outer loop
      vertex 3.16664 12.7528 0
      vertex 3.04841 12.8405 0.5
      vertex 3.16664 12.7528 0.5
    endloop
  endfacet
  facet normal 0.595764 0.80316 0
    outer loop
      vertex 3.04841 12.8405 0.5
      vertex 3.16664 12.7528 0
      vertex 3.04841 12.8405 0
    endloop
  endfacet
  facet normal -0.514216 0.857661 0
    outer loop
      vertex 4.83335 12.7528 0
      vertex 4.70709 12.6771 0.5
      vertex 4.83335 12.7528 0.5
    endloop
  endfacet
  facet normal -0.514216 0.857661 0
    outer loop
      vertex 4.70709 12.6771 0.5
      vertex 4.83335 12.7528 0
      vertex 4.70709 12.6771 0
    endloop
  endfacet
  facet normal -0.803153 0.595773 0
    outer loop
      vertex 5.15952 13.0484 0
      vertex 5.2472 13.1666 0.5
      vertex 5.2472 13.1666 0
    endloop
  endfacet
  facet normal -0.803153 0.595773 0
    outer loop
      vertex 5.2472 13.1666 0.5
      vertex 5.15952 13.0484 0
      vertex 5.15952 13.0484 0.5
    endloop
  endfacet
  facet normal -0.989174 0.146746 0
    outer loop
      vertex 5.47118 13.7074 0
      vertex 5.49278 13.853 0.5
      vertex 5.49278 13.853 0
    endloop
  endfacet
  facet normal -0.989174 0.146746 0
    outer loop
      vertex 5.49278 13.853 0.5
      vertex 5.47118 13.7074 0
      vertex 5.47118 13.7074 0.5
    endloop
  endfacet
  facet normal 0.941548 0.336879 0
    outer loop
      vertex 2.61418 13.426 0.5
      vertex 2.56459 13.5646 0
      vertex 2.56459 13.5646 0.5
    endloop
  endfacet
  facet normal 0.941548 0.336879 0
    outer loop
      vertex 2.56459 13.5646 0
      vertex 2.61418 13.426 0.5
      vertex 2.61418 13.426 0
    endloop
  endfacet
  facet normal -0.970031 0.242983 0
    outer loop
      vertex 5.43541 13.5646 0
      vertex 5.47118 13.7074 0.5
      vertex 5.47118 13.7074 0
    endloop
  endfacet
  facet normal -0.970031 0.242983 0
    outer loop
      vertex 5.47118 13.7074 0.5
      vertex 5.43541 13.5646 0
      vertex 5.43541 13.5646 0.5
    endloop
  endfacet
  facet normal -0.33696 0.941519 0
    outer loop
      vertex 4.57402 12.6142 0
      vertex 4.43543 12.5646 0.5
      vertex 4.57402 12.6142 0.5
    endloop
  endfacet
  facet normal -0.33696 0.941519 0
    outer loop
      vertex 4.43543 12.5646 0.5
      vertex 4.57402 12.6142 0
      vertex 4.43543 12.5646 0
    endloop
  endfacet
  facet normal -0.998796 0.0490565 0
    outer loop
      vertex 5.49278 13.853 0
      vertex 5.5 14 0.5
      vertex 5.5 14 0
    endloop
  endfacet
  facet normal -0.998796 0.0490565 0
    outer loop
      vertex 5.5 14 0.5
      vertex 5.49278 13.853 0
      vertex 5.49278 13.853 0.5
    endloop
  endfacet
  facet normal -0.90402 0.427491 0
    outer loop
      vertex 5.32288 13.2929 0
      vertex 5.38582 13.426 0.5
      vertex 5.38582 13.426 0
    endloop
  endfacet
  facet normal -0.90402 0.427491 0
    outer loop
      vertex 5.38582 13.426 0.5
      vertex 5.32288 13.2929 0
      vertex 5.32288 13.2929 0.5
    endloop
  endfacet
  facet normal 0.671353 0.741138 -0
    outer loop
      vertex 3.04841 12.8405 0
      vertex 2.93934 12.9393 0.5
      vertex 3.04841 12.8405 0.5
    endloop
  endfacet
  facet normal 0.671353 0.741138 0
    outer loop
      vertex 2.93934 12.9393 0.5
      vertex 3.04841 12.8405 0
      vertex 2.93934 12.9393 0
    endloop
  endfacet
  facet normal 0.514216 0.857661 -0
    outer loop
      vertex 3.2929 12.6771 0
      vertex 3.16664 12.7528 0.5
      vertex 3.2929 12.6771 0.5
    endloop
  endfacet
  facet normal 0.514216 0.857661 0
    outer loop
      vertex 3.16664 12.7528 0.5
      vertex 3.2929 12.6771 0
      vertex 3.16664 12.7528 0
    endloop
  endfacet
  facet normal -0.146746 0.989174 0
    outer loop
      vertex 4.29263 12.5288 0
      vertex 4.14703 12.5072 0.5
      vertex 4.29263 12.5288 0.5
    endloop
  endfacet
  facet normal -0.146746 0.989174 0
    outer loop
      vertex 4.14703 12.5072 0.5
      vertex 4.29263 12.5288 0
      vertex 4.14703 12.5072 0
    endloop
  endfacet
  facet normal -0.857792 0.513996 0
    outer loop
      vertex 5.2472 13.1666 0
      vertex 5.32288 13.2929 0.5
      vertex 5.32288 13.2929 0
    endloop
  endfacet
  facet normal -0.857792 0.513996 0
    outer loop
      vertex 5.32288 13.2929 0.5
      vertex 5.2472 13.1666 0
      vertex 5.2472 13.1666 0.5
    endloop
  endfacet
  facet normal 0.998796 0.0490565 0
    outer loop
      vertex 2.50722 13.853 0.5
      vertex 2.5 14 0
      vertex 2.5 14 0.5
    endloop
  endfacet
  facet normal 0.998796 0.0490565 0
    outer loop
      vertex 2.5 14 0
      vertex 2.50722 13.853 0.5
      vertex 2.50722 13.853 0
    endloop
  endfacet
  facet normal -0.941548 0.336879 0
    outer loop
      vertex 5.38582 13.426 0
      vertex 5.43541 13.5646 0.5
      vertex 5.43541 13.5646 0
    endloop
  endfacet
  facet normal -0.941548 0.336879 0
    outer loop
      vertex 5.43541 13.5646 0.5
      vertex 5.38582 13.426 0
      vertex 5.38582 13.426 0.5
    endloop
  endfacet
  facet normal 0.146736 0.989176 -0
    outer loop
      vertex 3.85297 12.5072 0
      vertex 3.70736 12.5288 0.5
      vertex 3.85297 12.5072 0.5
    endloop
  endfacet
  facet normal 0.146736 0.989176 0
    outer loop
      vertex 3.70736 12.5288 0.5
      vertex 3.85297 12.5072 0
      vertex 3.70736 12.5288 0
    endloop
  endfacet
  facet normal -0.671353 0.741138 0
    outer loop
      vertex 5.06066 12.9393 0
      vertex 4.95159 12.8405 0.5
      vertex 5.06066 12.9393 0.5
    endloop
  endfacet
  facet normal -0.671353 0.741138 0
    outer loop
      vertex 4.95159 12.8405 0.5
      vertex 5.06066 12.9393 0
      vertex 4.95159 12.8405 0
    endloop
  endfacet
  facet normal 0.048911 0.998803 -0
    outer loop
      vertex 4 12.5 0
      vertex 3.85297 12.5072 0.5
      vertex 4 12.5 0.5
    endloop
  endfacet
  facet normal 0.048911 0.998803 0
    outer loop
      vertex 3.85297 12.5072 0.5
      vertex 4 12.5 0
      vertex 3.85297 12.5072 0
    endloop
  endfacet
  facet normal 0.970031 0.242983 0
    outer loop
      vertex 2.56459 13.5646 0.5
      vertex 2.52882 13.7074 0
      vertex 2.52882 13.7074 0.5
    endloop
  endfacet
  facet normal 0.970031 0.242983 0
    outer loop
      vertex 2.52882 13.7074 0
      vertex 2.56459 13.5646 0.5
      vertex 2.56459 13.5646 0
    endloop
  endfacet
  facet normal 0.427347 0.904088 -0
    outer loop
      vertex 3.42597 12.6142 0
      vertex 3.2929 12.6771 0.5
      vertex 3.42597 12.6142 0.5
    endloop
  endfacet
  facet normal 0.427347 0.904088 0
    outer loop
      vertex 3.2929 12.6771 0.5
      vertex 3.42597 12.6142 0
      vertex 3.2929 12.6771 0
    endloop
  endfacet
  facet normal 0.741027 0.671475 0
    outer loop
      vertex 2.93934 12.9393 0.5
      vertex 2.84048 13.0484 0
      vertex 2.84048 13.0484 0.5
    endloop
  endfacet
  facet normal 0.741027 0.671475 0
    outer loop
      vertex 2.84048 13.0484 0
      vertex 2.93934 12.9393 0.5
      vertex 2.93934 12.9393 0
    endloop
  endfacet
  facet normal -0.427347 0.904088 0
    outer loop
      vertex 4.70709 12.6771 0
      vertex 4.57402 12.6142 0.5
      vertex 4.70709 12.6771 0.5
    endloop
  endfacet
  facet normal -0.427347 0.904088 0
    outer loop
      vertex 4.57402 12.6142 0.5
      vertex 4.70709 12.6771 0
      vertex 4.57402 12.6142 0
    endloop
  endfacet
  facet normal -0.048911 0.998803 0
    outer loop
      vertex 4.14703 12.5072 0
      vertex 4 12.5 0.5
      vertex 4.14703 12.5072 0.5
    endloop
  endfacet
  facet normal -0.048911 0.998803 0
    outer loop
      vertex 4 12.5 0.5
      vertex 4.14703 12.5072 0
      vertex 4 12.5 0
    endloop
  endfacet
  facet normal 0.989174 0.146746 0
    outer loop
      vertex 2.52882 13.7074 0.5
      vertex 2.50722 13.853 0
      vertex 2.50722 13.853 0.5
    endloop
  endfacet
  facet normal 0.989174 0.146746 0
    outer loop
      vertex 2.50722 13.853 0
      vertex 2.52882 13.7074 0.5
      vertex 2.52882 13.7074 0
    endloop
  endfacet
  facet normal -0.595731 0.803184 0
    outer loop
      vertex 4.95159 12.8405 0
      vertex 4.83335 12.7528 0.5
      vertex 4.95159 12.8405 0.5
    endloop
  endfacet
  facet normal -0.595731 0.803184 0
    outer loop
      vertex 4.83335 12.7528 0.5
      vertex 4.95159 12.8405 0
      vertex 4.83335 12.7528 0
    endloop
  endfacet
  facet normal 0.803153 0.595773 0
    outer loop
      vertex 2.84048 13.0484 0.5
      vertex 2.7528 13.1666 0
      vertex 2.7528 13.1666 0.5
    endloop
  endfacet
  facet normal 0.803153 0.595773 0
    outer loop
      vertex 2.7528 13.1666 0
      vertex 2.84048 13.0484 0.5
      vertex 2.84048 13.0484 0
    endloop
  endfacet
  facet normal -0.741027 0.671475 0
    outer loop
      vertex 5.06066 12.9393 0
      vertex 5.15952 13.0484 0.5
      vertex 5.15952 13.0484 0
    endloop
  endfacet
  facet normal -0.741027 0.671475 0
    outer loop
      vertex 5.15952 13.0484 0.5
      vertex 5.06066 12.9393 0
      vertex 5.06066 12.9393 0.5
    endloop
  endfacet
  facet normal 0.048911 0.998803 -0
    outer loop
      vertex 4 30.5 0
      vertex 3.85297 30.5072 1
      vertex 4 30.5 1
    endloop
  endfacet
  facet normal 0.048911 0.998803 0
    outer loop
      vertex 3.85297 30.5072 1
      vertex 4 30.5 0
      vertex 3.85297 30.5072 0
    endloop
  endfacet
  facet normal -0.243175 0.969982 0
    outer loop
      vertex 4.43543 30.5646 0
      vertex 4.29263 30.5288 1
      vertex 4.43543 30.5646 1
    endloop
  endfacet
  facet normal -0.243175 0.969982 0
    outer loop
      vertex 4.29263 30.5288 1
      vertex 4.43543 30.5646 0
      vertex 4.29263 30.5288 0
    endloop
  endfacet
  facet normal -0.803153 0.595773 0
    outer loop
      vertex 5.15952 31.0484 0
      vertex 5.2472 31.1666 1
      vertex 5.2472 31.1666 0
    endloop
  endfacet
  facet normal -0.803153 0.595773 0
    outer loop
      vertex 5.2472 31.1666 1
      vertex 5.15952 31.0484 0
      vertex 5.15952 31.0484 1
    endloop
  endfacet
  facet normal -0.595731 0.803184 0
    outer loop
      vertex 4.95159 30.8405 0
      vertex 4.83335 30.7528 1
      vertex 4.95159 30.8405 1
    endloop
  endfacet
  facet normal -0.595731 0.803184 0
    outer loop
      vertex 4.83335 30.7528 1
      vertex 4.95159 30.8405 0
      vertex 4.83335 30.7528 0
    endloop
  endfacet
  facet normal 0.941548 0.336879 0
    outer loop
      vertex 2.61418 31.426 1
      vertex 2.56459 31.5646 0
      vertex 2.56459 31.5646 1
    endloop
  endfacet
  facet normal 0.941548 0.336879 0
    outer loop
      vertex 2.56459 31.5646 0
      vertex 2.61418 31.426 1
      vertex 2.61418 31.426 0
    endloop
  endfacet
  facet normal -0.671353 0.741138 0
    outer loop
      vertex 5.06066 30.9393 0
      vertex 4.95159 30.8405 1
      vertex 5.06066 30.9393 1
    endloop
  endfacet
  facet normal -0.671353 0.741138 0
    outer loop
      vertex 4.95159 30.8405 1
      vertex 5.06066 30.9393 0
      vertex 4.95159 30.8405 0
    endloop
  endfacet
  facet normal -0.989174 0.146746 0
    outer loop
      vertex 5.47118 31.7074 0
      vertex 5.49278 31.853 1
      vertex 5.49278 31.853 0
    endloop
  endfacet
  facet normal -0.989174 0.146746 0
    outer loop
      vertex 5.49278 31.853 1
      vertex 5.47118 31.7074 0
      vertex 5.47118 31.7074 1
    endloop
  endfacet
  facet normal 0.741027 0.671475 0
    outer loop
      vertex 2.93934 30.9393 1
      vertex 2.84048 31.0484 0
      vertex 2.84048 31.0484 1
    endloop
  endfacet
  facet normal 0.741027 0.671475 0
    outer loop
      vertex 2.84048 31.0484 0
      vertex 2.93934 30.9393 1
      vertex 2.93934 30.9393 0
    endloop
  endfacet
  facet normal -0.90402 0.427491 0
    outer loop
      vertex 5.32288 31.2929 0
      vertex 5.38582 31.426 1
      vertex 5.38582 31.426 0
    endloop
  endfacet
  facet normal -0.90402 0.427491 0
    outer loop
      vertex 5.38582 31.426 1
      vertex 5.32288 31.2929 0
      vertex 5.32288 31.2929 1
    endloop
  endfacet
  facet normal 0.857792 0.513996 0
    outer loop
      vertex 2.7528 31.1666 1
      vertex 2.67712 31.2929 0
      vertex 2.67712 31.2929 1
    endloop
  endfacet
  facet normal 0.857792 0.513996 0
    outer loop
      vertex 2.67712 31.2929 0
      vertex 2.7528 31.1666 1
      vertex 2.7528 31.1666 0
    endloop
  endfacet
  facet normal -0.048911 0.998803 0
    outer loop
      vertex 4.14703 30.5072 0
      vertex 4 30.5 1
      vertex 4.14703 30.5072 1
    endloop
  endfacet
  facet normal -0.048911 0.998803 0
    outer loop
      vertex 4 30.5 1
      vertex 4.14703 30.5072 0
      vertex 4 30.5 0
    endloop
  endfacet
  facet normal 0.336939 0.941527 -0
    outer loop
      vertex 3.56457 30.5646 0
      vertex 3.42597 30.6142 1
      vertex 3.56457 30.5646 1
    endloop
  endfacet
  facet normal 0.336939 0.941527 0
    outer loop
      vertex 3.42597 30.6142 1
      vertex 3.56457 30.5646 0
      vertex 3.42597 30.6142 0
    endloop
  endfacet
  facet normal 0.671353 0.741138 -0
    outer loop
      vertex 3.04841 30.8405 0
      vertex 2.93934 30.9393 1
      vertex 3.04841 30.8405 1
    endloop
  endfacet
  facet normal 0.671353 0.741138 0
    outer loop
      vertex 2.93934 30.9393 1
      vertex 3.04841 30.8405 0
      vertex 2.93934 30.9393 0
    endloop
  endfacet
  facet normal -0.998796 0.0490565 0
    outer loop
      vertex 5.49278 31.853 0
      vertex 5.5 32 1
      vertex 5.5 32 0
    endloop
  endfacet
  facet normal -0.998796 0.0490565 0
    outer loop
      vertex 5.5 32 1
      vertex 5.49278 31.853 0
      vertex 5.49278 31.853 1
    endloop
  endfacet
  facet normal -0.33696 0.941519 0
    outer loop
      vertex 4.57402 30.6142 0
      vertex 4.43543 30.5646 1
      vertex 4.57402 30.6142 1
    endloop
  endfacet
  facet normal -0.33696 0.941519 0
    outer loop
      vertex 4.43543 30.5646 1
      vertex 4.57402 30.6142 0
      vertex 4.43543 30.5646 0
    endloop
  endfacet
  facet normal 0.803153 0.595773 0
    outer loop
      vertex 2.84048 31.0484 1
      vertex 2.7528 31.1666 0
      vertex 2.7528 31.1666 1
    endloop
  endfacet
  facet normal 0.803153 0.595773 0
    outer loop
      vertex 2.7528 31.1666 0
      vertex 2.84048 31.0484 1
      vertex 2.84048 31.0484 0
    endloop
  endfacet
  facet normal -0.857792 0.513996 0
    outer loop
      vertex 5.2472 31.1666 0
      vertex 5.32288 31.2929 1
      vertex 5.32288 31.2929 0
    endloop
  endfacet
  facet normal -0.857792 0.513996 0
    outer loop
      vertex 5.32288 31.2929 1
      vertex 5.2472 31.1666 0
      vertex 5.2472 31.1666 1
    endloop
  endfacet
  facet normal 0.998796 0.0490565 0
    outer loop
      vertex 2.50722 31.853 1
      vertex 2.5 32 0
      vertex 2.5 32 1
    endloop
  endfacet
  facet normal 0.998796 0.0490565 0
    outer loop
      vertex 2.5 32 0
      vertex 2.50722 31.853 1
      vertex 2.50722 31.853 0
    endloop
  endfacet
  facet normal 0.989174 0.146746 0
    outer loop
      vertex 2.52882 31.7074 1
      vertex 2.50722 31.853 0
      vertex 2.50722 31.853 1
    endloop
  endfacet
  facet normal 0.989174 0.146746 0
    outer loop
      vertex 2.50722 31.853 0
      vertex 2.52882 31.7074 1
      vertex 2.52882 31.7074 0
    endloop
  endfacet
  facet normal -0.146746 0.989174 0
    outer loop
      vertex 4.29263 30.5288 0
      vertex 4.14703 30.5072 1
      vertex 4.29263 30.5288 1
    endloop
  endfacet
  facet normal -0.146746 0.989174 0
    outer loop
      vertex 4.14703 30.5072 1
      vertex 4.29263 30.5288 0
      vertex 4.14703 30.5072 0
    endloop
  endfacet
  facet normal 0.427347 0.904088 -0
    outer loop
      vertex 3.42597 30.6142 0
      vertex 3.2929 30.6771 1
      vertex 3.42597 30.6142 1
    endloop
  endfacet
  facet normal 0.427347 0.904088 0
    outer loop
      vertex 3.2929 30.6771 1
      vertex 3.42597 30.6142 0
      vertex 3.2929 30.6771 0
    endloop
  endfacet
  facet normal -0.970031 0.242983 0
    outer loop
      vertex 5.43541 31.5646 0
      vertex 5.47118 31.7074 1
      vertex 5.47118 31.7074 0
    endloop
  endfacet
  facet normal -0.970031 0.242983 0
    outer loop
      vertex 5.47118 31.7074 1
      vertex 5.43541 31.5646 0
      vertex 5.43541 31.5646 1
    endloop
  endfacet
  facet normal -0.941548 0.336879 0
    outer loop
      vertex 5.38582 31.426 0
      vertex 5.43541 31.5646 1
      vertex 5.43541 31.5646 0
    endloop
  endfacet
  facet normal -0.941548 0.336879 0
    outer loop
      vertex 5.43541 31.5646 1
      vertex 5.38582 31.426 0
      vertex 5.38582 31.426 1
    endloop
  endfacet
  facet normal 0.595764 0.80316 -0
    outer loop
      vertex 3.16664 30.7528 0
      vertex 3.04841 30.8405 1
      vertex 3.16664 30.7528 1
    endloop
  endfacet
  facet normal 0.595764 0.80316 0
    outer loop
      vertex 3.04841 30.8405 1
      vertex 3.16664 30.7528 0
      vertex 3.04841 30.8405 0
    endloop
  endfacet
  facet normal 0.243191 0.969978 -0
    outer loop
      vertex 3.70736 30.5288 0
      vertex 3.56457 30.5646 1
      vertex 3.70736 30.5288 1
    endloop
  endfacet
  facet normal 0.243191 0.969978 0
    outer loop
      vertex 3.56457 30.5646 1
      vertex 3.70736 30.5288 0
      vertex 3.56457 30.5646 0
    endloop
  endfacet
  facet normal 0.90402 0.427491 0
    outer loop
      vertex 2.67712 31.2929 1
      vertex 2.61418 31.426 0
      vertex 2.61418 31.426 1
    endloop
  endfacet
  facet normal 0.90402 0.427491 0
    outer loop
      vertex 2.61418 31.426 0
      vertex 2.67712 31.2929 1
      vertex 2.67712 31.2929 0
    endloop
  endfacet
  facet normal 0.146736 0.989176 -0
    outer loop
      vertex 3.85297 30.5072 0
      vertex 3.70736 30.5288 1
      vertex 3.85297 30.5072 1
    endloop
  endfacet
  facet normal 0.146736 0.989176 0
    outer loop
      vertex 3.70736 30.5288 1
      vertex 3.85297 30.5072 0
      vertex 3.70736 30.5288 0
    endloop
  endfacet
  facet normal -0.741027 0.671475 0
    outer loop
      vertex 5.06066 30.9393 0
      vertex 5.15952 31.0484 1
      vertex 5.15952 31.0484 0
    endloop
  endfacet
  facet normal -0.741027 0.671475 0
    outer loop
      vertex 5.15952 31.0484 1
      vertex 5.06066 30.9393 0
      vertex 5.06066 30.9393 1
    endloop
  endfacet
  facet normal 0.970031 0.242983 0
    outer loop
      vertex 2.56459 31.5646 1
      vertex 2.52882 31.7074 0
      vertex 2.52882 31.7074 1
    endloop
  endfacet
  facet normal 0.970031 0.242983 0
    outer loop
      vertex 2.52882 31.7074 0
      vertex 2.56459 31.5646 1
      vertex 2.56459 31.5646 0
    endloop
  endfacet
  facet normal -0.427347 0.904088 0
    outer loop
      vertex 4.70709 30.6771 0
      vertex 4.57402 30.6142 1
      vertex 4.70709 30.6771 1
    endloop
  endfacet
  facet normal -0.427347 0.904088 0
    outer loop
      vertex 4.57402 30.6142 1
      vertex 4.70709 30.6771 0
      vertex 4.57402 30.6142 0
    endloop
  endfacet
  facet normal -0.514216 0.857661 0
    outer loop
      vertex 4.83335 30.7528 0
      vertex 4.70709 30.6771 1
      vertex 4.83335 30.7528 1
    endloop
  endfacet
  facet normal -0.514216 0.857661 0
    outer loop
      vertex 4.70709 30.6771 1
      vertex 4.83335 30.7528 0
      vertex 4.70709 30.6771 0
    endloop
  endfacet
  facet normal 0.514216 0.857661 -0
    outer loop
      vertex 3.2929 30.6771 0
      vertex 3.16664 30.7528 1
      vertex 3.2929 30.6771 1
    endloop
  endfacet
  facet normal 0.514216 0.857661 0
    outer loop
      vertex 3.16664 30.7528 1
      vertex 3.2929 30.6771 0
      vertex 3.16664 30.7528 0
    endloop
  endfacet
  facet normal 0.048911 0.998803 -0
    outer loop
      vertex 8.5 30.5 0
      vertex 8.35297 30.5072 1
      vertex 8.5 30.5 1
    endloop
  endfacet
  facet normal 0.048911 0.998803 0
    outer loop
      vertex 8.35297 30.5072 1
      vertex 8.5 30.5 0
      vertex 8.35297 30.5072 0
    endloop
  endfacet
  facet normal -0.243175 0.969982 0
    outer loop
      vertex 8.93543 30.5646 0
      vertex 8.79263 30.5288 1
      vertex 8.93543 30.5646 1
    endloop
  endfacet
  facet normal -0.243175 0.969982 0
    outer loop
      vertex 8.79263 30.5288 1
      vertex 8.93543 30.5646 0
      vertex 8.79263 30.5288 0
    endloop
  endfacet
  facet normal -0.803153 0.595773 0
    outer loop
      vertex 9.65952 31.0484 0
      vertex 9.7472 31.1666 1
      vertex 9.7472 31.1666 0
    endloop
  endfacet
  facet normal -0.803153 0.595773 0
    outer loop
      vertex 9.7472 31.1666 1
      vertex 9.65952 31.0484 0
      vertex 9.65952 31.0484 1
    endloop
  endfacet
  facet normal -0.595731 0.803184 0
    outer loop
      vertex 9.45159 30.8405 0
      vertex 9.33335 30.7528 1
      vertex 9.45159 30.8405 1
    endloop
  endfacet
  facet normal -0.595731 0.803184 0
    outer loop
      vertex 9.33335 30.7528 1
      vertex 9.45159 30.8405 0
      vertex 9.33335 30.7528 0
    endloop
  endfacet
  facet normal 0.941548 0.336879 0
    outer loop
      vertex 7.11418 31.426 1
      vertex 7.06459 31.5646 0
      vertex 7.06459 31.5646 1
    endloop
  endfacet
  facet normal 0.941548 0.336879 0
    outer loop
      vertex 7.06459 31.5646 0
      vertex 7.11418 31.426 1
      vertex 7.11418 31.426 0
    endloop
  endfacet
  facet normal -0.671353 0.741138 0
    outer loop
      vertex 9.56066 30.9393 0
      vertex 9.45159 30.8405 1
      vertex 9.56066 30.9393 1
    endloop
  endfacet
  facet normal -0.671353 0.741138 0
    outer loop
      vertex 9.45159 30.8405 1
      vertex 9.56066 30.9393 0
      vertex 9.45159 30.8405 0
    endloop
  endfacet
  facet normal -0.989174 0.146746 0
    outer loop
      vertex 9.97118 31.7074 0
      vertex 9.99278 31.853 1
      vertex 9.99278 31.853 0
    endloop
  endfacet
  facet normal -0.989174 0.146746 0
    outer loop
      vertex 9.99278 31.853 1
      vertex 9.97118 31.7074 0
      vertex 9.97118 31.7074 1
    endloop
  endfacet
  facet normal 0.741027 0.671475 0
    outer loop
      vertex 7.43934 30.9393 1
      vertex 7.34048 31.0484 0
      vertex 7.34048 31.0484 1
    endloop
  endfacet
  facet normal 0.741027 0.671475 0
    outer loop
      vertex 7.34048 31.0484 0
      vertex 7.43934 30.9393 1
      vertex 7.43934 30.9393 0
    endloop
  endfacet
  facet normal -0.90402 0.427491 0
    outer loop
      vertex 9.82288 31.2929 0
      vertex 9.88582 31.426 1
      vertex 9.88582 31.426 0
    endloop
  endfacet
  facet normal -0.90402 0.427491 0
    outer loop
      vertex 9.88582 31.426 1
      vertex 9.82288 31.2929 0
      vertex 9.82288 31.2929 1
    endloop
  endfacet
  facet normal 0.857792 0.513996 0
    outer loop
      vertex 7.2528 31.1666 1
      vertex 7.17712 31.2929 0
      vertex 7.17712 31.2929 1
    endloop
  endfacet
  facet normal 0.857792 0.513996 0
    outer loop
      vertex 7.17712 31.2929 0
      vertex 7.2528 31.1666 1
      vertex 7.2528 31.1666 0
    endloop
  endfacet
  facet normal -0.048911 0.998803 0
    outer loop
      vertex 8.64703 30.5072 0
      vertex 8.5 30.5 1
      vertex 8.64703 30.5072 1
    endloop
  endfacet
  facet normal -0.048911 0.998803 0
    outer loop
      vertex 8.5 30.5 1
      vertex 8.64703 30.5072 0
      vertex 8.5 30.5 0
    endloop
  endfacet
  facet normal 0.336939 0.941527 -0
    outer loop
      vertex 8.06457 30.5646 0
      vertex 7.92597 30.6142 1
      vertex 8.06457 30.5646 1
    endloop
  endfacet
  facet normal 0.336939 0.941527 0
    outer loop
      vertex 7.92597 30.6142 1
      vertex 8.06457 30.5646 0
      vertex 7.92597 30.6142 0
    endloop
  endfacet
  facet normal 0.671353 0.741138 -0
    outer loop
      vertex 7.54841 30.8405 0
      vertex 7.43934 30.9393 1
      vertex 7.54841 30.8405 1
    endloop
  endfacet
  facet normal 0.671353 0.741138 0
    outer loop
      vertex 7.43934 30.9393 1
      vertex 7.54841 30.8405 0
      vertex 7.43934 30.9393 0
    endloop
  endfacet
  facet normal -0.998796 0.0490565 0
    outer loop
      vertex 9.99278 31.853 0
      vertex 10 32 1
      vertex 10 32 0
    endloop
  endfacet
  facet normal -0.998796 0.0490565 0
    outer loop
      vertex 10 32 1
      vertex 9.99278 31.853 0
      vertex 9.99278 31.853 1
    endloop
  endfacet
  facet normal -0.33696 0.941519 0
    outer loop
      vertex 9.07402 30.6142 0
      vertex 8.93543 30.5646 1
      vertex 9.07402 30.6142 1
    endloop
  endfacet
  facet normal -0.33696 0.941519 0
    outer loop
      vertex 8.93543 30.5646 1
      vertex 9.07402 30.6142 0
      vertex 8.93543 30.5646 0
    endloop
  endfacet
  facet normal 0.803153 0.595773 0
    outer loop
      vertex 7.34048 31.0484 1
      vertex 7.2528 31.1666 0
      vertex 7.2528 31.1666 1
    endloop
  endfacet
  facet normal 0.803153 0.595773 0
    outer loop
      vertex 7.2528 31.1666 0
      vertex 7.34048 31.0484 1
      vertex 7.34048 31.0484 0
    endloop
  endfacet
  facet normal -0.857792 0.513996 0
    outer loop
      vertex 9.7472 31.1666 0
      vertex 9.82288 31.2929 1
      vertex 9.82288 31.2929 0
    endloop
  endfacet
  facet normal -0.857792 0.513996 0
    outer loop
      vertex 9.82288 31.2929 1
      vertex 9.7472 31.1666 0
      vertex 9.7472 31.1666 1
    endloop
  endfacet
  facet normal 0.998796 0.0490565 0
    outer loop
      vertex 7.00722 31.853 1
      vertex 7 32 0
      vertex 7 32 1
    endloop
  endfacet
  facet normal 0.998796 0.0490565 0
    outer loop
      vertex 7 32 0
      vertex 7.00722 31.853 1
      vertex 7.00722 31.853 0
    endloop
  endfacet
  facet normal 0.989174 0.146746 0
    outer loop
      vertex 7.02882 31.7074 1
      vertex 7.00722 31.853 0
      vertex 7.00722 31.853 1
    endloop
  endfacet
  facet normal 0.989174 0.146746 0
    outer loop
      vertex 7.00722 31.853 0
      vertex 7.02882 31.7074 1
      vertex 7.02882 31.7074 0
    endloop
  endfacet
  facet normal -0.146746 0.989174 0
    outer loop
      vertex 8.79263 30.5288 0
      vertex 8.64703 30.5072 1
      vertex 8.79263 30.5288 1
    endloop
  endfacet
  facet normal -0.146746 0.989174 0
    outer loop
      vertex 8.64703 30.5072 1
      vertex 8.79263 30.5288 0
      vertex 8.64703 30.5072 0
    endloop
  endfacet
  facet normal 0.427347 0.904088 -0
    outer loop
      vertex 7.92597 30.6142 0
      vertex 7.7929 30.6771 1
      vertex 7.92597 30.6142 1
    endloop
  endfacet
  facet normal 0.427347 0.904088 0
    outer loop
      vertex 7.7929 30.6771 1
      vertex 7.92597 30.6142 0
      vertex 7.7929 30.6771 0
    endloop
  endfacet
  facet normal -0.970031 0.242983 0
    outer loop
      vertex 9.93541 31.5646 0
      vertex 9.97118 31.7074 1
      vertex 9.97118 31.7074 0
    endloop
  endfacet
  facet normal -0.970031 0.242983 0
    outer loop
      vertex 9.97118 31.7074 1
      vertex 9.93541 31.5646 0
      vertex 9.93541 31.5646 1
    endloop
  endfacet
  facet normal -0.941548 0.336879 0
    outer loop
      vertex 9.88582 31.426 0
      vertex 9.93541 31.5646 1
      vertex 9.93541 31.5646 0
    endloop
  endfacet
  facet normal -0.941548 0.336879 0
    outer loop
      vertex 9.93541 31.5646 1
      vertex 9.88582 31.426 0
      vertex 9.88582 31.426 1
    endloop
  endfacet
  facet normal 0.595764 0.80316 -0
    outer loop
      vertex 7.66664 30.7528 0
      vertex 7.54841 30.8405 1
      vertex 7.66664 30.7528 1
    endloop
  endfacet
  facet normal 0.595764 0.80316 0
    outer loop
      vertex 7.54841 30.8405 1
      vertex 7.66664 30.7528 0
      vertex 7.54841 30.8405 0
    endloop
  endfacet
  facet normal 0.243191 0.969978 -0
    outer loop
      vertex 8.20736 30.5288 0
      vertex 8.06457 30.5646 1
      vertex 8.20736 30.5288 1
    endloop
  endfacet
  facet normal 0.243191 0.969978 0
    outer loop
      vertex 8.06457 30.5646 1
      vertex 8.20736 30.5288 0
      vertex 8.06457 30.5646 0
    endloop
  endfacet
  facet normal 0.90402 0.427491 0
    outer loop
      vertex 7.17712 31.2929 1
      vertex 7.11418 31.426 0
      vertex 7.11418 31.426 1
    endloop
  endfacet
  facet normal 0.90402 0.427491 0
    outer loop
      vertex 7.11418 31.426 0
      vertex 7.17712 31.2929 1
      vertex 7.17712 31.2929 0
    endloop
  endfacet
  facet normal 0.146736 0.989176 -0
    outer loop
      vertex 8.35297 30.5072 0
      vertex 8.20736 30.5288 1
      vertex 8.35297 30.5072 1
    endloop
  endfacet
  facet normal 0.146736 0.989176 0
    outer loop
      vertex 8.20736 30.5288 1
      vertex 8.35297 30.5072 0
      vertex 8.20736 30.5288 0
    endloop
  endfacet
  facet normal -0.741027 0.671475 0
    outer loop
      vertex 9.56066 30.9393 0
      vertex 9.65952 31.0484 1
      vertex 9.65952 31.0484 0
    endloop
  endfacet
  facet normal -0.741027 0.671475 0
    outer loop
      vertex 9.65952 31.0484 1
      vertex 9.56066 30.9393 0
      vertex 9.56066 30.9393 1
    endloop
  endfacet
  facet normal 0.970031 0.242983 0
    outer loop
      vertex 7.06459 31.5646 1
      vertex 7.02882 31.7074 0
      vertex 7.02882 31.7074 1
    endloop
  endfacet
  facet normal 0.970031 0.242983 0
    outer loop
      vertex 7.02882 31.7074 0
      vertex 7.06459 31.5646 1
      vertex 7.06459 31.5646 0
    endloop
  endfacet
  facet normal -0.427347 0.904088 0
    outer loop
      vertex 9.20709 30.6771 0
      vertex 9.07402 30.6142 1
      vertex 9.20709 30.6771 1
    endloop
  endfacet
  facet normal -0.427347 0.904088 0
    outer loop
      vertex 9.07402 30.6142 1
      vertex 9.20709 30.6771 0
      vertex 9.07402 30.6142 0
    endloop
  endfacet
  facet normal -0.514216 0.857661 0
    outer loop
      vertex 9.33335 30.7528 0
      vertex 9.20709 30.6771 1
      vertex 9.33335 30.7528 1
    endloop
  endfacet
  facet normal -0.514216 0.857661 0
    outer loop
      vertex 9.20709 30.6771 1
      vertex 9.33335 30.7528 0
      vertex 9.20709 30.6771 0
    endloop
  endfacet
  facet normal 0.514216 0.857661 -0
    outer loop
      vertex 7.7929 30.6771 0
      vertex 7.66664 30.7528 1
      vertex 7.7929 30.6771 1
    endloop
  endfacet
  facet normal 0.514216 0.857661 0
    outer loop
      vertex 7.66664 30.7528 1
      vertex 7.7929 30.6771 0
      vertex 7.66664 30.7528 0
    endloop
  endfacet
  facet normal 1 -0 0
    outer loop
      vertex 22 18 1
      vertex 22 32 0
      vertex 22 32 1
    endloop
  endfacet
  facet normal 1 0 0
    outer loop
      vertex 22 32 0
      vertex 22 18 1
      vertex 22 18 0
    endloop
  endfacet
  facet normal 0 0 1
    outer loop
      vertex 9.99278 31.853 1
      vertex 22 32 1
      vertex 10 32 1
    endloop
  endfacet
  facet normal 0 0 1
    outer loop
      vertex 9.97118 31.7074 1
      vertex 22 32 1
      vertex 9.99278 31.853 1
    endloop
  endfacet
  facet normal 0 0 1
    outer loop
      vertex 9.93541 31.5646 1
      vertex 22 32 1
      vertex 9.97118 31.7074 1
    endloop
  endfacet
  facet normal 0 0 1
    outer loop
      vertex 9.88582 31.426 1
      vertex 22 32 1
      vertex 9.93541 31.5646 1
    endloop
  endfacet
  facet normal 0 0 1
    outer loop
      vertex 9.82288 31.2929 1
      vertex 22 32 1
      vertex 9.88582 31.426 1
    endloop
  endfacet
  facet normal 0 0 1
    outer loop
      vertex 9.7472 31.1666 1
      vertex 22 32 1
      vertex 9.82288 31.2929 1
    endloop
  endfacet
  facet normal 0 0 1
    outer loop
      vertex 9.65952 31.0484 1
      vertex 22 32 1
      vertex 9.7472 31.1666 1
    endloop
  endfacet
  facet normal 0 0 1
    outer loop
      vertex 22 32 1
      vertex 9.65952 31.0484 1
      vertex 22 18 1
    endloop
  endfacet
  facet normal -0 0 1
    outer loop
      vertex 9.56066 30.9393 1
      vertex 22 18 1
      vertex 9.65952 31.0484 1
    endloop
  endfacet
  facet normal -0 0 1
    outer loop
      vertex 9.45159 30.8405 1
      vertex 22 18 1
      vertex 9.56066 30.9393 1
    endloop
  endfacet
  facet normal -0 0 1
    outer loop
      vertex 9.33335 30.7528 1
      vertex 22 18 1
      vertex 9.45159 30.8405 1
    endloop
  endfacet
  facet normal -0 0 1
    outer loop
      vertex 9.20709 30.6771 1
      vertex 22 18 1
      vertex 9.33335 30.7528 1
    endloop
  endfacet
  facet normal -0 0 1
    outer loop
      vertex 9.07402 30.6142 1
      vertex 22 18 1
      vertex 9.20709 30.6771 1
    endloop
  endfacet
  facet normal -0 0 1
    outer loop
      vertex 8.93543 30.5646 1
      vertex 22 18 1
      vertex 9.07402 30.6142 1
    endloop
  endfacet
  facet normal -0 0 1
    outer loop
      vertex 8.79263 30.5288 1
      vertex 22 18 1
      vertex 8.93543 30.5646 1
    endloop
  endfacet
  facet normal 0 0 1
    outer loop
      vertex 0 18 1
      vertex 8.79263 30.5288 1
      vertex 8.64703 30.5072 1
    endloop
  endfacet
  facet normal 0 0 1
    outer loop
      vertex 0 18 1
      vertex 8.64703 30.5072 1
      vertex 8.5 30.5 1
    endloop
  endfacet
  facet normal 0 0 1
    outer loop
      vertex 0 18 1
      vertex 8.5 30.5 1
      vertex 8.35297 30.5072 1
    endloop
  endfacet
  facet normal 0 0 1
    outer loop
      vertex 0 18 1
      vertex 8.35297 30.5072 1
      vertex 8.20736 30.5288 1
    endloop
  endfacet
  facet normal 0 0 1
    outer loop
      vertex 0 18 1
      vertex 8.20736 30.5288 1
      vertex 8.06457 30.5646 1
    endloop
  endfacet
  facet normal 0 0 1
    outer loop
      vertex 4.43543 30.5646 1
      vertex 8.06457 30.5646 1
      vertex 7.92597 30.6142 1
    endloop
  endfacet
  facet normal 0 0 1
    outer loop
      vertex 4.57402 30.6142 1
      vertex 7.92597 30.6142 1
      vertex 7.7929 30.6771 1
    endloop
  endfacet
  facet normal 0 0 1
    outer loop
      vertex 4.70709 30.6771 1
      vertex 7.7929 30.6771 1
      vertex 7.66664 30.7528 1
    endloop
  endfacet
  facet normal 0 0 1
    outer loop
      vertex 4.83335 30.7528 1
      vertex 7.66664 30.7528 1
      vertex 7.54841 30.8405 1
    endloop
  endfacet
  facet normal -0 0 1
    outer loop
      vertex 5.5 32 1
      vertex 7.00722 31.853 1
      vertex 7 32 1
    endloop
  endfacet
  facet normal 0 0 1
    outer loop
      vertex 5.49278 31.853 1
      vertex 7.00722 31.853 1
      vertex 5.5 32 1
    endloop
  endfacet
  facet normal 0 0 1
    outer loop
      vertex 7.00722 31.853 1
      vertex 5.49278 31.853 1
      vertex 7.02882 31.7074 1
    endloop
  endfacet
  facet normal 0 0 1
    outer loop
      vertex 5.47118 31.7074 1
      vertex 7.02882 31.7074 1
      vertex 5.49278 31.853 1
    endloop
  endfacet
  facet normal 0 0 1
    outer loop
      vertex 7.02882 31.7074 1
      vertex 5.47118 31.7074 1
      vertex 7.06459 31.5646 1
    endloop
  endfacet
  facet normal 0 0 1
    outer loop
      vertex 5.43541 31.5646 1
      vertex 7.06459 31.5646 1
      vertex 5.47118 31.7074 1
    endloop
  endfacet
  facet normal 0 0 1
    outer loop
      vertex 7.06459 31.5646 1
      vertex 5.43541 31.5646 1
      vertex 7.11418 31.426 1
    endloop
  endfacet
  facet normal 0 0 1
    outer loop
      vertex 5.38582 31.426 1
      vertex 7.11418 31.426 1
      vertex 5.43541 31.5646 1
    endloop
  endfacet
  facet normal 0 0 1
    outer loop
      vertex 7.11418 31.426 1
      vertex 5.38582 31.426 1
      vertex 7.17712 31.2929 1
    endloop
  endfacet
  facet normal 0 0 1
    outer loop
      vertex 5.32288 31.2929 1
      vertex 7.17712 31.2929 1
      vertex 5.38582 31.426 1
    endloop
  endfacet
  facet normal 0 0 1
    outer loop
      vertex 7.17712 31.2929 1
      vertex 5.32288 31.2929 1
      vertex 7.2528 31.1666 1
    endloop
  endfacet
  facet normal 0 0 1
    outer loop
      vertex 5.2472 31.1666 1
      vertex 7.2528 31.1666 1
      vertex 5.32288 31.2929 1
    endloop
  endfacet
  facet normal 0 0 1
    outer loop
      vertex 7.2528 31.1666 1
      vertex 5.2472 31.1666 1
      vertex 7.34048 31.0484 1
    endloop
  endfacet
  facet normal 0 0 1
    outer loop
      vertex 5.15952 31.0484 1
      vertex 7.34048 31.0484 1
      vertex 5.2472 31.1666 1
    endloop
  endfacet
  facet normal 0 0 1
    outer loop
      vertex 7.34048 31.0484 1
      vertex 5.15952 31.0484 1
      vertex 7.43934 30.9393 1
    endloop
  endfacet
  facet normal 0 0 1
    outer loop
      vertex 5.06066 30.9393 1
      vertex 7.43934 30.9393 1
      vertex 5.15952 31.0484 1
    endloop
  endfacet
  facet normal 0 0 1
    outer loop
      vertex 7.43934 30.9393 1
      vertex 5.06066 30.9393 1
      vertex 7.54841 30.8405 1
    endloop
  endfacet
  facet normal 0 0 1
    outer loop
      vertex 4.95159 30.8405 1
      vertex 7.54841 30.8405 1
      vertex 5.06066 30.9393 1
    endloop
  endfacet
  facet normal 0 0 1
    outer loop
      vertex 4.83335 30.7528 1
      vertex 7.54841 30.8405 1
      vertex 4.95159 30.8405 1
    endloop
  endfacet
  facet normal 0 0 1
    outer loop
      vertex 7.66664 30.7528 1
      vertex 4.83335 30.7528 1
      vertex 4.70709 30.6771 1
    endloop
  endfacet
  facet normal 0 0 1
    outer loop
      vertex 7.7929 30.6771 1
      vertex 4.70709 30.6771 1
      vertex 4.57402 30.6142 1
    endloop
  endfacet
  facet normal 0 0 1
    outer loop
      vertex 7.92597 30.6142 1
      vertex 4.57402 30.6142 1
      vertex 4.43543 30.5646 1
    endloop
  endfacet
  facet normal 0 0 1
    outer loop
      vertex 8.06457 30.5646 1
      vertex 4.43543 30.5646 1
      vertex 0 18 1
    endloop
  endfacet
  facet normal 0 0 1
    outer loop
      vertex 0 18 1
      vertex 4.43543 30.5646 1
      vertex 4.29263 30.5288 1
    endloop
  endfacet
  facet normal 0 0 1
    outer loop
      vertex 0 18 1
      vertex 4.29263 30.5288 1
      vertex 4.14703 30.5072 1
    endloop
  endfacet
  facet normal 0 0 1
    outer loop
      vertex 0 18 1
      vertex 4.14703 30.5072 1
      vertex 4 30.5 1
    endloop
  endfacet
  facet normal 0 0 1
    outer loop
      vertex 0 18 1
      vertex 4 30.5 1
      vertex 3.85297 30.5072 1
    endloop
  endfacet
  facet normal 0 0 1
    outer loop
      vertex 0 18 1
      vertex 3.85297 30.5072 1
      vertex 3.70736 30.5288 1
    endloop
  endfacet
  facet normal 0 0 1
    outer loop
      vertex 0 18 1
      vertex 3.70736 30.5288 1
      vertex 3.56457 30.5646 1
    endloop
  endfacet
  facet normal 0 0 1
    outer loop
      vertex 0 18 1
      vertex 3.56457 30.5646 1
      vertex 3.42597 30.6142 1
    endloop
  endfacet
  facet normal 0 0 1
    outer loop
      vertex 0 18 1
      vertex 3.42597 30.6142 1
      vertex 3.2929 30.6771 1
    endloop
  endfacet
  facet normal 0 0 1
    outer loop
      vertex 0 18 1
      vertex 3.2929 30.6771 1
      vertex 3.16664 30.7528 1
    endloop
  endfacet
  facet normal -0 0 1
    outer loop
      vertex 0 32 1
      vertex 2.50722 31.853 1
      vertex 2.5 32 1
    endloop
  endfacet
  facet normal 0 0 1
    outer loop
      vertex 0 32 1
      vertex 2.52882 31.7074 1
      vertex 2.50722 31.853 1
    endloop
  endfacet
  facet normal 0 0 1
    outer loop
      vertex 0 32 1
      vertex 2.56459 31.5646 1
      vertex 2.52882 31.7074 1
    endloop
  endfacet
  facet normal 0 0 1
    outer loop
      vertex 0 32 1
      vertex 2.61418 31.426 1
      vertex 2.56459 31.5646 1
    endloop
  endfacet
  facet normal 0 0 1
    outer loop
      vertex 0 32 1
      vertex 2.67712 31.2929 1
      vertex 2.61418 31.426 1
    endloop
  endfacet
  facet normal 0 0 1
    outer loop
      vertex 0 32 1
      vertex 2.7528 31.1666 1
      vertex 2.67712 31.2929 1
    endloop
  endfacet
  facet normal 0 0 1
    outer loop
      vertex 0 32 1
      vertex 2.84048 31.0484 1
      vertex 2.7528 31.1666 1
    endloop
  endfacet
  facet normal 0 0 1
    outer loop
      vertex 0 32 1
      vertex 2.93934 30.9393 1
      vertex 2.84048 31.0484 1
    endloop
  endfacet
  facet normal 0 0 1
    outer loop
      vertex 0 32 1
      vertex 3.04841 30.8405 1
      vertex 2.93934 30.9393 1
    endloop
  endfacet
  facet normal 0 0 1
    outer loop
      vertex 0 32 1
      vertex 3.16664 30.7528 1
      vertex 3.04841 30.8405 1
    endloop
  endfacet
  facet normal 0 0 1
    outer loop
      vertex 0 18 1
      vertex 3.16664 30.7528 1
      vertex 0 32 1
    endloop
  endfacet
  facet normal 0 0 1
    outer loop
      vertex 8.79263 30.5288 1
      vertex 0 18 1
      vertex 22 18 1
    endloop
  endfacet
  facet normal 0 0 -1
    outer loop
      vertex 9.65952 31.0484 0
      vertex 22 32 0
      vertex 22 18 0
    endloop
  endfacet
  facet normal -0 0 -1
    outer loop
      vertex 22 32 0
      vertex 9.99278 31.853 0
      vertex 10 32 0
    endloop
  endfacet
  facet normal 0 0 -1
    outer loop
      vertex 22 32 0
      vertex 9.97118 31.7074 0
      vertex 9.99278 31.853 0
    endloop
  endfacet
  facet normal 0 0 -1
    outer loop
      vertex 22 32 0
      vertex 9.93541 31.5646 0
      vertex 9.97118 31.7074 0
    endloop
  endfacet
  facet normal 0 0 -1
    outer loop
      vertex 22 32 0
      vertex 9.88582 31.426 0
      vertex 9.93541 31.5646 0
    endloop
  endfacet
  facet normal 0 0 -1
    outer loop
      vertex 22 32 0
      vertex 9.82288 31.2929 0
      vertex 9.88582 31.426 0
    endloop
  endfacet
  facet normal 0 0 -1
    outer loop
      vertex 22 32 0
      vertex 9.7472 31.1666 0
      vertex 9.82288 31.2929 0
    endloop
  endfacet
  facet normal 0 0 -1
    outer loop
      vertex 22 32 0
      vertex 9.65952 31.0484 0
      vertex 9.7472 31.1666 0
    endloop
  endfacet
  facet normal 0 0 -1
    outer loop
      vertex 22 18 0
      vertex 9.56066 30.9393 0
      vertex 9.65952 31.0484 0
    endloop
  endfacet
  facet normal 0 0 -1
    outer loop
      vertex 22 18 0
      vertex 9.45159 30.8405 0
      vertex 9.56066 30.9393 0
    endloop
  endfacet
  facet normal 0 0 -1
    outer loop
      vertex 22 18 0
      vertex 9.33335 30.7528 0
      vertex 9.45159 30.8405 0
    endloop
  endfacet
  facet normal 0 0 -1
    outer loop
      vertex 22 18 0
      vertex 9.20709 30.6771 0
      vertex 9.33335 30.7528 0
    endloop
  endfacet
  facet normal 0 0 -1
    outer loop
      vertex 22 18 0
      vertex 9.07402 30.6142 0
      vertex 9.20709 30.6771 0
    endloop
  endfacet
  facet normal 0 0 -1
    outer loop
      vertex 22 18 0
      vertex 8.93543 30.5646 0
      vertex 9.07402 30.6142 0
    endloop
  endfacet
  facet normal 0 0 -1
    outer loop
      vertex 22 18 0
      vertex 8.79263 30.5288 0
      vertex 8.93543 30.5646 0
    endloop
  endfacet
  facet normal 0 0 -1
    outer loop
      vertex 0 18 0
      vertex 8.79263 30.5288 0
      vertex 22 18 0
    endloop
  endfacet
  facet normal 0 0 -1
    outer loop
      vertex 8.79263 30.5288 0
      vertex 0 18 0
      vertex 8.64703 30.5072 0
    endloop
  endfacet
  facet normal 0 0 -1
    outer loop
      vertex 8.64703 30.5072 0
      vertex 0 18 0
      vertex 8.5 30.5 0
    endloop
  endfacet
  facet normal -0 0 -1
    outer loop
      vertex 8.5 30.5 0
      vertex 0 18 0
      vertex 8.35297 30.5072 0
    endloop
  endfacet
  facet normal -0 0 -1
    outer loop
      vertex 8.35297 30.5072 0
      vertex 0 18 0
      vertex 8.20736 30.5288 0
    endloop
  endfacet
  facet normal -0 0 -1
    outer loop
      vertex 8.20736 30.5288 0
      vertex 0 18 0
      vertex 8.06457 30.5646 0
    endloop
  endfacet
  facet normal 0 -0 -1
    outer loop
      vertex 4.43543 30.5646 0
      vertex 8.06457 30.5646 0
      vertex 0 18 0
    endloop
  endfacet
  facet normal 0 0 -1
    outer loop
      vertex 8.06457 30.5646 0
      vertex 4.43543 30.5646 0
      vertex 7.92597 30.6142 0
    endloop
  endfacet
  facet normal 0 -0 -1
    outer loop
      vertex 4.57402 30.6142 0
      vertex 7.92597 30.6142 0
      vertex 4.43543 30.5646 0
    endloop
  endfacet
  facet normal 0 0 -1
    outer loop
      vertex 7.00722 31.853 0
      vertex 5.5 32 0
      vertex 7 32 0
    endloop
  endfacet
  facet normal 0 0 -1
    outer loop
      vertex 5.49278 31.853 0
      vertex 7.00722 31.853 0
      vertex 7.02882 31.7074 0
    endloop
  endfacet
  facet normal 0 0 -1
    outer loop
      vertex 5.47118 31.7074 0
      vertex 7.02882 31.7074 0
      vertex 7.06459 31.5646 0
    endloop
  endfacet
  facet normal 0 0 -1
    outer loop
      vertex 5.43541 31.5646 0
      vertex 7.06459 31.5646 0
      vertex 7.11418 31.426 0
    endloop
  endfacet
  facet normal 0 0 -1
    outer loop
      vertex 5.38582 31.426 0
      vertex 7.11418 31.426 0
      vertex 7.17712 31.2929 0
    endloop
  endfacet
  facet normal 0 0 -1
    outer loop
      vertex 5.32288 31.2929 0
      vertex 7.17712 31.2929 0
      vertex 7.2528 31.1666 0
    endloop
  endfacet
  facet normal 0 0 -1
    outer loop
      vertex 5.2472 31.1666 0
      vertex 7.2528 31.1666 0
      vertex 7.34048 31.0484 0
    endloop
  endfacet
  facet normal 0 0 -1
    outer loop
      vertex 5.15952 31.0484 0
      vertex 7.34048 31.0484 0
      vertex 7.43934 30.9393 0
    endloop
  endfacet
  facet normal 0 0 -1
    outer loop
      vertex 5.06066 30.9393 0
      vertex 7.43934 30.9393 0
      vertex 7.54841 30.8405 0
    endloop
  endfacet
  facet normal 0 0 -1
    outer loop
      vertex 7.92597 30.6142 0
      vertex 4.57402 30.6142 0
      vertex 7.7929 30.6771 0
    endloop
  endfacet
  facet normal 0 0 -1
    outer loop
      vertex 7.00722 31.853 0
      vertex 5.49278 31.853 0
      vertex 5.5 32 0
    endloop
  endfacet
  facet normal 0 0 -1
    outer loop
      vertex 7.02882 31.7074 0
      vertex 5.47118 31.7074 0
      vertex 5.49278 31.853 0
    endloop
  endfacet
  facet normal 0 0 -1
    outer loop
      vertex 7.06459 31.5646 0
      vertex 5.43541 31.5646 0
      vertex 5.47118 31.7074 0
    endloop
  endfacet
  facet normal 0 0 -1
    outer loop
      vertex 7.11418 31.426 0
      vertex 5.38582 31.426 0
      vertex 5.43541 31.5646 0
    endloop
  endfacet
  facet normal 0 0 -1
    outer loop
      vertex 7.17712 31.2929 0
      vertex 5.32288 31.2929 0
      vertex 5.38582 31.426 0
    endloop
  endfacet
  facet normal 0 0 -1
    outer loop
      vertex 7.2528 31.1666 0
      vertex 5.2472 31.1666 0
      vertex 5.32288 31.2929 0
    endloop
  endfacet
  facet normal 0 0 -1
    outer loop
      vertex 7.34048 31.0484 0
      vertex 5.15952 31.0484 0
      vertex 5.2472 31.1666 0
    endloop
  endfacet
  facet normal 0 0 -1
    outer loop
      vertex 7.43934 30.9393 0
      vertex 5.06066 30.9393 0
      vertex 5.15952 31.0484 0
    endloop
  endfacet
  facet normal 0 0 -1
    outer loop
      vertex 7.54841 30.8405 0
      vertex 4.95159 30.8405 0
      vertex 5.06066 30.9393 0
    endloop
  endfacet
  facet normal -0 0 -1
    outer loop
      vertex 7.54841 30.8405 0
      vertex 4.83335 30.7528 0
      vertex 4.95159 30.8405 0
    endloop
  endfacet
  facet normal 0 -0 -1
    outer loop
      vertex 4.70709 30.6771 0
      vertex 7.7929 30.6771 0
      vertex 4.57402 30.6142 0
    endloop
  endfacet
  facet normal 0 0 -1
    outer loop
      vertex 7.66664 30.7528 0
      vertex 4.83335 30.7528 0
      vertex 7.54841 30.8405 0
    endloop
  endfacet
  facet normal 0 -0 -1
    outer loop
      vertex 4.83335 30.7528 0
      vertex 7.66664 30.7528 0
      vertex 4.70709 30.6771 0
    endloop
  endfacet
  facet normal 0 0 -1
    outer loop
      vertex 7.7929 30.6771 0
      vertex 4.70709 30.6771 0
      vertex 7.66664 30.7528 0
    endloop
  endfacet
  facet normal 0 0 -1
    outer loop
      vertex 4.43543 30.5646 0
      vertex 0 18 0
      vertex 4.29263 30.5288 0
    endloop
  endfacet
  facet normal 0 0 -1
    outer loop
      vertex 4.29263 30.5288 0
      vertex 0 18 0
      vertex 4.14703 30.5072 0
    endloop
  endfacet
  facet normal 0 0 -1
    outer loop
      vertex 4.14703 30.5072 0
      vertex 0 18 0
      vertex 4 30.5 0
    endloop
  endfacet
  facet normal -0 0 -1
    outer loop
      vertex 4 30.5 0
      vertex 0 18 0
      vertex 3.85297 30.5072 0
    endloop
  endfacet
  facet normal -0 0 -1
    outer loop
      vertex 3.85297 30.5072 0
      vertex 0 18 0
      vertex 3.70736 30.5288 0
    endloop
  endfacet
  facet normal -0 0 -1
    outer loop
      vertex 3.70736 30.5288 0
      vertex 0 18 0
      vertex 3.56457 30.5646 0
    endloop
  endfacet
  facet normal -0 0 -1
    outer loop
      vertex 3.56457 30.5646 0
      vertex 0 18 0
      vertex 3.42597 30.6142 0
    endloop
  endfacet
  facet normal -0 0 -1
    outer loop
      vertex 3.42597 30.6142 0
      vertex 0 18 0
      vertex 3.2929 30.6771 0
    endloop
  endfacet
  facet normal -0 0 -1
    outer loop
      vertex 3.2929 30.6771 0
      vertex 0 18 0
      vertex 3.16664 30.7528 0
    endloop
  endfacet
  facet normal 0 0 -1
    outer loop
      vertex 0 32 0
      vertex 3.16664 30.7528 0
      vertex 0 18 0
    endloop
  endfacet
  facet normal 0 0 -1
    outer loop
      vertex 3.16664 30.7528 0
      vertex 0 32 0
      vertex 3.04841 30.8405 0
    endloop
  endfacet
  facet normal 0 0 -1
    outer loop
      vertex 3.04841 30.8405 0
      vertex 0 32 0
      vertex 2.93934 30.9393 0
    endloop
  endfacet
  facet normal 0 0 -1
    outer loop
      vertex 2.93934 30.9393 0
      vertex 0 32 0
      vertex 2.84048 31.0484 0
    endloop
  endfacet
  facet normal 0 0 -1
    outer loop
      vertex 2.84048 31.0484 0
      vertex 0 32 0
      vertex 2.7528 31.1666 0
    endloop
  endfacet
  facet normal 0 0 -1
    outer loop
      vertex 2.7528 31.1666 0
      vertex 0 32 0
      vertex 2.67712 31.2929 0
    endloop
  endfacet
  facet normal 0 0 -1
    outer loop
      vertex 2.67712 31.2929 0
      vertex 0 32 0
      vertex 2.61418 31.426 0
    endloop
  endfacet
  facet normal 0 0 -1
    outer loop
      vertex 2.61418 31.426 0
      vertex 0 32 0
      vertex 2.56459 31.5646 0
    endloop
  endfacet
  facet normal 0 0 -1
    outer loop
      vertex 2.56459 31.5646 0
      vertex 0 32 0
      vertex 2.52882 31.7074 0
    endloop
  endfacet
  facet normal 0 0 -1
    outer loop
      vertex 2.52882 31.7074 0
      vertex 0 32 0
      vertex 2.50722 31.853 0
    endloop
  endfacet
  facet normal 0 0 -1
    outer loop
      vertex 2.50722 31.853 0
      vertex 0 32 0
      vertex 2.5 32 0
    endloop
  endfacet
  facet normal -1 0 0
    outer loop
      vertex 0 18 0
      vertex 0 32 1
      vertex 0 32 0
    endloop
  endfacet
  facet normal -1 -0 0
    outer loop
      vertex 0 32 1
      vertex 0 18 0
      vertex 0 18 1
    endloop
  endfacet
  facet normal 0 1 -0
    outer loop
      vertex 2.5 32 0
      vertex 0 32 1
      vertex 2.5 32 1
    endloop
  endfacet
  facet normal 0 1 0
    outer loop
      vertex 0 32 1
      vertex 2.5 32 0
      vertex 0 32 0
    endloop
  endfacet
  facet normal 0 1 -0
    outer loop
      vertex 22 32 0
      vertex 10 32 1
      vertex 22 32 1
    endloop
  endfacet
  facet normal 0 1 0
    outer loop
      vertex 10 32 1
      vertex 22 32 0
      vertex 10 32 0
    endloop
  endfacet
  facet normal 0 1 -0
    outer loop
      vertex 7 32 0
      vertex 5.5 32 1
      vertex 7 32 1
    endloop
  endfacet
  facet normal 0 1 0
    outer loop
      vertex 5.5 32 1
      vertex 7 32 0
      vertex 5.5 32 0
    endloop
  endfacet
  facet normal 0 -1 0
    outer loop
      vertex 0 18 0
      vertex 22 18 1
      vertex 0 18 1
    endloop
  endfacet
  facet normal 0 -1 -0
    outer loop
      vertex 22 18 1
      vertex 0 18 0
      vertex 22 18 0
    endloop
  endfacet
  facet normal 0.048911 0.998803 -0
    outer loop
      vertex 4 48.5 0
      vertex 3.85297 48.5072 2
      vertex 4 48.5 2
    endloop
  endfacet
  facet normal 0.048911 0.998803 0
    outer loop
      vertex 3.85297 48.5072 2
      vertex 4 48.5 0
      vertex 3.85297 48.5072 0
    endloop
  endfacet
  facet normal -0.243175 0.969982 0
    outer loop
      vertex 4.43543 48.5646 0
      vertex 4.29263 48.5288 2
      vertex 4.43543 48.5646 2
    endloop
  endfacet
  facet normal -0.243175 0.969982 0
    outer loop
      vertex 4.29263 48.5288 2
      vertex 4.43543 48.5646 0
      vertex 4.29263 48.5288 0
    endloop
  endfacet
  facet normal -0.803153 0.595773 0
    outer loop
      vertex 5.15952 49.0484 0
      vertex 5.2472 49.1666 2
      vertex 5.2472 49.1666 0
    endloop
  endfacet
  facet normal -0.803153 0.595773 0
    outer loop
      vertex 5.2472 49.1666 2
      vertex 5.15952 49.0484 0
      vertex 5.15952 49.0484 2
    endloop
  endfacet
  facet normal -0.595731 0.803184 0
    outer loop
      vertex 4.95159 48.8405 0
      vertex 4.83335 48.7528 2
      vertex 4.95159 48.8405 2
    endloop
  endfacet
  facet normal -0.595731 0.803184 0
    outer loop
      vertex 4.83335 48.7528 2
      vertex 4.95159 48.8405 0
      vertex 4.83335 48.7528 0
    endloop
  endfacet
  facet normal 0.941548 0.336879 0
    outer loop
      vertex 2.61418 49.426 2
      vertex 2.56459 49.5646 0
      vertex 2.56459 49.5646 2
    endloop
  endfacet
  facet normal 0.941548 0.336879 0
    outer loop
      vertex 2.56459 49.5646 0
      vertex 2.61418 49.426 2
      vertex 2.61418 49.426 0
    endloop
  endfacet
  facet normal -0.671353 0.741138 0
    outer loop
      vertex 5.06066 48.9393 0
      vertex 4.95159 48.8405 2
      vertex 5.06066 48.9393 2
    endloop
  endfacet
  facet normal -0.671353 0.741138 0
    outer loop
      vertex 4.95159 48.8405 2
      vertex 5.06066 48.9393 0
      vertex 4.95159 48.8405 0
    endloop
  endfacet
  facet normal -0.989174 0.146746 0
    outer loop
      vertex 5.47118 49.7074 0
      vertex 5.49278 49.853 2
      vertex 5.49278 49.853 0
    endloop
  endfacet
  facet normal -0.989174 0.146746 0
    outer loop
      vertex 5.49278 49.853 2
      vertex 5.47118 49.7074 0
      vertex 5.47118 49.7074 2
    endloop
  endfacet
  facet normal 0.741027 0.671475 0
    outer loop
      vertex 2.93934 48.9393 2
      vertex 2.84048 49.0484 0
      vertex 2.84048 49.0484 2
    endloop
  endfacet
  facet normal 0.741027 0.671475 0
    outer loop
      vertex 2.84048 49.0484 0
      vertex 2.93934 48.9393 2
      vertex 2.93934 48.9393 0
    endloop
  endfacet
  facet normal -0.90402 0.427491 0
    outer loop
      vertex 5.32288 49.2929 0
      vertex 5.38582 49.426 2
      vertex 5.38582 49.426 0
    endloop
  endfacet
  facet normal -0.90402 0.427491 0
    outer loop
      vertex 5.38582 49.426 2
      vertex 5.32288 49.2929 0
      vertex 5.32288 49.2929 2
    endloop
  endfacet
  facet normal 0.857792 0.513996 0
    outer loop
      vertex 2.7528 49.1666 2
      vertex 2.67712 49.2929 0
      vertex 2.67712 49.2929 2
    endloop
  endfacet
  facet normal 0.857792 0.513996 0
    outer loop
      vertex 2.67712 49.2929 0
      vertex 2.7528 49.1666 2
      vertex 2.7528 49.1666 0
    endloop
  endfacet
  facet normal -0.048911 0.998803 0
    outer loop
      vertex 4.14703 48.5072 0
      vertex 4 48.5 2
      vertex 4.14703 48.5072 2
    endloop
  endfacet
  facet normal -0.048911 0.998803 0
    outer loop
      vertex 4 48.5 2
      vertex 4.14703 48.5072 0
      vertex 4 48.5 0
    endloop
  endfacet
  facet normal 0.336939 0.941527 -0
    outer loop
      vertex 3.56457 48.5646 0
      vertex 3.42597 48.6142 2
      vertex 3.56457 48.5646 2
    endloop
  endfacet
  facet normal 0.336939 0.941527 0
    outer loop
      vertex 3.42597 48.6142 2
      vertex 3.56457 48.5646 0
      vertex 3.42597 48.6142 0
    endloop
  endfacet
  facet normal 0.671353 0.741138 -0
    outer loop
      vertex 3.04841 48.8405 0
      vertex 2.93934 48.9393 2
      vertex 3.04841 48.8405 2
    endloop
  endfacet
  facet normal 0.671353 0.741138 0
    outer loop
      vertex 2.93934 48.9393 2
      vertex 3.04841 48.8405 0
      vertex 2.93934 48.9393 0
    endloop
  endfacet
  facet normal -0.998796 0.0490565 0
    outer loop
      vertex 5.49278 49.853 0
      vertex 5.5 50 2
      vertex 5.5 50 0
    endloop
  endfacet
  facet normal -0.998796 0.0490565 0
    outer loop
      vertex 5.5 50 2
      vertex 5.49278 49.853 0
      vertex 5.49278 49.853 2
    endloop
  endfacet
  facet normal -0.33696 0.941519 0
    outer loop
      vertex 4.57402 48.6142 0
      vertex 4.43543 48.5646 2
      vertex 4.57402 48.6142 2
    endloop
  endfacet
  facet normal -0.33696 0.941519 0
    outer loop
      vertex 4.43543 48.5646 2
      vertex 4.57402 48.6142 0
      vertex 4.43543 48.5646 0
    endloop
  endfacet
  facet normal 0.803153 0.595773 0
    outer loop
      vertex 2.84048 49.0484 2
      vertex 2.7528 49.1666 0
      vertex 2.7528 49.1666 2
    endloop
  endfacet
  facet normal 0.803153 0.595773 0
    outer loop
      vertex 2.7528 49.1666 0
      vertex 2.84048 49.0484 2
      vertex 2.84048 49.0484 0
    endloop
  endfacet
  facet normal -0.857792 0.513996 0
    outer loop
      vertex 5.2472 49.1666 0
      vertex 5.32288 49.2929 2
      vertex 5.32288 49.2929 0
    endloop
  endfacet
  facet normal -0.857792 0.513996 0
    outer loop
      vertex 5.32288 49.2929 2
      vertex 5.2472 49.1666 0
      vertex 5.2472 49.1666 2
    endloop
  endfacet
  facet normal 0.998796 0.0490565 0
    outer loop
      vertex 2.50722 49.853 2
      vertex 2.5 50 0
      vertex 2.5 50 2
    endloop
  endfacet
  facet normal 0.998796 0.0490565 0
    outer loop
      vertex 2.5 50 0
      vertex 2.50722 49.853 2
      vertex 2.50722 49.853 0
    endloop
  endfacet
  facet normal 0.989174 0.146746 0
    outer loop
      vertex 2.52882 49.7074 2
      vertex 2.50722 49.853 0
      vertex 2.50722 49.853 2
    endloop
  endfacet
  facet normal 0.989174 0.146746 0
    outer loop
      vertex 2.50722 49.853 0
      vertex 2.52882 49.7074 2
      vertex 2.52882 49.7074 0
    endloop
  endfacet
  facet normal -0.146746 0.989174 0
    outer loop
      vertex 4.29263 48.5288 0
      vertex 4.14703 48.5072 2
      vertex 4.29263 48.5288 2
    endloop
  endfacet
  facet normal -0.146746 0.989174 0
    outer loop
      vertex 4.14703 48.5072 2
      vertex 4.29263 48.5288 0
      vertex 4.14703 48.5072 0
    endloop
  endfacet
  facet normal 0.427347 0.904088 -0
    outer loop
      vertex 3.42597 48.6142 0
      vertex 3.2929 48.6771 2
      vertex 3.42597 48.6142 2
    endloop
  endfacet
  facet normal 0.427347 0.904088 0
    outer loop
      vertex 3.2929 48.6771 2
      vertex 3.42597 48.6142 0
      vertex 3.2929 48.6771 0
    endloop
  endfacet
  facet normal -0.970031 0.242983 0
    outer loop
      vertex 5.43541 49.5646 0
      vertex 5.47118 49.7074 2
      vertex 5.47118 49.7074 0
    endloop
  endfacet
  facet normal -0.970031 0.242983 0
    outer loop
      vertex 5.47118 49.7074 2
      vertex 5.43541 49.5646 0
      vertex 5.43541 49.5646 2
    endloop
  endfacet
  facet normal -0.941548 0.336879 0
    outer loop
      vertex 5.38582 49.426 0
      vertex 5.43541 49.5646 2
      vertex 5.43541 49.5646 0
    endloop
  endfacet
  facet normal -0.941548 0.336879 0
    outer loop
      vertex 5.43541 49.5646 2
      vertex 5.38582 49.426 0
      vertex 5.38582 49.426 2
    endloop
  endfacet
  facet normal 0.595764 0.80316 -0
    outer loop
      vertex 3.16664 48.7528 0
      vertex 3.04841 48.8405 2
      vertex 3.16664 48.7528 2
    endloop
  endfacet
  facet normal 0.595764 0.80316 0
    outer loop
      vertex 3.04841 48.8405 2
      vertex 3.16664 48.7528 0
      vertex 3.04841 48.8405 0
    endloop
  endfacet
  facet normal 0.243191 0.969978 -0
    outer loop
      vertex 3.70736 48.5288 0
      vertex 3.56457 48.5646 2
      vertex 3.70736 48.5288 2
    endloop
  endfacet
  facet normal 0.243191 0.969978 0
    outer loop
      vertex 3.56457 48.5646 2
      vertex 3.70736 48.5288 0
      vertex 3.56457 48.5646 0
    endloop
  endfacet
  facet normal 0.90402 0.427491 0
    outer loop
      vertex 2.67712 49.2929 2
      vertex 2.61418 49.426 0
      vertex 2.61418 49.426 2
    endloop
  endfacet
  facet normal 0.90402 0.427491 0
    outer loop
      vertex 2.61418 49.426 0
      vertex 2.67712 49.2929 2
      vertex 2.67712 49.2929 0
    endloop
  endfacet
  facet normal 0.146736 0.989176 -0
    outer loop
      vertex 3.85297 48.5072 0
      vertex 3.70736 48.5288 2
      vertex 3.85297 48.5072 2
    endloop
  endfacet
  facet normal 0.146736 0.989176 0
    outer loop
      vertex 3.70736 48.5288 2
      vertex 3.85297 48.5072 0
      vertex 3.70736 48.5288 0
    endloop
  endfacet
  facet normal -0.741027 0.671475 0
    outer loop
      vertex 5.06066 48.9393 0
      vertex 5.15952 49.0484 2
      vertex 5.15952 49.0484 0
    endloop
  endfacet
  facet normal -0.741027 0.671475 0
    outer loop
      vertex 5.15952 49.0484 2
      vertex 5.06066 48.9393 0
      vertex 5.06066 48.9393 2
    endloop
  endfacet
  facet normal 0.970031 0.242983 0
    outer loop
      vertex 2.56459 49.5646 2
      vertex 2.52882 49.7074 0
      vertex 2.52882 49.7074 2
    endloop
  endfacet
  facet normal 0.970031 0.242983 0
    outer loop
      vertex 2.52882 49.7074 0
      vertex 2.56459 49.5646 2
      vertex 2.56459 49.5646 0
    endloop
  endfacet
  facet normal -0.427347 0.904088 0
    outer loop
      vertex 4.70709 48.6771 0
      vertex 4.57402 48.6142 2
      vertex 4.70709 48.6771 2
    endloop
  endfacet
  facet normal -0.427347 0.904088 0
    outer loop
      vertex 4.57402 48.6142 2
      vertex 4.70709 48.6771 0
      vertex 4.57402 48.6142 0
    endloop
  endfacet
  facet normal -0.514216 0.857661 0
    outer loop
      vertex 4.83335 48.7528 0
      vertex 4.70709 48.6771 2
      vertex 4.83335 48.7528 2
    endloop
  endfacet
  facet normal -0.514216 0.857661 0
    outer loop
      vertex 4.70709 48.6771 2
      vertex 4.83335 48.7528 0
      vertex 4.70709 48.6771 0
    endloop
  endfacet
  facet normal 0.514216 0.857661 -0
    outer loop
      vertex 3.2929 48.6771 0
      vertex 3.16664 48.7528 2
      vertex 3.2929 48.6771 2
    endloop
  endfacet
  facet normal 0.514216 0.857661 0
    outer loop
      vertex 3.16664 48.7528 2
      vertex 3.2929 48.6771 0
      vertex 3.16664 48.7528 0
    endloop
  endfacet
  facet normal 0.336939 0.941527 -0
    outer loop
      vertex 8.06457 48.5646 0
      vertex 7.92597 48.6142 2
      vertex 8.06457 48.5646 2
    endloop
  endfacet
  facet normal 0.336939 0.941527 0
    outer loop
      vertex 7.92597 48.6142 2
      vertex 8.06457 48.5646 0
      vertex 7.92597 48.6142 0
    endloop
  endfacet
  facet normal 0.243191 0.969978 -0
    outer loop
      vertex 8.20736 48.5288 0
      vertex 8.06457 48.5646 2
      vertex 8.20736 48.5288 2
    endloop
  endfacet
  facet normal 0.243191 0.969978 0
    outer loop
      vertex 8.06457 48.5646 2
      vertex 8.20736 48.5288 0
      vertex 8.06457 48.5646 0
    endloop
  endfacet
  facet normal 0.90402 0.427491 0
    outer loop
      vertex 7.17712 49.2929 2
      vertex 7.11418 49.426 0
      vertex 7.11418 49.426 2
    endloop
  endfacet
  facet normal 0.90402 0.427491 0
    outer loop
      vertex 7.11418 49.426 0
      vertex 7.17712 49.2929 2
      vertex 7.17712 49.2929 0
    endloop
  endfacet
  facet normal 0.857792 0.513996 0
    outer loop
      vertex 7.2528 49.1666 2
      vertex 7.17712 49.2929 0
      vertex 7.17712 49.2929 2
    endloop
  endfacet
  facet normal 0.857792 0.513996 0
    outer loop
      vertex 7.17712 49.2929 0
      vertex 7.2528 49.1666 2
      vertex 7.2528 49.1666 0
    endloop
  endfacet
  facet normal -0.243175 0.969982 0
    outer loop
      vertex 8.93543 48.5646 0
      vertex 8.79263 48.5288 2
      vertex 8.93543 48.5646 2
    endloop
  endfacet
  facet normal -0.243175 0.969982 0
    outer loop
      vertex 8.79263 48.5288 2
      vertex 8.93543 48.5646 0
      vertex 8.79263 48.5288 0
    endloop
  endfacet
  facet normal 0.595764 0.80316 -0
    outer loop
      vertex 7.66664 48.7528 0
      vertex 7.54841 48.8405 2
      vertex 7.66664 48.7528 2
    endloop
  endfacet
  facet normal 0.595764 0.80316 0
    outer loop
      vertex 7.54841 48.8405 2
      vertex 7.66664 48.7528 0
      vertex 7.54841 48.8405 0
    endloop
  endfacet
  facet normal -0.514216 0.857661 0
    outer loop
      vertex 9.33335 48.7528 0
      vertex 9.20709 48.6771 2
      vertex 9.33335 48.7528 2
    endloop
  endfacet
  facet normal -0.514216 0.857661 0
    outer loop
      vertex 9.20709 48.6771 2
      vertex 9.33335 48.7528 0
      vertex 9.20709 48.6771 0
    endloop
  endfacet
  facet normal -0.803153 0.595773 0
    outer loop
      vertex 9.65952 49.0484 0
      vertex 9.7472 49.1666 2
      vertex 9.7472 49.1666 0
    endloop
  endfacet
  facet normal -0.803153 0.595773 0
    outer loop
      vertex 9.7472 49.1666 2
      vertex 9.65952 49.0484 0
      vertex 9.65952 49.0484 2
    endloop
  endfacet
  facet normal -0.989174 0.146746 0
    outer loop
      vertex 9.97118 49.7074 0
      vertex 9.99278 49.853 2
      vertex 9.99278 49.853 0
    endloop
  endfacet
  facet normal -0.989174 0.146746 0
    outer loop
      vertex 9.99278 49.853 2
      vertex 9.97118 49.7074 0
      vertex 9.97118 49.7074 2
    endloop
  endfacet
  facet normal 0.941548 0.336879 0
    outer loop
      vertex 7.11418 49.426 2
      vertex 7.06459 49.5646 0
      vertex 7.06459 49.5646 2
    endloop
  endfacet
  facet normal 0.941548 0.336879 0
    outer loop
      vertex 7.06459 49.5646 0
      vertex 7.11418 49.426 2
      vertex 7.11418 49.426 0
    endloop
  endfacet
  facet normal -0.970031 0.242983 0
    outer loop
      vertex 9.93541 49.5646 0
      vertex 9.97118 49.7074 2
      vertex 9.97118 49.7074 0
    endloop
  endfacet
  facet normal -0.970031 0.242983 0
    outer loop
      vertex 9.97118 49.7074 2
      vertex 9.93541 49.5646 0
      vertex 9.93541 49.5646 2
    endloop
  endfacet
  facet normal -0.33696 0.941519 0
    outer loop
      vertex 9.07402 48.6142 0
      vertex 8.93543 48.5646 2
      vertex 9.07402 48.6142 2
    endloop
  endfacet
  facet normal -0.33696 0.941519 0
    outer loop
      vertex 8.93543 48.5646 2
      vertex 9.07402 48.6142 0
      vertex 8.93543 48.5646 0
    endloop
  endfacet
  facet normal -0.998796 0.0490565 0
    outer loop
      vertex 9.99278 49.853 0
      vertex 10 50 2
      vertex 10 50 0
    endloop
  endfacet
  facet normal -0.998796 0.0490565 0
    outer loop
      vertex 10 50 2
      vertex 9.99278 49.853 0
      vertex 9.99278 49.853 2
    endloop
  endfacet
  facet normal -0.90402 0.427491 0
    outer loop
      vertex 9.82288 49.2929 0
      vertex 9.88582 49.426 2
      vertex 9.88582 49.426 0
    endloop
  endfacet
  facet normal -0.90402 0.427491 0
    outer loop
      vertex 9.88582 49.426 2
      vertex 9.82288 49.2929 0
      vertex 9.82288 49.2929 2
    endloop
  endfacet
  facet normal 0.671353 0.741138 -0
    outer loop
      vertex 7.54841 48.8405 0
      vertex 7.43934 48.9393 2
      vertex 7.54841 48.8405 2
    endloop
  endfacet
  facet normal 0.671353 0.741138 0
    outer loop
      vertex 7.43934 48.9393 2
      vertex 7.54841 48.8405 0
      vertex 7.43934 48.9393 0
    endloop
  endfacet
  facet normal 0.514216 0.857661 -0
    outer loop
      vertex 7.7929 48.6771 0
      vertex 7.66664 48.7528 2
      vertex 7.7929 48.6771 2
    endloop
  endfacet
  facet normal 0.514216 0.857661 0
    outer loop
      vertex 7.66664 48.7528 2
      vertex 7.7929 48.6771 0
      vertex 7.66664 48.7528 0
    endloop
  endfacet
  facet normal -0.146746 0.989174 0
    outer loop
      vertex 8.79263 48.5288 0
      vertex 8.64703 48.5072 2
      vertex 8.79263 48.5288 2
    endloop
  endfacet
  facet normal -0.146746 0.989174 0
    outer loop
      vertex 8.64703 48.5072 2
      vertex 8.79263 48.5288 0
      vertex 8.64703 48.5072 0
    endloop
  endfacet
  facet normal -0.857792 0.513996 0
    outer loop
      vertex 9.7472 49.1666 0
      vertex 9.82288 49.2929 2
      vertex 9.82288 49.2929 0
    endloop
  endfacet
  facet normal -0.857792 0.513996 0
    outer loop
      vertex 9.82288 49.2929 2
      vertex 9.7472 49.1666 0
      vertex 9.7472 49.1666 2
    endloop
  endfacet
  facet normal 0.998796 0.0490565 0
    outer loop
      vertex 7.00722 49.853 2
      vertex 7 50 0
      vertex 7 50 2
    endloop
  endfacet
  facet normal 0.998796 0.0490565 0
    outer loop
      vertex 7 50 0
      vertex 7.00722 49.853 2
      vertex 7.00722 49.853 0
    endloop
  endfacet
  facet normal -0.941548 0.336879 0
    outer loop
      vertex 9.88582 49.426 0
      vertex 9.93541 49.5646 2
      vertex 9.93541 49.5646 0
    endloop
  endfacet
  facet normal -0.941548 0.336879 0
    outer loop
      vertex 9.93541 49.5646 2
      vertex 9.88582 49.426 0
      vertex 9.88582 49.426 2
    endloop
  endfacet
  facet normal 0.146736 0.989176 -0
    outer loop
      vertex 8.35297 48.5072 0
      vertex 8.20736 48.5288 2
      vertex 8.35297 48.5072 2
    endloop
  endfacet
  facet normal 0.146736 0.989176 0
    outer loop
      vertex 8.20736 48.5288 2
      vertex 8.35297 48.5072 0
      vertex 8.20736 48.5288 0
    endloop
  endfacet
  facet normal -0.671353 0.741138 0
    outer loop
      vertex 9.56066 48.9393 0
      vertex 9.45159 48.8405 2
      vertex 9.56066 48.9393 2
    endloop
  endfacet
  facet normal -0.671353 0.741138 0
    outer loop
      vertex 9.45159 48.8405 2
      vertex 9.56066 48.9393 0
      vertex 9.45159 48.8405 0
    endloop
  endfacet
  facet normal 0.048911 0.998803 -0
    outer loop
      vertex 8.5 48.5 0
      vertex 8.35297 48.5072 2
      vertex 8.5 48.5 2
    endloop
  endfacet
  facet normal 0.048911 0.998803 0
    outer loop
      vertex 8.35297 48.5072 2
      vertex 8.5 48.5 0
      vertex 8.35297 48.5072 0
    endloop
  endfacet
  facet normal 0.970031 0.242983 0
    outer loop
      vertex 7.06459 49.5646 2
      vertex 7.02882 49.7074 0
      vertex 7.02882 49.7074 2
    endloop
  endfacet
  facet normal 0.970031 0.242983 0
    outer loop
      vertex 7.02882 49.7074 0
      vertex 7.06459 49.5646 2
      vertex 7.06459 49.5646 0
    endloop
  endfacet
  facet normal 0.427347 0.904088 -0
    outer loop
      vertex 7.92597 48.6142 0
      vertex 7.7929 48.6771 2
      vertex 7.92597 48.6142 2
    endloop
  endfacet
  facet normal 0.427347 0.904088 0
    outer loop
      vertex 7.7929 48.6771 2
      vertex 7.92597 48.6142 0
      vertex 7.7929 48.6771 0
    endloop
  endfacet
  facet normal 0.741027 0.671475 0
    outer loop
      vertex 7.43934 48.9393 2
      vertex 7.34048 49.0484 0
      vertex 7.34048 49.0484 2
    endloop
  endfacet
  facet normal 0.741027 0.671475 0
    outer loop
      vertex 7.34048 49.0484 0
      vertex 7.43934 48.9393 2
      vertex 7.43934 48.9393 0
    endloop
  endfacet
  facet normal -0.427347 0.904088 0
    outer loop
      vertex 9.20709 48.6771 0
      vertex 9.07402 48.6142 2
      vertex 9.20709 48.6771 2
    endloop
  endfacet
  facet normal -0.427347 0.904088 0
    outer loop
      vertex 9.07402 48.6142 2
      vertex 9.20709 48.6771 0
      vertex 9.07402 48.6142 0
    endloop
  endfacet
  facet normal -0.048911 0.998803 0
    outer loop
      vertex 8.64703 48.5072 0
      vertex 8.5 48.5 2
      vertex 8.64703 48.5072 2
    endloop
  endfacet
  facet normal -0.048911 0.998803 0
    outer loop
      vertex 8.5 48.5 2
      vertex 8.64703 48.5072 0
      vertex 8.5 48.5 0
    endloop
  endfacet
  facet normal 0.989174 0.146746 0
    outer loop
      vertex 7.02882 49.7074 2
      vertex 7.00722 49.853 0
      vertex 7.00722 49.853 2
    endloop
  endfacet
  facet normal 0.989174 0.146746 0
    outer loop
      vertex 7.00722 49.853 0
      vertex 7.02882 49.7074 2
      vertex 7.02882 49.7074 0
    endloop
  endfacet
  facet normal -0.595731 0.803184 0
    outer loop
      vertex 9.45159 48.8405 0
      vertex 9.33335 48.7528 2
      vertex 9.45159 48.8405 2
    endloop
  endfacet
  facet normal -0.595731 0.803184 0
    outer loop
      vertex 9.33335 48.7528 2
      vertex 9.45159 48.8405 0
      vertex 9.33335 48.7528 0
    endloop
  endfacet
  facet normal 0.803153 0.595773 0
    outer loop
      vertex 7.34048 49.0484 2
      vertex 7.2528 49.1666 0
      vertex 7.2528 49.1666 2
    endloop
  endfacet
  facet normal 0.803153 0.595773 0
    outer loop
      vertex 7.2528 49.1666 0
      vertex 7.34048 49.0484 2
      vertex 7.34048 49.0484 0
    endloop
  endfacet
  facet normal -0.741027 0.671475 0
    outer loop
      vertex 9.56066 48.9393 0
      vertex 9.65952 49.0484 2
      vertex 9.65952 49.0484 0
    endloop
  endfacet
  facet normal -0.741027 0.671475 0
    outer loop
      vertex 9.65952 49.0484 2
      vertex 9.56066 48.9393 0
      vertex 9.56066 48.9393 2
    endloop
  endfacet
  facet normal 0.336939 0.941527 -0
    outer loop
      vertex 12.5646 48.5646 0
      vertex 12.426 48.6142 2
      vertex 12.5646 48.5646 2
    endloop
  endfacet
  facet normal 0.336939 0.941527 0
    outer loop
      vertex 12.426 48.6142 2
      vertex 12.5646 48.5646 0
      vertex 12.426 48.6142 0
    endloop
  endfacet
  facet normal 0.243175 0.969982 -0
    outer loop
      vertex 12.7074 48.5288 0
      vertex 12.5646 48.5646 2
      vertex 12.7074 48.5288 2
    endloop
  endfacet
  facet normal 0.243175 0.969982 0
    outer loop
      vertex 12.5646 48.5646 2
      vertex 12.7074 48.5288 0
      vertex 12.5646 48.5646 0
    endloop
  endfacet
  facet normal 0.904125 0.427269 0
    outer loop
      vertex 11.6771 49.2929 2
      vertex 11.6142 49.426 0
      vertex 11.6142 49.426 2
    endloop
  endfacet
  facet normal 0.904125 0.427269 0
    outer loop
      vertex 11.6142 49.426 0
      vertex 11.6771 49.2929 2
      vertex 11.6771 49.2929 0
    endloop
  endfacet
  facet normal 0.857733 0.514096 0
    outer loop
      vertex 11.7528 49.1666 2
      vertex 11.6771 49.2929 0
      vertex 11.6771 49.2929 2
    endloop
  endfacet
  facet normal 0.857733 0.514096 0
    outer loop
      vertex 11.6771 49.2929 0
      vertex 11.7528 49.1666 2
      vertex 11.7528 49.1666 0
    endloop
  endfacet
  facet normal -0.243175 0.969982 0
    outer loop
      vertex 13.4354 48.5646 0
      vertex 13.2926 48.5288 2
      vertex 13.4354 48.5646 2
    endloop
  endfacet
  facet normal -0.243175 0.969982 0
    outer loop
      vertex 13.2926 48.5288 2
      vertex 13.4354 48.5646 0
      vertex 13.2926 48.5288 0
    endloop
  endfacet
  facet normal 0.595861 0.803088 -0
    outer loop
      vertex 12.1666 48.7528 0
      vertex 12.0484 48.8405 2
      vertex 12.1666 48.7528 2
    endloop
  endfacet
  facet normal 0.595861 0.803088 0
    outer loop
      vertex 12.0484 48.8405 2
      vertex 12.1666 48.7528 0
      vertex 12.0484 48.8405 0
    endloop
  endfacet
  facet normal -0.514096 0.857733 0
    outer loop
      vertex 13.8334 48.7528 0
      vertex 13.7071 48.6771 2
      vertex 13.8334 48.7528 2
    endloop
  endfacet
  facet normal -0.514096 0.857733 0
    outer loop
      vertex 13.7071 48.6771 2
      vertex 13.8334 48.7528 0
      vertex 13.7071 48.6771 0
    endloop
  endfacet
  facet normal -0.803088 0.595861 0
    outer loop
      vertex 14.1595 49.0484 0
      vertex 14.2472 49.1666 2
      vertex 14.2472 49.1666 0
    endloop
  endfacet
  facet normal -0.803088 0.595861 0
    outer loop
      vertex 14.2472 49.1666 2
      vertex 14.1595 49.0484 0
      vertex 14.1595 49.0484 2
    endloop
  endfacet
  facet normal -0.989174 0.146746 0
    outer loop
      vertex 14.4712 49.7074 0
      vertex 14.4928 49.853 2
      vertex 14.4928 49.853 0
    endloop
  endfacet
  facet normal -0.989174 0.146746 0
    outer loop
      vertex 14.4928 49.853 2
      vertex 14.4712 49.7074 0
      vertex 14.4712 49.7074 2
    endloop
  endfacet
  facet normal 0.941527 0.336939 0
    outer loop
      vertex 11.6142 49.426 2
      vertex 11.5646 49.5646 0
      vertex 11.5646 49.5646 2
    endloop
  endfacet
  facet normal 0.941527 0.336939 0
    outer loop
      vertex 11.5646 49.5646 0
      vertex 11.6142 49.426 2
      vertex 11.6142 49.426 0
    endloop
  endfacet
  facet normal -0.969982 0.243175 0
    outer loop
      vertex 14.4354 49.5646 0
      vertex 14.4712 49.7074 2
      vertex 14.4712 49.7074 0
    endloop
  endfacet
  facet normal -0.969982 0.243175 0
    outer loop
      vertex 14.4712 49.7074 2
      vertex 14.4354 49.5646 0
      vertex 14.4354 49.5646 2
    endloop
  endfacet
  facet normal -0.336939 0.941527 0
    outer loop
      vertex 13.574 48.6142 0
      vertex 13.4354 48.5646 2
      vertex 13.574 48.6142 2
    endloop
  endfacet
  facet normal -0.336939 0.941527 0
    outer loop
      vertex 13.4354 48.5646 2
      vertex 13.574 48.6142 0
      vertex 13.4354 48.5646 0
    endloop
  endfacet
  facet normal -0.998803 0.0489209 0
    outer loop
      vertex 14.4928 49.853 0
      vertex 14.5 50 2
      vertex 14.5 50 0
    endloop
  endfacet
  facet normal -0.998803 0.0489209 0
    outer loop
      vertex 14.5 50 2
      vertex 14.4928 49.853 0
      vertex 14.4928 49.853 2
    endloop
  endfacet
  facet normal -0.904125 0.427269 0
    outer loop
      vertex 14.3229 49.2929 0
      vertex 14.3858 49.426 2
      vertex 14.3858 49.426 0
    endloop
  endfacet
  facet normal -0.904125 0.427269 0
    outer loop
      vertex 14.3858 49.426 2
      vertex 14.3229 49.2929 0
      vertex 14.3229 49.2929 2
    endloop
  endfacet
  facet normal 0.671251 0.74123 -0
    outer loop
      vertex 12.0484 48.8405 0
      vertex 11.9393 48.9393 2
      vertex 12.0484 48.8405 2
    endloop
  endfacet
  facet normal 0.671251 0.74123 0
    outer loop
      vertex 11.9393 48.9393 2
      vertex 12.0484 48.8405 0
      vertex 11.9393 48.9393 0
    endloop
  endfacet
  facet normal 0.514096 0.857733 -0
    outer loop
      vertex 12.2929 48.6771 0
      vertex 12.1666 48.7528 2
      vertex 12.2929 48.6771 2
    endloop
  endfacet
  facet normal 0.514096 0.857733 0
    outer loop
      vertex 12.1666 48.7528 2
      vertex 12.2929 48.6771 0
      vertex 12.1666 48.7528 0
    endloop
  endfacet
  facet normal -0.146746 0.989174 0
    outer loop
      vertex 13.2926 48.5288 0
      vertex 13.147 48.5072 2
      vertex 13.2926 48.5288 2
    endloop
  endfacet
  facet normal -0.146746 0.989174 0
    outer loop
      vertex 13.147 48.5072 2
      vertex 13.2926 48.5288 0
      vertex 13.147 48.5072 0
    endloop
  endfacet
  facet normal -0.857733 0.514096 0
    outer loop
      vertex 14.2472 49.1666 0
      vertex 14.3229 49.2929 2
      vertex 14.3229 49.2929 0
    endloop
  endfacet
  facet normal -0.857733 0.514096 0
    outer loop
      vertex 14.3229 49.2929 2
      vertex 14.2472 49.1666 0
      vertex 14.2472 49.1666 2
    endloop
  endfacet
  facet normal 0.998803 0.0489209 0
    outer loop
      vertex 11.5072 49.853 2
      vertex 11.5 50 0
      vertex 11.5 50 2
    endloop
  endfacet
  facet normal 0.998803 0.0489209 0
    outer loop
      vertex 11.5 50 0
      vertex 11.5072 49.853 2
      vertex 11.5072 49.853 0
    endloop
  endfacet
  facet normal -0.941527 0.336939 0
    outer loop
      vertex 14.3858 49.426 0
      vertex 14.4354 49.5646 2
      vertex 14.4354 49.5646 0
    endloop
  endfacet
  facet normal -0.941527 0.336939 0
    outer loop
      vertex 14.4354 49.5646 2
      vertex 14.3858 49.426 0
      vertex 14.3858 49.426 2
    endloop
  endfacet
  facet normal 0.146746 0.989174 -0
    outer loop
      vertex 12.853 48.5072 0
      vertex 12.7074 48.5288 2
      vertex 12.853 48.5072 2
    endloop
  endfacet
  facet normal 0.146746 0.989174 0
    outer loop
      vertex 12.7074 48.5288 2
      vertex 12.853 48.5072 0
      vertex 12.7074 48.5288 0
    endloop
  endfacet
  facet normal -0.671251 0.74123 0
    outer loop
      vertex 14.0607 48.9393 0
      vertex 13.9516 48.8405 2
      vertex 14.0607 48.9393 2
    endloop
  endfacet
  facet normal -0.671251 0.74123 0
    outer loop
      vertex 13.9516 48.8405 2
      vertex 14.0607 48.9393 0
      vertex 13.9516 48.8405 0
    endloop
  endfacet
  facet normal 0.0489209 0.998803 -0
    outer loop
      vertex 13 48.5 0
      vertex 12.853 48.5072 2
      vertex 13 48.5 2
    endloop
  endfacet
  facet normal 0.0489209 0.998803 0
    outer loop
      vertex 12.853 48.5072 2
      vertex 13 48.5 0
      vertex 12.853 48.5072 0
    endloop
  endfacet
  facet normal 0.969982 0.243175 0
    outer loop
      vertex 11.5646 49.5646 2
      vertex 11.5288 49.7074 0
      vertex 11.5288 49.7074 2
    endloop
  endfacet
  facet normal 0.969982 0.243175 0
    outer loop
      vertex 11.5288 49.7074 0
      vertex 11.5646 49.5646 2
      vertex 11.5646 49.5646 0
    endloop
  endfacet
  facet normal 0.427269 0.904125 -0
    outer loop
      vertex 12.426 48.6142 0
      vertex 12.2929 48.6771 2
      vertex 12.426 48.6142 2
    endloop
  endfacet
  facet normal 0.427269 0.904125 0
    outer loop
      vertex 12.2929 48.6771 2
      vertex 12.426 48.6142 0
      vertex 12.2929 48.6771 0
    endloop
  endfacet
  facet normal 0.74123 0.671251 0
    outer loop
      vertex 11.9393 48.9393 2
      vertex 11.8405 49.0484 0
      vertex 11.8405 49.0484 2
    endloop
  endfacet
  facet normal 0.74123 0.671251 0
    outer loop
      vertex 11.8405 49.0484 0
      vertex 11.9393 48.9393 2
      vertex 11.9393 48.9393 0
    endloop
  endfacet
  facet normal -0.427269 0.904125 0
    outer loop
      vertex 13.7071 48.6771 0
      vertex 13.574 48.6142 2
      vertex 13.7071 48.6771 2
    endloop
  endfacet
  facet normal -0.427269 0.904125 0
    outer loop
      vertex 13.574 48.6142 2
      vertex 13.7071 48.6771 0
      vertex 13.574 48.6142 0
    endloop
  endfacet
  facet normal -0.0489209 0.998803 0
    outer loop
      vertex 13.147 48.5072 0
      vertex 13 48.5 2
      vertex 13.147 48.5072 2
    endloop
  endfacet
  facet normal -0.0489209 0.998803 0
    outer loop
      vertex 13 48.5 2
      vertex 13.147 48.5072 0
      vertex 13 48.5 0
    endloop
  endfacet
  facet normal 0.989174 0.146746 0
    outer loop
      vertex 11.5288 49.7074 2
      vertex 11.5072 49.853 0
      vertex 11.5072 49.853 2
    endloop
  endfacet
  facet normal 0.989174 0.146746 0
    outer loop
      vertex 11.5072 49.853 0
      vertex 11.5288 49.7074 2
      vertex 11.5288 49.7074 0
    endloop
  endfacet
  facet normal -0.595861 0.803088 0
    outer loop
      vertex 13.9516 48.8405 0
      vertex 13.8334 48.7528 2
      vertex 13.9516 48.8405 2
    endloop
  endfacet
  facet normal -0.595861 0.803088 0
    outer loop
      vertex 13.8334 48.7528 2
      vertex 13.9516 48.8405 0
      vertex 13.8334 48.7528 0
    endloop
  endfacet
  facet normal 0.803088 0.595861 0
    outer loop
      vertex 11.8405 49.0484 2
      vertex 11.7528 49.1666 0
      vertex 11.7528 49.1666 2
    endloop
  endfacet
  facet normal 0.803088 0.595861 0
    outer loop
      vertex 11.7528 49.1666 0
      vertex 11.8405 49.0484 2
      vertex 11.8405 49.0484 0
    endloop
  endfacet
  facet normal -0.74123 0.671251 0
    outer loop
      vertex 14.0607 48.9393 0
      vertex 14.1595 49.0484 2
      vertex 14.1595 49.0484 0
    endloop
  endfacet
  facet normal -0.74123 0.671251 0
    outer loop
      vertex 14.1595 49.0484 2
      vertex 14.0607 48.9393 0
      vertex 14.0607 48.9393 2
    endloop
  endfacet
  facet normal 0.671251 0.74123 -0
    outer loop
      vertex 16.5484 48.8405 0
      vertex 16.4393 48.9393 2
      vertex 16.5484 48.8405 2
    endloop
  endfacet
  facet normal 0.671251 0.74123 0
    outer loop
      vertex 16.4393 48.9393 2
      vertex 16.5484 48.8405 0
      vertex 16.4393 48.9393 0
    endloop
  endfacet
  facet normal 0.0489209 0.998803 -0
    outer loop
      vertex 17.5 48.5 0
      vertex 17.353 48.5072 2
      vertex 17.5 48.5 2
    endloop
  endfacet
  facet normal 0.0489209 0.998803 0
    outer loop
      vertex 17.353 48.5072 2
      vertex 17.5 48.5 0
      vertex 17.353 48.5072 0
    endloop
  endfacet
  facet normal -0.941527 0.336939 0
    outer loop
      vertex 18.8858 49.426 0
      vertex 18.9354 49.5646 2
      vertex 18.9354 49.5646 0
    endloop
  endfacet
  facet normal -0.941527 0.336939 0
    outer loop
      vertex 18.9354 49.5646 2
      vertex 18.8858 49.426 0
      vertex 18.8858 49.426 2
    endloop
  endfacet
  facet normal -0.243175 0.969982 0
    outer loop
      vertex 17.9354 48.5646 0
      vertex 17.7926 48.5288 2
      vertex 17.9354 48.5646 2
    endloop
  endfacet
  facet normal -0.243175 0.969982 0
    outer loop
      vertex 17.7926 48.5288 2
      vertex 17.9354 48.5646 0
      vertex 17.7926 48.5288 0
    endloop
  endfacet
  facet normal 0.904125 0.427269 0
    outer loop
      vertex 16.1771 49.2929 2
      vertex 16.1142 49.426 0
      vertex 16.1142 49.426 2
    endloop
  endfacet
  facet normal 0.904125 0.427269 0
    outer loop
      vertex 16.1142 49.426 0
      vertex 16.1771 49.2929 2
      vertex 16.1771 49.2929 0
    endloop
  endfacet
  facet normal -0.803088 0.595861 0
    outer loop
      vertex 18.6595 49.0484 0
      vertex 18.7472 49.1666 2
      vertex 18.7472 49.1666 0
    endloop
  endfacet
  facet normal -0.803088 0.595861 0
    outer loop
      vertex 18.7472 49.1666 2
      vertex 18.6595 49.0484 0
      vertex 18.6595 49.0484 2
    endloop
  endfacet
  facet normal 0.803088 0.595861 0
    outer loop
      vertex 16.3405 49.0484 2
      vertex 16.2528 49.1666 0
      vertex 16.2528 49.1666 2
    endloop
  endfacet
  facet normal 0.803088 0.595861 0
    outer loop
      vertex 16.2528 49.1666 0
      vertex 16.3405 49.0484 2
      vertex 16.3405 49.0484 0
    endloop
  endfacet
  facet normal -0.989174 0.146746 0
    outer loop
      vertex 18.9712 49.7074 0
      vertex 18.9928 49.853 2
      vertex 18.9928 49.853 0
    endloop
  endfacet
  facet normal -0.989174 0.146746 0
    outer loop
      vertex 18.9928 49.853 2
      vertex 18.9712 49.7074 0
      vertex 18.9712 49.7074 2
    endloop
  endfacet
  facet normal 0.941527 0.336939 0
    outer loop
      vertex 16.1142 49.426 2
      vertex 16.0646 49.5646 0
      vertex 16.0646 49.5646 2
    endloop
  endfacet
  facet normal 0.941527 0.336939 0
    outer loop
      vertex 16.0646 49.5646 0
      vertex 16.1142 49.426 2
      vertex 16.1142 49.426 0
    endloop
  endfacet
  facet normal 0.857733 0.514096 0
    outer loop
      vertex 16.2528 49.1666 2
      vertex 16.1771 49.2929 0
      vertex 16.1771 49.2929 2
    endloop
  endfacet
  facet normal 0.857733 0.514096 0
    outer loop
      vertex 16.1771 49.2929 0
      vertex 16.2528 49.1666 2
      vertex 16.2528 49.1666 0
    endloop
  endfacet
  facet normal 0.146746 0.989174 -0
    outer loop
      vertex 17.353 48.5072 0
      vertex 17.2074 48.5288 2
      vertex 17.353 48.5072 2
    endloop
  endfacet
  facet normal 0.146746 0.989174 0
    outer loop
      vertex 17.2074 48.5288 2
      vertex 17.353 48.5072 0
      vertex 17.2074 48.5288 0
    endloop
  endfacet
  facet normal -0.671251 0.74123 0
    outer loop
      vertex 18.5607 48.9393 0
      vertex 18.4516 48.8405 2
      vertex 18.5607 48.9393 2
    endloop
  endfacet
  facet normal -0.671251 0.74123 0
    outer loop
      vertex 18.4516 48.8405 2
      vertex 18.5607 48.9393 0
      vertex 18.4516 48.8405 0
    endloop
  endfacet
  facet normal -0.969982 0.243175 0
    outer loop
      vertex 18.9354 49.5646 0
      vertex 18.9712 49.7074 2
      vertex 18.9712 49.7074 0
    endloop
  endfacet
  facet normal -0.969982 0.243175 0
    outer loop
      vertex 18.9712 49.7074 2
      vertex 18.9354 49.5646 0
      vertex 18.9354 49.5646 2
    endloop
  endfacet
  facet normal 0.595861 0.803088 -0
    outer loop
      vertex 16.6666 48.7528 0
      vertex 16.5484 48.8405 2
      vertex 16.6666 48.7528 2
    endloop
  endfacet
  facet normal 0.595861 0.803088 0
    outer loop
      vertex 16.5484 48.8405 2
      vertex 16.6666 48.7528 0
      vertex 16.5484 48.8405 0
    endloop
  endfacet
  facet normal -0.998803 0.0489209 0
    outer loop
      vertex 18.9928 49.853 0
      vertex 19 50 2
      vertex 19 50 0
    endloop
  endfacet
  facet normal -0.998803 0.0489209 0
    outer loop
      vertex 19 50 2
      vertex 18.9928 49.853 0
      vertex 18.9928 49.853 2
    endloop
  endfacet
  facet normal -0.336939 0.941527 0
    outer loop
      vertex 18.074 48.6142 0
      vertex 17.9354 48.5646 2
      vertex 18.074 48.6142 2
    endloop
  endfacet
  facet normal -0.336939 0.941527 0
    outer loop
      vertex 17.9354 48.5646 2
      vertex 18.074 48.6142 0
      vertex 17.9354 48.5646 0
    endloop
  endfacet
  facet normal -0.146746 0.989174 0
    outer loop
      vertex 17.7926 48.5288 0
      vertex 17.647 48.5072 2
      vertex 17.7926 48.5288 2
    endloop
  endfacet
  facet normal -0.146746 0.989174 0
    outer loop
      vertex 17.647 48.5072 2
      vertex 17.7926 48.5288 0
      vertex 17.647 48.5072 0
    endloop
  endfacet
  facet normal -0.857733 0.514096 0
    outer loop
      vertex 18.7472 49.1666 0
      vertex 18.8229 49.2929 2
      vertex 18.8229 49.2929 0
    endloop
  endfacet
  facet normal -0.857733 0.514096 0
    outer loop
      vertex 18.8229 49.2929 2
      vertex 18.7472 49.1666 0
      vertex 18.7472 49.1666 2
    endloop
  endfacet
  facet normal 0.998803 0.0489209 0
    outer loop
      vertex 16.0072 49.853 2
      vertex 16 50 0
      vertex 16 50 2
    endloop
  endfacet
  facet normal 0.998803 0.0489209 0
    outer loop
      vertex 16 50 0
      vertex 16.0072 49.853 2
      vertex 16.0072 49.853 0
    endloop
  endfacet
  facet normal 0.243175 0.969982 -0
    outer loop
      vertex 17.2074 48.5288 0
      vertex 17.0646 48.5646 2
      vertex 17.2074 48.5288 2
    endloop
  endfacet
  facet normal 0.243175 0.969982 0
    outer loop
      vertex 17.0646 48.5646 2
      vertex 17.2074 48.5288 0
      vertex 17.0646 48.5646 0
    endloop
  endfacet
  facet normal 0.989174 0.146746 0
    outer loop
      vertex 16.0288 49.7074 2
      vertex 16.0072 49.853 0
      vertex 16.0072 49.853 2
    endloop
  endfacet
  facet normal 0.989174 0.146746 0
    outer loop
      vertex 16.0072 49.853 0
      vertex 16.0288 49.7074 2
      vertex 16.0288 49.7074 0
    endloop
  endfacet
  facet normal 0.74123 0.671251 0
    outer loop
      vertex 16.4393 48.9393 2
      vertex 16.3405 49.0484 0
      vertex 16.3405 49.0484 2
    endloop
  endfacet
  facet normal 0.74123 0.671251 0
    outer loop
      vertex 16.3405 49.0484 0
      vertex 16.4393 48.9393 2
      vertex 16.4393 48.9393 0
    endloop
  endfacet
  facet normal 0.514096 0.857733 -0
    outer loop
      vertex 16.7929 48.6771 0
      vertex 16.6666 48.7528 2
      vertex 16.7929 48.6771 2
    endloop
  endfacet
  facet normal 0.514096 0.857733 0
    outer loop
      vertex 16.6666 48.7528 2
      vertex 16.7929 48.6771 0
      vertex 16.6666 48.7528 0
    endloop
  endfacet
  facet normal -0.427269 0.904125 0
    outer loop
      vertex 18.2071 48.6771 0
      vertex 18.074 48.6142 2
      vertex 18.2071 48.6771 2
    endloop
  endfacet
  facet normal -0.427269 0.904125 0
    outer loop
      vertex 18.074 48.6142 2
      vertex 18.2071 48.6771 0
      vertex 18.074 48.6142 0
    endloop
  endfacet
  facet normal -0.595861 0.803088 0
    outer loop
      vertex 18.4516 48.8405 0
      vertex 18.3334 48.7528 2
      vertex 18.4516 48.8405 2
    endloop
  endfacet
  facet normal -0.595861 0.803088 0
    outer loop
      vertex 18.3334 48.7528 2
      vertex 18.4516 48.8405 0
      vertex 18.3334 48.7528 0
    endloop
  endfacet
  facet normal 0.969982 0.243175 0
    outer loop
      vertex 16.0646 49.5646 2
      vertex 16.0288 49.7074 0
      vertex 16.0288 49.7074 2
    endloop
  endfacet
  facet normal 0.969982 0.243175 0
    outer loop
      vertex 16.0288 49.7074 0
      vertex 16.0646 49.5646 2
      vertex 16.0646 49.5646 0
    endloop
  endfacet
  facet normal -0.514096 0.857733 0
    outer loop
      vertex 18.3334 48.7528 0
      vertex 18.2071 48.6771 2
      vertex 18.3334 48.7528 2
    endloop
  endfacet
  facet normal -0.514096 0.857733 0
    outer loop
      vertex 18.2071 48.6771 2
      vertex 18.3334 48.7528 0
      vertex 18.2071 48.6771 0
    endloop
  endfacet
  facet normal -0.904125 0.427269 0
    outer loop
      vertex 18.8229 49.2929 0
      vertex 18.8858 49.426 2
      vertex 18.8858 49.426 0
    endloop
  endfacet
  facet normal -0.904125 0.427269 0
    outer loop
      vertex 18.8858 49.426 2
      vertex 18.8229 49.2929 0
      vertex 18.8229 49.2929 2
    endloop
  endfacet
  facet normal -0.0489209 0.998803 0
    outer loop
      vertex 17.647 48.5072 0
      vertex 17.5 48.5 2
      vertex 17.647 48.5072 2
    endloop
  endfacet
  facet normal -0.0489209 0.998803 0
    outer loop
      vertex 17.5 48.5 2
      vertex 17.647 48.5072 0
      vertex 17.5 48.5 0
    endloop
  endfacet
  facet normal -0.74123 0.671251 0
    outer loop
      vertex 18.5607 48.9393 0
      vertex 18.6595 49.0484 2
      vertex 18.6595 49.0484 0
    endloop
  endfacet
  facet normal -0.74123 0.671251 0
    outer loop
      vertex 18.6595 49.0484 2
      vertex 18.5607 48.9393 0
      vertex 18.5607 48.9393 2
    endloop
  endfacet
  facet normal 0.336939 0.941527 -0
    outer loop
      vertex 17.0646 48.5646 0
      vertex 16.926 48.6142 2
      vertex 17.0646 48.5646 2
    endloop
  endfacet
  facet normal 0.336939 0.941527 0
    outer loop
      vertex 16.926 48.6142 2
      vertex 17.0646 48.5646 0
      vertex 16.926 48.6142 0
    endloop
  endfacet
  facet normal 0.427269 0.904125 -0
    outer loop
      vertex 16.926 48.6142 0
      vertex 16.7929 48.6771 2
      vertex 16.926 48.6142 2
    endloop
  endfacet
  facet normal 0.427269 0.904125 0
    outer loop
      vertex 16.7929 48.6771 2
      vertex 16.926 48.6142 0
      vertex 16.7929 48.6771 0
    endloop
  endfacet
  facet normal 1 -0 0
    outer loop
      vertex 22 36 2
      vertex 22 50 0
      vertex 22 50 2
    endloop
  endfacet
  facet normal 1 0 0
    outer loop
      vertex 22 50 0
      vertex 22 36 2
      vertex 22 36 0
    endloop
  endfacet
  facet normal 0 0 1
    outer loop
      vertex 18.9928 49.853 2
      vertex 22 50 2
      vertex 19 50 2
    endloop
  endfacet
  facet normal 0 0 1
    outer loop
      vertex 18.9712 49.7074 2
      vertex 22 50 2
      vertex 18.9928 49.853 2
    endloop
  endfacet
  facet normal 0 0 1
    outer loop
      vertex 18.9354 49.5646 2
      vertex 22 50 2
      vertex 18.9712 49.7074 2
    endloop
  endfacet
  facet normal 0 0 1
    outer loop
      vertex 18.8858 49.426 2
      vertex 22 50 2
      vertex 18.9354 49.5646 2
    endloop
  endfacet
  facet normal 0 0 1
    outer loop
      vertex 18.8229 49.2929 2
      vertex 22 50 2
      vertex 18.8858 49.426 2
    endloop
  endfacet
  facet normal 0 0 1
    outer loop
      vertex 18.7472 49.1666 2
      vertex 22 50 2
      vertex 18.8229 49.2929 2
    endloop
  endfacet
  facet normal 0 0 1
    outer loop
      vertex 18.6595 49.0484 2
      vertex 22 50 2
      vertex 18.7472 49.1666 2
    endloop
  endfacet
  facet normal 0 0 1
    outer loop
      vertex 18.5607 48.9393 2
      vertex 22 50 2
      vertex 18.6595 49.0484 2
    endloop
  endfacet
  facet normal 0 0 1
    outer loop
      vertex 18.4516 48.8405 2
      vertex 22 50 2
      vertex 18.5607 48.9393 2
    endloop
  endfacet
  facet normal 0 0 1
    outer loop
      vertex 18.3334 48.7528 2
      vertex 22 50 2
      vertex 18.4516 48.8405 2
    endloop
  endfacet
  facet normal 0 0 1
    outer loop
      vertex 22 50 2
      vertex 18.3334 48.7528 2
      vertex 22 36 2
    endloop
  endfacet
  facet normal -0 0 1
    outer loop
      vertex 18.2071 48.6771 2
      vertex 22 36 2
      vertex 18.3334 48.7528 2
    endloop
  endfacet
  facet normal -0 0 1
    outer loop
      vertex 18.074 48.6142 2
      vertex 22 36 2
      vertex 18.2071 48.6771 2
    endloop
  endfacet
  facet normal -0 0 1
    outer loop
      vertex 17.9354 48.5646 2
      vertex 22 36 2
      vertex 18.074 48.6142 2
    endloop
  endfacet
  facet normal -0 0 1
    outer loop
      vertex 17.7926 48.5288 2
      vertex 22 36 2
      vertex 17.9354 48.5646 2
    endloop
  endfacet
  facet normal -0 0 1
    outer loop
      vertex 17.647 48.5072 2
      vertex 22 36 2
      vertex 17.7926 48.5288 2
    endloop
  endfacet
  facet normal -0 0 1
    outer loop
      vertex 17.5 48.5 2
      vertex 22 36 2
      vertex 17.647 48.5072 2
    endloop
  endfacet
  facet normal 0 0 1
    outer loop
      vertex 17.353 48.5072 2
      vertex 22 36 2
      vertex 17.5 48.5 2
    endloop
  endfacet
  facet normal 0 0 1
    outer loop
      vertex 17.2074 48.5288 2
      vertex 22 36 2
      vertex 17.353 48.5072 2
    endloop
  endfacet
  facet normal 0 0 1
    outer loop
      vertex 13.2926 48.5288 2
      vertex 17.2074 48.5288 2
      vertex 17.0646 48.5646 2
    endloop
  endfacet
  facet normal 0 0 1
    outer loop
      vertex 13.4354 48.5646 2
      vertex 17.0646 48.5646 2
      vertex 16.926 48.6142 2
    endloop
  endfacet
  facet normal 0 0 1
    outer loop
      vertex 13.574 48.6142 2
      vertex 16.926 48.6142 2
      vertex 16.7929 48.6771 2
    endloop
  endfacet
  facet normal 0 0 1
    outer loop
      vertex 13.7071 48.6771 2
      vertex 16.7929 48.6771 2
      vertex 16.6666 48.7528 2
    endloop
  endfacet
  facet normal 0 0 1
    outer loop
      vertex 13.8334 48.7528 2
      vertex 16.6666 48.7528 2
      vertex 16.5484 48.8405 2
    endloop
  endfacet
  facet normal 0 0 1
    outer loop
      vertex 13.9516 48.8405 2
      vertex 16.5484 48.8405 2
      vertex 16.4393 48.9393 2
    endloop
  endfacet
  facet normal 0 0 1
    outer loop
      vertex 14.0607 48.9393 2
      vertex 16.4393 48.9393 2
      vertex 16.3405 49.0484 2
    endloop
  endfacet
  facet normal 0 0 1
    outer loop
      vertex 14.1595 49.0484 2
      vertex 16.3405 49.0484 2
      vertex 16.2528 49.1666 2
    endloop
  endfacet
  facet normal 0 0 1
    outer loop
      vertex 14.2472 49.1666 2
      vertex 16.2528 49.1666 2
      vertex 16.1771 49.2929 2
    endloop
  endfacet
  facet normal 0 0 1
    outer loop
      vertex 14.3229 49.2929 2
      vertex 16.1771 49.2929 2
      vertex 16.1142 49.426 2
    endloop
  endfacet
  facet normal -0 0 1
    outer loop
      vertex 14.5 50 2
      vertex 16.0072 49.853 2
      vertex 16 50 2
    endloop
  endfacet
  facet normal 0 0 1
    outer loop
      vertex 14.4928 49.853 2
      vertex 16.0072 49.853 2
      vertex 14.5 50 2
    endloop
  endfacet
  facet normal 0 0 1
    outer loop
      vertex 16.0072 49.853 2
      vertex 14.4928 49.853 2
      vertex 16.0288 49.7074 2
    endloop
  endfacet
  facet normal 0 0 1
    outer loop
      vertex 14.4712 49.7074 2
      vertex 16.0288 49.7074 2
      vertex 14.4928 49.853 2
    endloop
  endfacet
  facet normal 0 0 1
    outer loop
      vertex 16.0288 49.7074 2
      vertex 14.4712 49.7074 2
      vertex 16.0646 49.5646 2
    endloop
  endfacet
  facet normal 0 0 1
    outer loop
      vertex 14.4354 49.5646 2
      vertex 16.0646 49.5646 2
      vertex 14.4712 49.7074 2
    endloop
  endfacet
  facet normal 0 0 1
    outer loop
      vertex 16.0646 49.5646 2
      vertex 14.4354 49.5646 2
      vertex 16.1142 49.426 2
    endloop
  endfacet
  facet normal 0 0 1
    outer loop
      vertex 14.3858 49.426 2
      vertex 16.1142 49.426 2
      vertex 14.4354 49.5646 2
    endloop
  endfacet
  facet normal 0 0 1
    outer loop
      vertex 14.3229 49.2929 2
      vertex 16.1142 49.426 2
      vertex 14.3858 49.426 2
    endloop
  endfacet
  facet normal 0 0 1
    outer loop
      vertex 16.1771 49.2929 2
      vertex 14.3229 49.2929 2
      vertex 14.2472 49.1666 2
    endloop
  endfacet
  facet normal 0 0 1
    outer loop
      vertex 16.2528 49.1666 2
      vertex 14.2472 49.1666 2
      vertex 14.1595 49.0484 2
    endloop
  endfacet
  facet normal 0 0 1
    outer loop
      vertex 16.3405 49.0484 2
      vertex 14.1595 49.0484 2
      vertex 14.0607 48.9393 2
    endloop
  endfacet
  facet normal 0 0 1
    outer loop
      vertex 16.4393 48.9393 2
      vertex 14.0607 48.9393 2
      vertex 13.9516 48.8405 2
    endloop
  endfacet
  facet normal 0 0 1
    outer loop
      vertex 16.5484 48.8405 2
      vertex 13.9516 48.8405 2
      vertex 13.8334 48.7528 2
    endloop
  endfacet
  facet normal 0 0 1
    outer loop
      vertex 16.6666 48.7528 2
      vertex 13.8334 48.7528 2
      vertex 13.7071 48.6771 2
    endloop
  endfacet
  facet normal 0 0 1
    outer loop
      vertex 16.7929 48.6771 2
      vertex 13.7071 48.6771 2
      vertex 13.574 48.6142 2
    endloop
  endfacet
  facet normal 0 0 1
    outer loop
      vertex 16.926 48.6142 2
      vertex 13.574 48.6142 2
      vertex 13.4354 48.5646 2
    endloop
  endfacet
  facet normal 0 0 1
    outer loop
      vertex 13.2926 48.5288 2
      vertex 17.0646 48.5646 2
      vertex 13.4354 48.5646 2
    endloop
  endfacet
  facet normal 0 0 1
    outer loop
      vertex 17.2074 48.5288 2
      vertex 13.2926 48.5288 2
      vertex 22 36 2
    endloop
  endfacet
  facet normal -0 0 1
    outer loop
      vertex 13.147 48.5072 2
      vertex 22 36 2
      vertex 13.2926 48.5288 2
    endloop
  endfacet
  facet normal -0 0 1
    outer loop
      vertex 13 48.5 2
      vertex 22 36 2
      vertex 13.147 48.5072 2
    endloop
  endfacet
  facet normal 0 0 1
    outer loop
      vertex 12.853 48.5072 2
      vertex 22 36 2
      vertex 13 48.5 2
    endloop
  endfacet
  facet normal 0 0 1
    outer loop
      vertex 12.7074 48.5288 2
      vertex 22 36 2
      vertex 12.853 48.5072 2
    endloop
  endfacet
  facet normal 0 0 1
    outer loop
      vertex 8.79263 48.5288 2
      vertex 12.7074 48.5288 2
      vertex 12.5646 48.5646 2
    endloop
  endfacet
  facet normal 0 0 1
    outer loop
      vertex 8.93543 48.5646 2
      vertex 12.5646 48.5646 2
      vertex 12.426 48.6142 2
    endloop
  endfacet
  facet normal 0 0 1
    outer loop
      vertex 9.07402 48.6142 2
      vertex 12.426 48.6142 2
      vertex 12.2929 48.6771 2
    endloop
  endfacet
  facet normal 0 0 1
    outer loop
      vertex 9.20709 48.6771 2
      vertex 12.2929 48.6771 2
      vertex 12.1666 48.7528 2
    endloop
  endfacet
  facet normal 0 0 1
    outer loop
      vertex 9.33335 48.7528 2
      vertex 12.1666 48.7528 2
      vertex 12.0484 48.8405 2
    endloop
  endfacet
  facet normal 0 0 1
    outer loop
      vertex 9.45159 48.8405 2
      vertex 12.0484 48.8405 2
      vertex 11.9393 48.9393 2
    endloop
  endfacet
  facet normal 0 0 1
    outer loop
      vertex 9.56066 48.9393 2
      vertex 11.9393 48.9393 2
      vertex 11.8405 49.0484 2
    endloop
  endfacet
  facet normal -0 0 1
    outer loop
      vertex 10 50 2
      vertex 11.5072 49.853 2
      vertex 11.5 50 2
    endloop
  endfacet
  facet normal 0 0 1
    outer loop
      vertex 9.99278 49.853 2
      vertex 11.5072 49.853 2
      vertex 10 50 2
    endloop
  endfacet
  facet normal 0 0 1
    outer loop
      vertex 11.5072 49.853 2
      vertex 9.99278 49.853 2
      vertex 11.5288 49.7074 2
    endloop
  endfacet
  facet normal 0 0 1
    outer loop
      vertex 9.97118 49.7074 2
      vertex 11.5288 49.7074 2
      vertex 9.99278 49.853 2
    endloop
  endfacet
  facet normal 0 0 1
    outer loop
      vertex 11.5288 49.7074 2
      vertex 9.97118 49.7074 2
      vertex 11.5646 49.5646 2
    endloop
  endfacet
  facet normal 0 0 1
    outer loop
      vertex 9.93541 49.5646 2
      vertex 11.5646 49.5646 2
      vertex 9.97118 49.7074 2
    endloop
  endfacet
  facet normal 0 0 1
    outer loop
      vertex 11.5646 49.5646 2
      vertex 9.93541 49.5646 2
      vertex 11.6142 49.426 2
    endloop
  endfacet
  facet normal 0 0 1
    outer loop
      vertex 9.88582 49.426 2
      vertex 11.6142 49.426 2
      vertex 9.93541 49.5646 2
    endloop
  endfacet
  facet normal 0 0 1
    outer loop
      vertex 11.6142 49.426 2
      vertex 9.88582 49.426 2
      vertex 11.6771 49.2929 2
    endloop
  endfacet
  facet normal 0 0 1
    outer loop
      vertex 9.82288 49.2929 2
      vertex 11.6771 49.2929 2
      vertex 9.88582 49.426 2
    endloop
  endfacet
  facet normal 0 0 1
    outer loop
      vertex 11.6771 49.2929 2
      vertex 9.82288 49.2929 2
      vertex 11.7528 49.1666 2
    endloop
  endfacet
  facet normal 0 0 1
    outer loop
      vertex 9.7472 49.1666 2
      vertex 11.7528 49.1666 2
      vertex 9.82288 49.2929 2
    endloop
  endfacet
  facet normal 0 0 1
    outer loop
      vertex 11.7528 49.1666 2
      vertex 9.7472 49.1666 2
      vertex 11.8405 49.0484 2
    endloop
  endfacet
  facet normal 0 0 1
    outer loop
      vertex 9.65952 49.0484 2
      vertex 11.8405 49.0484 2
      vertex 9.7472 49.1666 2
    endloop
  endfacet
  facet normal 0 0 1
    outer loop
      vertex 9.56066 48.9393 2
      vertex 11.8405 49.0484 2
      vertex 9.65952 49.0484 2
    endloop
  endfacet
  facet normal 0 0 1
    outer loop
      vertex 11.9393 48.9393 2
      vertex 9.56066 48.9393 2
      vertex 9.45159 48.8405 2
    endloop
  endfacet
  facet normal 0 0 1
    outer loop
      vertex 12.0484 48.8405 2
      vertex 9.45159 48.8405 2
      vertex 9.33335 48.7528 2
    endloop
  endfacet
  facet normal 0 0 1
    outer loop
      vertex 12.1666 48.7528 2
      vertex 9.33335 48.7528 2
      vertex 9.20709 48.6771 2
    endloop
  endfacet
  facet normal 0 0 1
    outer loop
      vertex 12.2929 48.6771 2
      vertex 9.20709 48.6771 2
      vertex 9.07402 48.6142 2
    endloop
  endfacet
  facet normal 0 0 1
    outer loop
      vertex 12.426 48.6142 2
      vertex 9.07402 48.6142 2
      vertex 8.93543 48.5646 2
    endloop
  endfacet
  facet normal 0 0 1
    outer loop
      vertex 12.5646 48.5646 2
      vertex 8.93543 48.5646 2
      vertex 8.79263 48.5288 2
    endloop
  endfacet
  facet normal 0 0 1
    outer loop
      vertex 12.7074 48.5288 2
      vertex 8.79263 48.5288 2
      vertex 0 36 2
    endloop
  endfacet
  facet normal 0 0 1
    outer loop
      vertex 0 36 2
      vertex 8.79263 48.5288 2
      vertex 8.64703 48.5072 2
    endloop
  endfacet
  facet normal 0 0 1
    outer loop
      vertex 0 36 2
      vertex 8.64703 48.5072 2
      vertex 8.5 48.5 2
    endloop
  endfacet
  facet normal 0 0 1
    outer loop
      vertex 0 36 2
      vertex 8.5 48.5 2
      vertex 8.35297 48.5072 2
    endloop
  endfacet
  facet normal 0 0 1
    outer loop
      vertex 0 36 2
      vertex 8.35297 48.5072 2
      vertex 8.20736 48.5288 2
    endloop
  endfacet
  facet normal 0 0 1
    outer loop
      vertex 0 36 2
      vertex 8.20736 48.5288 2
      vertex 8.06457 48.5646 2
    endloop
  endfacet
  facet normal 0 0 1
    outer loop
      vertex 4.43543 48.5646 2
      vertex 8.06457 48.5646 2
      vertex 7.92597 48.6142 2
    endloop
  endfacet
  facet normal 0 0 1
    outer loop
      vertex 4.57402 48.6142 2
      vertex 7.92597 48.6142 2
      vertex 7.7929 48.6771 2
    endloop
  endfacet
  facet normal 0 0 1
    outer loop
      vertex 4.70709 48.6771 2
      vertex 7.7929 48.6771 2
      vertex 7.66664 48.7528 2
    endloop
  endfacet
  facet normal 0 0 1
    outer loop
      vertex 4.83335 48.7528 2
      vertex 7.66664 48.7528 2
      vertex 7.54841 48.8405 2
    endloop
  endfacet
  facet normal -0 0 1
    outer loop
      vertex 5.5 50 2
      vertex 7.00722 49.853 2
      vertex 7 50 2
    endloop
  endfacet
  facet normal 0 0 1
    outer loop
      vertex 5.49278 49.853 2
      vertex 7.00722 49.853 2
      vertex 5.5 50 2
    endloop
  endfacet
  facet normal 0 0 1
    outer loop
      vertex 7.00722 49.853 2
      vertex 5.49278 49.853 2
      vertex 7.02882 49.7074 2
    endloop
  endfacet
  facet normal 0 0 1
    outer loop
      vertex 5.47118 49.7074 2
      vertex 7.02882 49.7074 2
      vertex 5.49278 49.853 2
    endloop
  endfacet
  facet normal 0 0 1
    outer loop
      vertex 7.02882 49.7074 2
      vertex 5.47118 49.7074 2
      vertex 7.06459 49.5646 2
    endloop
  endfacet
  facet normal 0 0 1
    outer loop
      vertex 5.43541 49.5646 2
      vertex 7.06459 49.5646 2
      vertex 5.47118 49.7074 2
    endloop
  endfacet
  facet normal 0 0 1
    outer loop
      vertex 7.06459 49.5646 2
      vertex 5.43541 49.5646 2
      vertex 7.11418 49.426 2
    endloop
  endfacet
  facet normal 0 0 1
    outer loop
      vertex 5.38582 49.426 2
      vertex 7.11418 49.426 2
      vertex 5.43541 49.5646 2
    endloop
  endfacet
  facet normal 0 0 1
    outer loop
      vertex 7.11418 49.426 2
      vertex 5.38582 49.426 2
      vertex 7.17712 49.2929 2
    endloop
  endfacet
  facet normal 0 0 1
    outer loop
      vertex 5.32288 49.2929 2
      vertex 7.17712 49.2929 2
      vertex 5.38582 49.426 2
    endloop
  endfacet
  facet normal 0 0 1
    outer loop
      vertex 7.17712 49.2929 2
      vertex 5.32288 49.2929 2
      vertex 7.2528 49.1666 2
    endloop
  endfacet
  facet normal 0 0 1
    outer loop
      vertex 5.2472 49.1666 2
      vertex 7.2528 49.1666 2
      vertex 5.32288 49.2929 2
    endloop
  endfacet
  facet normal 0 0 1
    outer loop
      vertex 7.2528 49.1666 2
      vertex 5.2472 49.1666 2
      vertex 7.34048 49.0484 2
    endloop
  endfacet
  facet normal 0 0 1
    outer loop
      vertex 5.15952 49.0484 2
      vertex 7.34048 49.0484 2
      vertex 5.2472 49.1666 2
    endloop
  endfacet
  facet normal 0 0 1
    outer loop
      vertex 7.34048 49.0484 2
      vertex 5.15952 49.0484 2
      vertex 7.43934 48.9393 2
    endloop
  endfacet
  facet normal 0 0 1
    outer loop
      vertex 5.06066 48.9393 2
      vertex 7.43934 48.9393 2
      vertex 5.15952 49.0484 2
    endloop
  endfacet
  facet normal 0 0 1
    outer loop
      vertex 7.43934 48.9393 2
      vertex 5.06066 48.9393 2
      vertex 7.54841 48.8405 2
    endloop
  endfacet
  facet normal 0 0 1
    outer loop
      vertex 4.95159 48.8405 2
      vertex 7.54841 48.8405 2
      vertex 5.06066 48.9393 2
    endloop
  endfacet
  facet normal 0 0 1
    outer loop
      vertex 4.83335 48.7528 2
      vertex 7.54841 48.8405 2
      vertex 4.95159 48.8405 2
    endloop
  endfacet
  facet normal 0 0 1
    outer loop
      vertex 7.66664 48.7528 2
      vertex 4.83335 48.7528 2
      vertex 4.70709 48.6771 2
    endloop
  endfacet
  facet normal 0 0 1
    outer loop
      vertex 7.7929 48.6771 2
      vertex 4.70709 48.6771 2
      vertex 4.57402 48.6142 2
    endloop
  endfacet
  facet normal 0 0 1
    outer loop
      vertex 7.92597 48.6142 2
      vertex 4.57402 48.6142 2
      vertex 4.43543 48.5646 2
    endloop
  endfacet
  facet normal 0 0 1
    outer loop
      vertex 8.06457 48.5646 2
      vertex 4.43543 48.5646 2
      vertex 0 36 2
    endloop
  endfacet
  facet normal 0 0 1
    outer loop
      vertex 0 36 2
      vertex 4.43543 48.5646 2
      vertex 4.29263 48.5288 2
    endloop
  endfacet
  facet normal 0 0 1
    outer loop
      vertex 0 36 2
      vertex 4.29263 48.5288 2
      vertex 4.14703 48.5072 2
    endloop
  endfacet
  facet normal 0 0 1
    outer loop
      vertex 0 36 2
      vertex 4.14703 48.5072 2
      vertex 4 48.5 2
    endloop
  endfacet
  facet normal 0 0 1
    outer loop
      vertex 0 36 2
      vertex 4 48.5 2
      vertex 3.85297 48.5072 2
    endloop
  endfacet
  facet normal 0 0 1
    outer loop
      vertex 0 36 2
      vertex 3.85297 48.5072 2
      vertex 3.70736 48.5288 2
    endloop
  endfacet
  facet normal 0 0 1
    outer loop
      vertex 0 36 2
      vertex 3.70736 48.5288 2
      vertex 3.56457 48.5646 2
    endloop
  endfacet
  facet normal 0 0 1
    outer loop
      vertex 0 36 2
      vertex 3.56457 48.5646 2
      vertex 3.42597 48.6142 2
    endloop
  endfacet
  facet normal 0 0 1
    outer loop
      vertex 0 36 2
      vertex 3.42597 48.6142 2
      vertex 3.2929 48.6771 2
    endloop
  endfacet
  facet normal 0 0 1
    outer loop
      vertex 0 36 2
      vertex 3.2929 48.6771 2
      vertex 3.16664 48.7528 2
    endloop
  endfacet
  facet normal -0 0 1
    outer loop
      vertex 0 50 2
      vertex 2.50722 49.853 2
      vertex 2.5 50 2
    endloop
  endfacet
  facet normal 0 0 1
    outer loop
      vertex 0 50 2
      vertex 2.52882 49.7074 2
      vertex 2.50722 49.853 2
    endloop
  endfacet
  facet normal 0 0 1
    outer loop
      vertex 0 50 2
      vertex 2.56459 49.5646 2
      vertex 2.52882 49.7074 2
    endloop
  endfacet
  facet normal 0 0 1
    outer loop
      vertex 0 50 2
      vertex 2.61418 49.426 2
      vertex 2.56459 49.5646 2
    endloop
  endfacet
  facet normal 0 0 1
    outer loop
      vertex 0 50 2
      vertex 2.67712 49.2929 2
      vertex 2.61418 49.426 2
    endloop
  endfacet
  facet normal 0 0 1
    outer loop
      vertex 0 50 2
      vertex 2.7528 49.1666 2
      vertex 2.67712 49.2929 2
    endloop
  endfacet
  facet normal 0 0 1
    outer loop
      vertex 0 50 2
      vertex 2.84048 49.0484 2
      vertex 2.7528 49.1666 2
    endloop
  endfacet
  facet normal 0 0 1
    outer loop
      vertex 0 50 2
      vertex 2.93934 48.9393 2
      vertex 2.84048 49.0484 2
    endloop
  endfacet
  facet normal 0 0 1
    outer loop
      vertex 0 50 2
      vertex 3.04841 48.8405 2
      vertex 2.93934 48.9393 2
    endloop
  endfacet
  facet normal 0 0 1
    outer loop
      vertex 0 50 2
      vertex 3.16664 48.7528 2
      vertex 3.04841 48.8405 2
    endloop
  endfacet
  facet normal 0 0 1
    outer loop
      vertex 0 36 2
      vertex 3.16664 48.7528 2
      vertex 0 50 2
    endloop
  endfacet
  facet normal 0 0 1
    outer loop
      vertex 12.7074 48.5288 2
      vertex 0 36 2
      vertex 22 36 2
    endloop
  endfacet
  facet normal 0 0 -1
    outer loop
      vertex 18.3334 48.7528 0
      vertex 22 50 0
      vertex 22 36 0
    endloop
  endfacet
  facet normal -0 0 -1
    outer loop
      vertex 22 50 0
      vertex 18.9928 49.853 0
      vertex 19 50 0
    endloop
  endfacet
  facet normal 0 0 -1
    outer loop
      vertex 22 50 0
      vertex 18.9712 49.7074 0
      vertex 18.9928 49.853 0
    endloop
  endfacet
  facet normal 0 0 -1
    outer loop
      vertex 22 50 0
      vertex 18.9354 49.5646 0
      vertex 18.9712 49.7074 0
    endloop
  endfacet
  facet normal 0 0 -1
    outer loop
      vertex 22 50 0
      vertex 18.8858 49.426 0
      vertex 18.9354 49.5646 0
    endloop
  endfacet
  facet normal 0 0 -1
    outer loop
      vertex 22 50 0
      vertex 18.8229 49.2929 0
      vertex 18.8858 49.426 0
    endloop
  endfacet
  facet normal 0 0 -1
    outer loop
      vertex 22 50 0
      vertex 18.7472 49.1666 0
      vertex 18.8229 49.2929 0
    endloop
  endfacet
  facet normal 0 0 -1
    outer loop
      vertex 22 50 0
      vertex 18.6595 49.0484 0
      vertex 18.7472 49.1666 0
    endloop
  endfacet
  facet normal 0 0 -1
    outer loop
      vertex 22 50 0
      vertex 18.5607 48.9393 0
      vertex 18.6595 49.0484 0
    endloop
  endfacet
  facet normal 0 0 -1
    outer loop
      vertex 22 50 0
      vertex 18.4516 48.8405 0
      vertex 18.5607 48.9393 0
    endloop
  endfacet
  facet normal 0 0 -1
    outer loop
      vertex 22 50 0
      vertex 18.3334 48.7528 0
      vertex 18.4516 48.8405 0
    endloop
  endfacet
  facet normal 0 0 -1
    outer loop
      vertex 22 36 0
      vertex 18.2071 48.6771 0
      vertex 18.3334 48.7528 0
    endloop
  endfacet
  facet normal 0 0 -1
    outer loop
      vertex 22 36 0
      vertex 18.074 48.6142 0
      vertex 18.2071 48.6771 0
    endloop
  endfacet
  facet normal 0 0 -1
    outer loop
      vertex 22 36 0
      vertex 17.9354 48.5646 0
      vertex 18.074 48.6142 0
    endloop
  endfacet
  facet normal 0 0 -1
    outer loop
      vertex 22 36 0
      vertex 17.7926 48.5288 0
      vertex 17.9354 48.5646 0
    endloop
  endfacet
  facet normal 0 0 -1
    outer loop
      vertex 22 36 0
      vertex 17.647 48.5072 0
      vertex 17.7926 48.5288 0
    endloop
  endfacet
  facet normal 0 0 -1
    outer loop
      vertex 22 36 0
      vertex 17.5 48.5 0
      vertex 17.647 48.5072 0
    endloop
  endfacet
  facet normal 0 0 -1
    outer loop
      vertex 22 36 0
      vertex 17.353 48.5072 0
      vertex 17.5 48.5 0
    endloop
  endfacet
  facet normal 0 0 -1
    outer loop
      vertex 22 36 0
      vertex 17.2074 48.5288 0
      vertex 17.353 48.5072 0
    endloop
  endfacet
  facet normal 0 0 -1
    outer loop
      vertex 13.2926 48.5288 0
      vertex 17.2074 48.5288 0
      vertex 22 36 0
    endloop
  endfacet
  facet normal 0 0 -1
    outer loop
      vertex 17.2074 48.5288 0
      vertex 13.2926 48.5288 0
      vertex 17.0646 48.5646 0
    endloop
  endfacet
  facet normal 0 0 -1
    outer loop
      vertex 17.0646 48.5646 0
      vertex 13.4354 48.5646 0
      vertex 16.926 48.6142 0
    endloop
  endfacet
  facet normal 0 -0 -1
    outer loop
      vertex 13.574 48.6142 0
      vertex 16.926 48.6142 0
      vertex 13.4354 48.5646 0
    endloop
  endfacet
  facet normal 0 0 -1
    outer loop
      vertex 16.926 48.6142 0
      vertex 13.574 48.6142 0
      vertex 16.7929 48.6771 0
    endloop
  endfacet
  facet normal 0 -0 -1
    outer loop
      vertex 13.7071 48.6771 0
      vertex 16.7929 48.6771 0
      vertex 13.574 48.6142 0
    endloop
  endfacet
  facet normal 0 0 -1
    outer loop
      vertex 16.7929 48.6771 0
      vertex 13.7071 48.6771 0
      vertex 16.6666 48.7528 0
    endloop
  endfacet
  facet normal 0 0 -1
    outer loop
      vertex 16.6666 48.7528 0
      vertex 13.8334 48.7528 0
      vertex 16.5484 48.8405 0
    endloop
  endfacet
  facet normal 0 -0 -1
    outer loop
      vertex 13.9516 48.8405 0
      vertex 16.5484 48.8405 0
      vertex 13.8334 48.7528 0
    endloop
  endfacet
  facet normal 0 0 -1
    outer loop
      vertex 16.5484 48.8405 0
      vertex 13.9516 48.8405 0
      vertex 16.4393 48.9393 0
    endloop
  endfacet
  facet normal 0 0 -1
    outer loop
      vertex 16.0072 49.853 0
      vertex 14.5 50 0
      vertex 16 50 0
    endloop
  endfacet
  facet normal 0 0 -1
    outer loop
      vertex 14.4928 49.853 0
      vertex 16.0072 49.853 0
      vertex 16.0288 49.7074 0
    endloop
  endfacet
  facet normal 0 0 -1
    outer loop
      vertex 14.4712 49.7074 0
      vertex 16.0288 49.7074 0
      vertex 16.0646 49.5646 0
    endloop
  endfacet
  facet normal 0 0 -1
    outer loop
      vertex 14.4354 49.5646 0
      vertex 16.0646 49.5646 0
      vertex 16.1142 49.426 0
    endloop
  endfacet
  facet normal 0 0 -1
    outer loop
      vertex 16.4393 48.9393 0
      vertex 14.0607 48.9393 0
      vertex 16.3405 49.0484 0
    endloop
  endfacet
  facet normal 0 0 -1
    outer loop
      vertex 16.0072 49.853 0
      vertex 14.4928 49.853 0
      vertex 14.5 50 0
    endloop
  endfacet
  facet normal 0 0 -1
    outer loop
      vertex 16.0288 49.7074 0
      vertex 14.4712 49.7074 0
      vertex 14.4928 49.853 0
    endloop
  endfacet
  facet normal 0 0 -1
    outer loop
      vertex 16.0646 49.5646 0
      vertex 14.4354 49.5646 0
      vertex 14.4712 49.7074 0
    endloop
  endfacet
  facet normal 0 0 -1
    outer loop
      vertex 16.1142 49.426 0
      vertex 14.3858 49.426 0
      vertex 14.4354 49.5646 0
    endloop
  endfacet
  facet normal -0 0 -1
    outer loop
      vertex 16.1142 49.426 0
      vertex 14.3229 49.2929 0
      vertex 14.3858 49.426 0
    endloop
  endfacet
  facet normal 0 0 -1
    outer loop
      vertex 16.1771 49.2929 0
      vertex 14.3229 49.2929 0
      vertex 16.1142 49.426 0
    endloop
  endfacet
  facet normal 0 -0 -1
    outer loop
      vertex 14.3229 49.2929 0
      vertex 16.1771 49.2929 0
      vertex 14.2472 49.1666 0
    endloop
  endfacet
  facet normal 0 0 -1
    outer loop
      vertex 16.2528 49.1666 0
      vertex 14.2472 49.1666 0
      vertex 16.1771 49.2929 0
    endloop
  endfacet
  facet normal 0 -0 -1
    outer loop
      vertex 14.2472 49.1666 0
      vertex 16.2528 49.1666 0
      vertex 14.1595 49.0484 0
    endloop
  endfacet
  facet normal 0 0 -1
    outer loop
      vertex 16.3405 49.0484 0
      vertex 14.1595 49.0484 0
      vertex 16.2528 49.1666 0
    endloop
  endfacet
  facet normal 0 -0 -1
    outer loop
      vertex 14.1595 49.0484 0
      vertex 16.3405 49.0484 0
      vertex 14.0607 48.9393 0
    endloop
  endfacet
  facet normal 0 -0 -1
    outer loop
      vertex 14.0607 48.9393 0
      vertex 16.4393 48.9393 0
      vertex 13.9516 48.8405 0
    endloop
  endfacet
  facet normal 0 -0 -1
    outer loop
      vertex 13.8334 48.7528 0
      vertex 16.6666 48.7528 0
      vertex 13.7071 48.6771 0
    endloop
  endfacet
  facet normal -0 0 -1
    outer loop
      vertex 17.0646 48.5646 0
      vertex 13.2926 48.5288 0
      vertex 13.4354 48.5646 0
    endloop
  endfacet
  facet normal 0 0 -1
    outer loop
      vertex 22 36 0
      vertex 13.147 48.5072 0
      vertex 13.2926 48.5288 0
    endloop
  endfacet
  facet normal 0 0 -1
    outer loop
      vertex 22 36 0
      vertex 13 48.5 0
      vertex 13.147 48.5072 0
    endloop
  endfacet
  facet normal 0 0 -1
    outer loop
      vertex 22 36 0
      vertex 12.853 48.5072 0
      vertex 13 48.5 0
    endloop
  endfacet
  facet normal 0 0 -1
    outer loop
      vertex 22 36 0
      vertex 12.7074 48.5288 0
      vertex 12.853 48.5072 0
    endloop
  endfacet
  facet normal 0 0 -1
    outer loop
      vertex 0 36 0
      vertex 12.7074 48.5288 0
      vertex 22 36 0
    endloop
  endfacet
  facet normal 0 -0 -1
    outer loop
      vertex 8.79263 48.5288 0
      vertex 12.7074 48.5288 0
      vertex 0 36 0
    endloop
  endfacet
  facet normal 0 0 -1
    outer loop
      vertex 12.7074 48.5288 0
      vertex 8.79263 48.5288 0
      vertex 12.5646 48.5646 0
    endloop
  endfacet
  facet normal 0 0 -1
    outer loop
      vertex 12.5646 48.5646 0
      vertex 8.93543 48.5646 0
      vertex 12.426 48.6142 0
    endloop
  endfacet
  facet normal 0 -0 -1
    outer loop
      vertex 9.07402 48.6142 0
      vertex 12.426 48.6142 0
      vertex 8.93543 48.5646 0
    endloop
  endfacet
  facet normal 0 -0 -1
    outer loop
      vertex 9.20709 48.6771 0
      vertex 12.2929 48.6771 0
      vertex 9.07402 48.6142 0
    endloop
  endfacet
  facet normal 0 0 -1
    outer loop
      vertex 12.2929 48.6771 0
      vertex 9.20709 48.6771 0
      vertex 12.1666 48.7528 0
    endloop
  endfacet
  facet normal 0 0 -1
    outer loop
      vertex 11.5072 49.853 0
      vertex 10 50 0
      vertex 11.5 50 0
    endloop
  endfacet
  facet normal 0 0 -1
    outer loop
      vertex 9.99278 49.853 0
      vertex 11.5072 49.853 0
      vertex 11.5288 49.7074 0
    endloop
  endfacet
  facet normal 0 0 -1
    outer loop
      vertex 9.97118 49.7074 0
      vertex 11.5288 49.7074 0
      vertex 11.5646 49.5646 0
    endloop
  endfacet
  facet normal 0 0 -1
    outer loop
      vertex 9.93541 49.5646 0
      vertex 11.5646 49.5646 0
      vertex 11.6142 49.426 0
    endloop
  endfacet
  facet normal 0 0 -1
    outer loop
      vertex 9.88582 49.426 0
      vertex 11.6142 49.426 0
      vertex 11.6771 49.2929 0
    endloop
  endfacet
  facet normal 0 0 -1
    outer loop
      vertex 9.82288 49.2929 0
      vertex 11.6771 49.2929 0
      vertex 11.7528 49.1666 0
    endloop
  endfacet
  facet normal 0 0 -1
    outer loop
      vertex 9.7472 49.1666 0
      vertex 11.7528 49.1666 0
      vertex 11.8405 49.0484 0
    endloop
  endfacet
  facet normal 0 -0 -1
    outer loop
      vertex 9.33335 48.7528 0
      vertex 12.1666 48.7528 0
      vertex 9.20709 48.6771 0
    endloop
  endfacet
  facet normal 0 0 -1
    outer loop
      vertex 11.5072 49.853 0
      vertex 9.99278 49.853 0
      vertex 10 50 0
    endloop
  endfacet
  facet normal 0 0 -1
    outer loop
      vertex 11.5288 49.7074 0
      vertex 9.97118 49.7074 0
      vertex 9.99278 49.853 0
    endloop
  endfacet
  facet normal 0 0 -1
    outer loop
      vertex 11.5646 49.5646 0
      vertex 9.93541 49.5646 0
      vertex 9.97118 49.7074 0
    endloop
  endfacet
  facet normal 0 0 -1
    outer loop
      vertex 11.6142 49.426 0
      vertex 9.88582 49.426 0
      vertex 9.93541 49.5646 0
    endloop
  endfacet
  facet normal 0 0 -1
    outer loop
      vertex 11.6771 49.2929 0
      vertex 9.82288 49.2929 0
      vertex 9.88582 49.426 0
    endloop
  endfacet
  facet normal 0 0 -1
    outer loop
      vertex 11.7528 49.1666 0
      vertex 9.7472 49.1666 0
      vertex 9.82288 49.2929 0
    endloop
  endfacet
  facet normal 0 0 -1
    outer loop
      vertex 11.8405 49.0484 0
      vertex 9.65952 49.0484 0
      vertex 9.7472 49.1666 0
    endloop
  endfacet
  facet normal -0 0 -1
    outer loop
      vertex 11.8405 49.0484 0
      vertex 9.56066 48.9393 0
      vertex 9.65952 49.0484 0
    endloop
  endfacet
  facet normal 0 0 -1
    outer loop
      vertex 11.9393 48.9393 0
      vertex 9.56066 48.9393 0
      vertex 11.8405 49.0484 0
    endloop
  endfacet
  facet normal 0 -0 -1
    outer loop
      vertex 9.56066 48.9393 0
      vertex 11.9393 48.9393 0
      vertex 9.45159 48.8405 0
    endloop
  endfacet
  facet normal 0 0 -1
    outer loop
      vertex 12.0484 48.8405 0
      vertex 9.45159 48.8405 0
      vertex 11.9393 48.9393 0
    endloop
  endfacet
  facet normal 0 -0 -1
    outer loop
      vertex 9.45159 48.8405 0
      vertex 12.0484 48.8405 0
      vertex 9.33335 48.7528 0
    endloop
  endfacet
  facet normal 0 0 -1
    outer loop
      vertex 12.1666 48.7528 0
      vertex 9.33335 48.7528 0
      vertex 12.0484 48.8405 0
    endloop
  endfacet
  facet normal 0 0 -1
    outer loop
      vertex 12.426 48.6142 0
      vertex 9.07402 48.6142 0
      vertex 12.2929 48.6771 0
    endloop
  endfacet
  facet normal 0 -0 -1
    outer loop
      vertex 8.93543 48.5646 0
      vertex 12.5646 48.5646 0
      vertex 8.79263 48.5288 0
    endloop
  endfacet
  facet normal 0 0 -1
    outer loop
      vertex 8.79263 48.5288 0
      vertex 0 36 0
      vertex 8.64703 48.5072 0
    endloop
  endfacet
  facet normal 0 0 -1
    outer loop
      vertex 8.64703 48.5072 0
      vertex 0 36 0
      vertex 8.5 48.5 0
    endloop
  endfacet
  facet normal -0 0 -1
    outer loop
      vertex 8.5 48.5 0
      vertex 0 36 0
      vertex 8.35297 48.5072 0
    endloop
  endfacet
  facet normal -0 0 -1
    outer loop
      vertex 8.35297 48.5072 0
      vertex 0 36 0
      vertex 8.20736 48.5288 0
    endloop
  endfacet
  facet normal -0 0 -1
    outer loop
      vertex 8.20736 48.5288 0
      vertex 0 36 0
      vertex 8.06457 48.5646 0
    endloop
  endfacet
  facet normal 0 -0 -1
    outer loop
      vertex 4.43543 48.5646 0
      vertex 8.06457 48.5646 0
      vertex 0 36 0
    endloop
  endfacet
  facet normal 0 0 -1
    outer loop
      vertex 8.06457 48.5646 0
      vertex 4.43543 48.5646 0
      vertex 7.92597 48.6142 0
    endloop
  endfacet
  facet normal 0 -0 -1
    outer loop
      vertex 4.57402 48.6142 0
      vertex 7.92597 48.6142 0
      vertex 4.43543 48.5646 0
    endloop
  endfacet
  facet normal 0 0 -1
    outer loop
      vertex 7.00722 49.853 0
      vertex 5.5 50 0
      vertex 7 50 0
    endloop
  endfacet
  facet normal 0 0 -1
    outer loop
      vertex 5.49278 49.853 0
      vertex 7.00722 49.853 0
      vertex 7.02882 49.7074 0
    endloop
  endfacet
  facet normal 0 0 -1
    outer loop
      vertex 5.47118 49.7074 0
      vertex 7.02882 49.7074 0
      vertex 7.06459 49.5646 0
    endloop
  endfacet
  facet normal 0 0 -1
    outer loop
      vertex 5.43541 49.5646 0
      vertex 7.06459 49.5646 0
      vertex 7.11418 49.426 0
    endloop
  endfacet
  facet normal 0 0 -1
    outer loop
      vertex 5.38582 49.426 0
      vertex 7.11418 49.426 0
      vertex 7.17712 49.2929 0
    endloop
  endfacet
  facet normal 0 0 -1
    outer loop
      vertex 5.32288 49.2929 0
      vertex 7.17712 49.2929 0
      vertex 7.2528 49.1666 0
    endloop
  endfacet
  facet normal 0 0 -1
    outer loop
      vertex 5.2472 49.1666 0
      vertex 7.2528 49.1666 0
      vertex 7.34048 49.0484 0
    endloop
  endfacet
  facet normal 0 0 -1
    outer loop
      vertex 5.15952 49.0484 0
      vertex 7.34048 49.0484 0
      vertex 7.43934 48.9393 0
    endloop
  endfacet
  facet normal 0 0 -1
    outer loop
      vertex 5.06066 48.9393 0
      vertex 7.43934 48.9393 0
      vertex 7.54841 48.8405 0
    endloop
  endfacet
  facet normal 0 0 -1
    outer loop
      vertex 7.92597 48.6142 0
      vertex 4.57402 48.6142 0
      vertex 7.7929 48.6771 0
    endloop
  endfacet
  facet normal 0 0 -1
    outer loop
      vertex 7.00722 49.853 0
      vertex 5.49278 49.853 0
      vertex 5.5 50 0
    endloop
  endfacet
  facet normal 0 0 -1
    outer loop
      vertex 7.02882 49.7074 0
      vertex 5.47118 49.7074 0
      vertex 5.49278 49.853 0
    endloop
  endfacet
  facet normal 0 0 -1
    outer loop
      vertex 7.06459 49.5646 0
      vertex 5.43541 49.5646 0
      vertex 5.47118 49.7074 0
    endloop
  endfacet
  facet normal 0 0 -1
    outer loop
      vertex 7.11418 49.426 0
      vertex 5.38582 49.426 0
      vertex 5.43541 49.5646 0
    endloop
  endfacet
  facet normal 0 0 -1
    outer loop
      vertex 7.17712 49.2929 0
      vertex 5.32288 49.2929 0
      vertex 5.38582 49.426 0
    endloop
  endfacet
  facet normal 0 0 -1
    outer loop
      vertex 7.2528 49.1666 0
      vertex 5.2472 49.1666 0
      vertex 5.32288 49.2929 0
    endloop
  endfacet
  facet normal 0 0 -1
    outer loop
      vertex 7.34048 49.0484 0
      vertex 5.15952 49.0484 0
      vertex 5.2472 49.1666 0
    endloop
  endfacet
  facet normal 0 0 -1
    outer loop
      vertex 7.43934 48.9393 0
      vertex 5.06066 48.9393 0
      vertex 5.15952 49.0484 0
    endloop
  endfacet
  facet normal 0 0 -1
    outer loop
      vertex 7.54841 48.8405 0
      vertex 4.95159 48.8405 0
      vertex 5.06066 48.9393 0
    endloop
  endfacet
  facet normal -0 0 -1
    outer loop
      vertex 7.54841 48.8405 0
      vertex 4.83335 48.7528 0
      vertex 4.95159 48.8405 0
    endloop
  endfacet
  facet normal 0 -0 -1
    outer loop
      vertex 4.70709 48.6771 0
      vertex 7.7929 48.6771 0
      vertex 4.57402 48.6142 0
    endloop
  endfacet
  facet normal 0 0 -1
    outer loop
      vertex 7.66664 48.7528 0
      vertex 4.83335 48.7528 0
      vertex 7.54841 48.8405 0
    endloop
  endfacet
  facet normal 0 -0 -1
    outer loop
      vertex 4.83335 48.7528 0
      vertex 7.66664 48.7528 0
      vertex 4.70709 48.6771 0
    endloop
  endfacet
  facet normal 0 0 -1
    outer loop
      vertex 7.7929 48.6771 0
      vertex 4.70709 48.6771 0
      vertex 7.66664 48.7528 0
    endloop
  endfacet
  facet normal 0 0 -1
    outer loop
      vertex 4.43543 48.5646 0
      vertex 0 36 0
      vertex 4.29263 48.5288 0
    endloop
  endfacet
  facet normal 0 0 -1
    outer loop
      vertex 4.29263 48.5288 0
      vertex 0 36 0
      vertex 4.14703 48.5072 0
    endloop
  endfacet
  facet normal 0 0 -1
    outer loop
      vertex 4.14703 48.5072 0
      vertex 0 36 0
      vertex 4 48.5 0
    endloop
  endfacet
  facet normal -0 0 -1
    outer loop
      vertex 4 48.5 0
      vertex 0 36 0
      vertex 3.85297 48.5072 0
    endloop
  endfacet
  facet normal -0 0 -1
    outer loop
      vertex 3.85297 48.5072 0
      vertex 0 36 0
      vertex 3.70736 48.5288 0
    endloop
  endfacet
  facet normal -0 0 -1
    outer loop
      vertex 3.70736 48.5288 0
      vertex 0 36 0
      vertex 3.56457 48.5646 0
    endloop
  endfacet
  facet normal -0 0 -1
    outer loop
      vertex 3.56457 48.5646 0
      vertex 0 36 0
      vertex 3.42597 48.6142 0
    endloop
  endfacet
  facet normal -0 0 -1
    outer loop
      vertex 3.42597 48.6142 0
      vertex 0 36 0
      vertex 3.2929 48.6771 0
    endloop
  endfacet
  facet normal -0 0 -1
    outer loop
      vertex 3.2929 48.6771 0
      vertex 0 36 0
      vertex 3.16664 48.7528 0
    endloop
  endfacet
  facet normal 0 0 -1
    outer loop
      vertex 0 50 0
      vertex 3.16664 48.7528 0
      vertex 0 36 0
    endloop
  endfacet
  facet normal 0 0 -1
    outer loop
      vertex 3.16664 48.7528 0
      vertex 0 50 0
      vertex 3.04841 48.8405 0
    endloop
  endfacet
  facet normal 0 0 -1
    outer loop
      vertex 3.04841 48.8405 0
      vertex 0 50 0
      vertex 2.93934 48.9393 0
    endloop
  endfacet
  facet normal 0 0 -1
    outer loop
      vertex 2.93934 48.9393 0
      vertex 0 50 0
      vertex 2.84048 49.0484 0
    endloop
  endfacet
  facet normal 0 0 -1
    outer loop
      vertex 2.84048 49.0484 0
      vertex 0 50 0
      vertex 2.7528 49.1666 0
    endloop
  endfacet
  facet normal 0 0 -1
    outer loop
      vertex 2.7528 49.1666 0
      vertex 0 50 0
      vertex 2.67712 49.2929 0
    endloop
  endfacet
  facet normal 0 0 -1
    outer loop
      vertex 2.67712 49.2929 0
      vertex 0 50 0
      vertex 2.61418 49.426 0
    endloop
  endfacet
  facet normal 0 0 -1
    outer loop
      vertex 2.61418 49.426 0
      vertex 0 50 0
      vertex 2.56459 49.5646 0
    endloop
  endfacet
  facet normal 0 0 -1
    outer loop
      vertex 2.56459 49.5646 0
      vertex 0 50 0
      vertex 2.52882 49.7074 0
    endloop
  endfacet
  facet normal 0 0 -1
    outer loop
      vertex 2.52882 49.7074 0
      vertex 0 50 0
      vertex 2.50722 49.853 0
    endloop
  endfacet
  facet normal 0 0 -1
    outer loop
      vertex 2.50722 49.853 0
      vertex 0 50 0
      vertex 2.5 50 0
    endloop
  endfacet
  facet normal -1 0 0
    outer loop
      vertex 0 36 0
      vertex 0 50 2
      vertex 0 50 0
    endloop
  endfacet
  facet normal -1 -0 0
    outer loop
      vertex 0 50 2
      vertex 0 36 0
      vertex 0 36 2
    endloop
  endfacet
  facet normal 0 1 -0
    outer loop
      vertex 2.5 50 0
      vertex 0 50 2
      vertex 2.5 50 2
    endloop
  endfacet
  facet normal 0 1 0
    outer loop
      vertex 0 50 2
      vertex 2.5 50 0
      vertex 0 50 0
    endloop
  endfacet
  facet normal 0 1 -0
    outer loop
      vertex 22 50 0
      vertex 19 50 2
      vertex 22 50 2
    endloop
  endfacet
  facet normal 0 1 0
    outer loop
      vertex 19 50 2
      vertex 22 50 0
      vertex 19 50 0
    endloop
  endfacet
  facet normal 0 1 -0
    outer loop
      vertex 7 50 0
      vertex 5.5 50 2
      vertex 7 50 2
    endloop
  endfacet
  facet normal 0 1 0
    outer loop
      vertex 5.5 50 2
      vertex 7 50 0
      vertex 5.5 50 0
    endloop
  endfacet
  facet normal 0 1 -0
    outer loop
      vertex 11.5 50 0
      vertex 10 50 2
      vertex 11.5 50 2
    endloop
  endfacet
  facet normal 0 1 0
    outer loop
      vertex 10 50 2
      vertex 11.5 50 0
      vertex 10 50 0
    endloop
  endfacet
  facet normal 0 1 -0
    outer loop
      vertex 16 50 0
      vertex 14.5 50 2
      vertex 16 50 2
    endloop
  endfacet
  facet normal 0 1 0
    outer loop
      vertex 14.5 50 2
      vertex 16 50 0
      vertex 14.5 50 0
    endloop
  endfacet
  facet normal 0 -1 0
    outer loop
      vertex 0 36 0
      vertex 22 36 2
      vertex 0 36 2
    endloop
  endfacet
  facet normal 0 -1 -0
    outer loop
      vertex 22 36 2
      vertex 0 36 0
      vertex 22 36 0
    endloop
  endfacet
  facet normal 0.048911 0.998803 -0
    outer loop
      vertex 4 66.5 0
      vertex 3.85297 66.5072 3
      vertex 4 66.5 3
    endloop
  endfacet
  facet normal 0.048911 0.998803 0
    outer loop
      vertex 3.85297 66.5072 3
      vertex 4 66.5 0
      vertex 3.85297 66.5072 0
    endloop
  endfacet
  facet normal -0.243175 0.969982 0
    outer loop
      vertex 4.43543 66.5646 0
      vertex 4.29263 66.5288 3
      vertex 4.43543 66.5646 3
    endloop
  endfacet
  facet normal -0.243175 0.969982 0
    outer loop
      vertex 4.29263 66.5288 3
      vertex 4.43543 66.5646 0
      vertex 4.29263 66.5288 0
    endloop
  endfacet
  facet normal -0.803153 0.595773 0
    outer loop
      vertex 5.15952 67.0484 0
      vertex 5.2472 67.1666 3
      vertex 5.2472 67.1666 0
    endloop
  endfacet
  facet normal -0.803153 0.595773 0
    outer loop
      vertex 5.2472 67.1666 3
      vertex 5.15952 67.0484 0
      vertex 5.15952 67.0484 3
    endloop
  endfacet
  facet normal -0.595731 0.803184 0
    outer loop
      vertex 4.95159 66.8405 0
      vertex 4.83335 66.7528 3
      vertex 4.95159 66.8405 3
    endloop
  endfacet
  facet normal -0.595731 0.803184 0
    outer loop
      vertex 4.83335 66.7528 3
      vertex 4.95159 66.8405 0
      vertex 4.83335 66.7528 0
    endloop
  endfacet
  facet normal 0.941548 0.336879 0
    outer loop
      vertex 2.61418 67.426 3
      vertex 2.56459 67.5646 0
      vertex 2.56459 67.5646 3
    endloop
  endfacet
  facet normal 0.941548 0.336879 0
    outer loop
      vertex 2.56459 67.5646 0
      vertex 2.61418 67.426 3
      vertex 2.61418 67.426 0
    endloop
  endfacet
  facet normal -0.671353 0.741138 0
    outer loop
      vertex 5.06066 66.9393 0
      vertex 4.95159 66.8405 3
      vertex 5.06066 66.9393 3
    endloop
  endfacet
  facet normal -0.671353 0.741138 0
    outer loop
      vertex 4.95159 66.8405 3
      vertex 5.06066 66.9393 0
      vertex 4.95159 66.8405 0
    endloop
  endfacet
  facet normal -0.989174 0.146746 0
    outer loop
      vertex 5.47118 67.7074 0
      vertex 5.49278 67.853 3
      vertex 5.49278 67.853 0
    endloop
  endfacet
  facet normal -0.989174 0.146746 0
    outer loop
      vertex 5.49278 67.853 3
      vertex 5.47118 67.7074 0
      vertex 5.47118 67.7074 3
    endloop
  endfacet
  facet normal 0.741027 0.671475 0
    outer loop
      vertex 2.93934 66.9393 3
      vertex 2.84048 67.0484 0
      vertex 2.84048 67.0484 3
    endloop
  endfacet
  facet normal 0.741027 0.671475 0
    outer loop
      vertex 2.84048 67.0484 0
      vertex 2.93934 66.9393 3
      vertex 2.93934 66.9393 0
    endloop
  endfacet
  facet normal -0.90402 0.427491 0
    outer loop
      vertex 5.32288 67.2929 0
      vertex 5.38582 67.426 3
      vertex 5.38582 67.426 0
    endloop
  endfacet
  facet normal -0.90402 0.427491 0
    outer loop
      vertex 5.38582 67.426 3
      vertex 5.32288 67.2929 0
      vertex 5.32288 67.2929 3
    endloop
  endfacet
  facet normal 0.857792 0.513996 0
    outer loop
      vertex 2.7528 67.1666 3
      vertex 2.67712 67.2929 0
      vertex 2.67712 67.2929 3
    endloop
  endfacet
  facet normal 0.857792 0.513996 0
    outer loop
      vertex 2.67712 67.2929 0
      vertex 2.7528 67.1666 3
      vertex 2.7528 67.1666 0
    endloop
  endfacet
  facet normal -0.048911 0.998803 0
    outer loop
      vertex 4.14703 66.5072 0
      vertex 4 66.5 3
      vertex 4.14703 66.5072 3
    endloop
  endfacet
  facet normal -0.048911 0.998803 0
    outer loop
      vertex 4 66.5 3
      vertex 4.14703 66.5072 0
      vertex 4 66.5 0
    endloop
  endfacet
  facet normal 0.336939 0.941527 -0
    outer loop
      vertex 3.56457 66.5646 0
      vertex 3.42597 66.6142 3
      vertex 3.56457 66.5646 3
    endloop
  endfacet
  facet normal 0.336939 0.941527 0
    outer loop
      vertex 3.42597 66.6142 3
      vertex 3.56457 66.5646 0
      vertex 3.42597 66.6142 0
    endloop
  endfacet
  facet normal 0.671353 0.741138 -0
    outer loop
      vertex 3.04841 66.8405 0
      vertex 2.93934 66.9393 3
      vertex 3.04841 66.8405 3
    endloop
  endfacet
  facet normal 0.671353 0.741138 0
    outer loop
      vertex 2.93934 66.9393 3
      vertex 3.04841 66.8405 0
      vertex 2.93934 66.9393 0
    endloop
  endfacet
  facet normal -0.998796 0.0490565 0
    outer loop
      vertex 5.49278 67.853 0
      vertex 5.5 68 3
      vertex 5.5 68 0
    endloop
  endfacet
  facet normal -0.998796 0.0490565 0
    outer loop
      vertex 5.5 68 3
      vertex 5.49278 67.853 0
      vertex 5.49278 67.853 3
    endloop
  endfacet
  facet normal -0.33696 0.941519 0
    outer loop
      vertex 4.57402 66.6142 0
      vertex 4.43543 66.5646 3
      vertex 4.57402 66.6142 3
    endloop
  endfacet
  facet normal -0.33696 0.941519 0
    outer loop
      vertex 4.43543 66.5646 3
      vertex 4.57402 66.6142 0
      vertex 4.43543 66.5646 0
    endloop
  endfacet
  facet normal 0.803153 0.595773 0
    outer loop
      vertex 2.84048 67.0484 3
      vertex 2.7528 67.1666 0
      vertex 2.7528 67.1666 3
    endloop
  endfacet
  facet normal 0.803153 0.595773 0
    outer loop
      vertex 2.7528 67.1666 0
      vertex 2.84048 67.0484 3
      vertex 2.84048 67.0484 0
    endloop
  endfacet
  facet normal -0.857792 0.513996 0
    outer loop
      vertex 5.2472 67.1666 0
      vertex 5.32288 67.2929 3
      vertex 5.32288 67.2929 0
    endloop
  endfacet
  facet normal -0.857792 0.513996 0
    outer loop
      vertex 5.32288 67.2929 3
      vertex 5.2472 67.1666 0
      vertex 5.2472 67.1666 3
    endloop
  endfacet
  facet normal 0.998796 0.0490565 0
    outer loop
      vertex 2.50722 67.853 3
      vertex 2.5 68 0
      vertex 2.5 68 3
    endloop
  endfacet
  facet normal 0.998796 0.0490565 0
    outer loop
      vertex 2.5 68 0
      vertex 2.50722 67.853 3
      vertex 2.50722 67.853 0
    endloop
  endfacet
  facet normal 0.989174 0.146746 0
    outer loop
      vertex 2.52882 67.7074 3
      vertex 2.50722 67.853 0
      vertex 2.50722 67.853 3
    endloop
  endfacet
  facet normal 0.989174 0.146746 0
    outer loop
      vertex 2.50722 67.853 0
      vertex 2.52882 67.7074 3
      vertex 2.52882 67.7074 0
    endloop
  endfacet
  facet normal -0.146746 0.989174 0
    outer loop
      vertex 4.29263 66.5288 0
      vertex 4.14703 66.5072 3
      vertex 4.29263 66.5288 3
    endloop
  endfacet
  facet normal -0.146746 0.989174 0
    outer loop
      vertex 4.14703 66.5072 3
      vertex 4.29263 66.5288 0
      vertex 4.14703 66.5072 0
    endloop
  endfacet
  facet normal 0.427347 0.904088 -0
    outer loop
      vertex 3.42597 66.6142 0
      vertex 3.2929 66.6771 3
      vertex 3.42597 66.6142 3
    endloop
  endfacet
  facet normal 0.427347 0.904088 0
    outer loop
      vertex 3.2929 66.6771 3
      vertex 3.42597 66.6142 0
      vertex 3.2929 66.6771 0
    endloop
  endfacet
  facet normal -0.970031 0.242983 0
    outer loop
      vertex 5.43541 67.5646 0
      vertex 5.47118 67.7074 3
      vertex 5.47118 67.7074 0
    endloop
  endfacet
  facet normal -0.970031 0.242983 0
    outer loop
      vertex 5.47118 67.7074 3
      vertex 5.43541 67.5646 0
      vertex 5.43541 67.5646 3
    endloop
  endfacet
  facet normal -0.941548 0.336879 0
    outer loop
      vertex 5.38582 67.426 0
      vertex 5.43541 67.5646 3
      vertex 5.43541 67.5646 0
    endloop
  endfacet
  facet normal -0.941548 0.336879 0
    outer loop
      vertex 5.43541 67.5646 3
      vertex 5.38582 67.426 0
      vertex 5.38582 67.426 3
    endloop
  endfacet
  facet normal 0.595764 0.80316 -0
    outer loop
      vertex 3.16664 66.7528 0
      vertex 3.04841 66.8405 3
      vertex 3.16664 66.7528 3
    endloop
  endfacet
  facet normal 0.595764 0.80316 0
    outer loop
      vertex 3.04841 66.8405 3
      vertex 3.16664 66.7528 0
      vertex 3.04841 66.8405 0
    endloop
  endfacet
  facet normal 0.243191 0.969978 -0
    outer loop
      vertex 3.70736 66.5288 0
      vertex 3.56457 66.5646 3
      vertex 3.70736 66.5288 3
    endloop
  endfacet
  facet normal 0.243191 0.969978 0
    outer loop
      vertex 3.56457 66.5646 3
      vertex 3.70736 66.5288 0
      vertex 3.56457 66.5646 0
    endloop
  endfacet
  facet normal 0.90402 0.427491 0
    outer loop
      vertex 2.67712 67.2929 3
      vertex 2.61418 67.426 0
      vertex 2.61418 67.426 3
    endloop
  endfacet
  facet normal 0.90402 0.427491 0
    outer loop
      vertex 2.61418 67.426 0
      vertex 2.67712 67.2929 3
      vertex 2.67712 67.2929 0
    endloop
  endfacet
  facet normal 0.146736 0.989176 -0
    outer loop
      vertex 3.85297 66.5072 0
      vertex 3.70736 66.5288 3
      vertex 3.85297 66.5072 3
    endloop
  endfacet
  facet normal 0.146736 0.989176 0
    outer loop
      vertex 3.70736 66.5288 3
      vertex 3.85297 66.5072 0
      vertex 3.70736 66.5288 0
    endloop
  endfacet
  facet normal -0.741027 0.671475 0
    outer loop
      vertex 5.06066 66.9393 0
      vertex 5.15952 67.0484 3
      vertex 5.15952 67.0484 0
    endloop
  endfacet
  facet normal -0.741027 0.671475 0
    outer loop
      vertex 5.15952 67.0484 3
      vertex 5.06066 66.9393 0
      vertex 5.06066 66.9393 3
    endloop
  endfacet
  facet normal 0.970031 0.242983 0
    outer loop
      vertex 2.56459 67.5646 3
      vertex 2.52882 67.7074 0
      vertex 2.52882 67.7074 3
    endloop
  endfacet
  facet normal 0.970031 0.242983 0
    outer loop
      vertex 2.52882 67.7074 0
      vertex 2.56459 67.5646 3
      vertex 2.56459 67.5646 0
    endloop
  endfacet
  facet normal -0.427347 0.904088 0
    outer loop
      vertex 4.70709 66.6771 0
      vertex 4.57402 66.6142 3
      vertex 4.70709 66.6771 3
    endloop
  endfacet
  facet normal -0.427347 0.904088 0
    outer loop
      vertex 4.57402 66.6142 3
      vertex 4.70709 66.6771 0
      vertex 4.57402 66.6142 0
    endloop
  endfacet
  facet normal -0.514216 0.857661 0
    outer loop
      vertex 4.83335 66.7528 0
      vertex 4.70709 66.6771 3
      vertex 4.83335 66.7528 3
    endloop
  endfacet
  facet normal -0.514216 0.857661 0
    outer loop
      vertex 4.70709 66.6771 3
      vertex 4.83335 66.7528 0
      vertex 4.70709 66.6771 0
    endloop
  endfacet
  facet normal 0.514216 0.857661 -0
    outer loop
      vertex 3.2929 66.6771 0
      vertex 3.16664 66.7528 3
      vertex 3.2929 66.6771 3
    endloop
  endfacet
  facet normal 0.514216 0.857661 0
    outer loop
      vertex 3.16664 66.7528 3
      vertex 3.2929 66.6771 0
      vertex 3.16664 66.7528 0
    endloop
  endfacet
  facet normal 0.595764 0.80316 -0
    outer loop
      vertex 7.66664 66.7528 0
      vertex 7.54841 66.8405 3
      vertex 7.66664 66.7528 3
    endloop
  endfacet
  facet normal 0.595764 0.80316 0
    outer loop
      vertex 7.54841 66.8405 3
      vertex 7.66664 66.7528 0
      vertex 7.54841 66.8405 0
    endloop
  endfacet
  facet normal 0.514216 0.857661 -0
    outer loop
      vertex 7.7929 66.6771 0
      vertex 7.66664 66.7528 3
      vertex 7.7929 66.6771 3
    endloop
  endfacet
  facet normal 0.514216 0.857661 0
    outer loop
      vertex 7.66664 66.7528 3
      vertex 7.7929 66.6771 0
      vertex 7.66664 66.7528 0
    endloop
  endfacet
  facet normal 0.803153 0.595773 0
    outer loop
      vertex 7.34048 67.0484 3
      vertex 7.2528 67.1666 0
      vertex 7.2528 67.1666 3
    endloop
  endfacet
  facet normal 0.803153 0.595773 0
    outer loop
      vertex 7.2528 67.1666 0
      vertex 7.34048 67.0484 3
      vertex 7.34048 67.0484 0
    endloop
  endfacet
  facet normal 0.970031 0.242983 0
    outer loop
      vertex 7.06459 67.5646 3
      vertex 7.02882 67.7074 0
      vertex 7.02882 67.7074 3
    endloop
  endfacet
  facet normal 0.970031 0.242983 0
    outer loop
      vertex 7.02882 67.7074 0
      vertex 7.06459 67.5646 3
      vertex 7.06459 67.5646 0
    endloop
  endfacet
  facet normal -0.427347 0.904088 0
    outer loop
      vertex 9.20709 66.6771 0
      vertex 9.07402 66.6142 3
      vertex 9.20709 66.6771 3
    endloop
  endfacet
  facet normal -0.427347 0.904088 0
    outer loop
      vertex 9.07402 66.6142 3
      vertex 9.20709 66.6771 0
      vertex 9.07402 66.6142 0
    endloop
  endfacet
  facet normal 0.941548 0.336879 0
    outer loop
      vertex 7.11418 67.426 3
      vertex 7.06459 67.5646 0
      vertex 7.06459 67.5646 3
    endloop
  endfacet
  facet normal 0.941548 0.336879 0
    outer loop
      vertex 7.06459 67.5646 0
      vertex 7.11418 67.426 3
      vertex 7.11418 67.426 0
    endloop
  endfacet
  facet normal -0.970031 0.242983 0
    outer loop
      vertex 9.93541 67.5646 0
      vertex 9.97118 67.7074 3
      vertex 9.97118 67.7074 0
    endloop
  endfacet
  facet normal -0.970031 0.242983 0
    outer loop
      vertex 9.97118 67.7074 3
      vertex 9.93541 67.5646 0
      vertex 9.93541 67.5646 3
    endloop
  endfacet
  facet normal -0.595731 0.803184 0
    outer loop
      vertex 9.45159 66.8405 0
      vertex 9.33335 66.7528 3
      vertex 9.45159 66.8405 3
    endloop
  endfacet
  facet normal -0.595731 0.803184 0
    outer loop
      vertex 9.33335 66.7528 3
      vertex 9.45159 66.8405 0
      vertex 9.33335 66.7528 0
    endloop
  endfacet
  facet normal -0.671353 0.741138 0
    outer loop
      vertex 9.56066 66.9393 0
      vertex 9.45159 66.8405 3
      vertex 9.56066 66.9393 3
    endloop
  endfacet
  facet normal -0.671353 0.741138 0
    outer loop
      vertex 9.45159 66.8405 3
      vertex 9.56066 66.9393 0
      vertex 9.45159 66.8405 0
    endloop
  endfacet
  facet normal 0.336939 0.941527 -0
    outer loop
      vertex 8.06457 66.5646 0
      vertex 7.92597 66.6142 3
      vertex 8.06457 66.5646 3
    endloop
  endfacet
  facet normal 0.336939 0.941527 0
    outer loop
      vertex 7.92597 66.6142 3
      vertex 8.06457 66.5646 0
      vertex 7.92597 66.6142 0
    endloop
  endfacet
  facet normal -0.243175 0.969982 0
    outer loop
      vertex 8.93543 66.5646 0
      vertex 8.79263 66.5288 3
      vertex 8.93543 66.5646 3
    endloop
  endfacet
  facet normal -0.243175 0.969982 0
    outer loop
      vertex 8.79263 66.5288 3
      vertex 8.93543 66.5646 0
      vertex 8.79263 66.5288 0
    endloop
  endfacet
  facet normal 0.857792 0.513996 0
    outer loop
      vertex 7.2528 67.1666 3
      vertex 7.17712 67.2929 0
      vertex 7.17712 67.2929 3
    endloop
  endfacet
  facet normal 0.857792 0.513996 0
    outer loop
      vertex 7.17712 67.2929 0
      vertex 7.2528 67.1666 3
      vertex 7.2528 67.1666 0
    endloop
  endfacet
  facet normal -0.998796 0.0490565 0
    outer loop
      vertex 9.99278 67.853 0
      vertex 10 68 3
      vertex 10 68 0
    endloop
  endfacet
  facet normal -0.998796 0.0490565 0
    outer loop
      vertex 10 68 3
      vertex 9.99278 67.853 0
      vertex 9.99278 67.853 3
    endloop
  endfacet
  facet normal -0.989174 0.146746 0
    outer loop
      vertex 9.97118 67.7074 0
      vertex 9.99278 67.853 3
      vertex 9.99278 67.853 0
    endloop
  endfacet
  facet normal -0.989174 0.146746 0
    outer loop
      vertex 9.99278 67.853 3
      vertex 9.97118 67.7074 0
      vertex 9.97118 67.7074 3
    endloop
  endfacet
  facet normal -0.857792 0.513996 0
    outer loop
      vertex 9.7472 67.1666 0
      vertex 9.82288 67.2929 3
      vertex 9.82288 67.2929 0
    endloop
  endfacet
  facet normal -0.857792 0.513996 0
    outer loop
      vertex 9.82288 67.2929 3
      vertex 9.7472 67.1666 0
      vertex 9.7472 67.1666 3
    endloop
  endfacet
  facet normal -0.514216 0.857661 0
    outer loop
      vertex 9.33335 66.7528 0
      vertex 9.20709 66.6771 3
      vertex 9.33335 66.7528 3
    endloop
  endfacet
  facet normal -0.514216 0.857661 0
    outer loop
      vertex 9.20709 66.6771 3
      vertex 9.33335 66.7528 0
      vertex 9.20709 66.6771 0
    endloop
  endfacet
  facet normal -0.803153 0.595773 0
    outer loop
      vertex 9.65952 67.0484 0
      vertex 9.7472 67.1666 3
      vertex 9.7472 67.1666 0
    endloop
  endfacet
  facet normal -0.803153 0.595773 0
    outer loop
      vertex 9.7472 67.1666 3
      vertex 9.65952 67.0484 0
      vertex 9.65952 67.0484 3
    endloop
  endfacet
  facet normal 0.048911 0.998803 -0
    outer loop
      vertex 8.5 66.5 0
      vertex 8.35297 66.5072 3
      vertex 8.5 66.5 3
    endloop
  endfacet
  facet normal 0.048911 0.998803 0
    outer loop
      vertex 8.35297 66.5072 3
      vertex 8.5 66.5 0
      vertex 8.35297 66.5072 0
    endloop
  endfacet
  facet normal -0.741027 0.671475 0
    outer loop
      vertex 9.56066 66.9393 0
      vertex 9.65952 67.0484 3
      vertex 9.65952 67.0484 0
    endloop
  endfacet
  facet normal -0.741027 0.671475 0
    outer loop
      vertex 9.65952 67.0484 3
      vertex 9.56066 66.9393 0
      vertex 9.56066 66.9393 3
    endloop
  endfacet
  facet normal -0.146746 0.989174 0
    outer loop
      vertex 8.79263 66.5288 0
      vertex 8.64703 66.5072 3
      vertex 8.79263 66.5288 3
    endloop
  endfacet
  facet normal -0.146746 0.989174 0
    outer loop
      vertex 8.64703 66.5072 3
      vertex 8.79263 66.5288 0
      vertex 8.64703 66.5072 0
    endloop
  endfacet
  facet normal 0.243191 0.969978 -0
    outer loop
      vertex 8.20736 66.5288 0
      vertex 8.06457 66.5646 3
      vertex 8.20736 66.5288 3
    endloop
  endfacet
  facet normal 0.243191 0.969978 0
    outer loop
      vertex 8.06457 66.5646 3
      vertex 8.20736 66.5288 0
      vertex 8.06457 66.5646 0
    endloop
  endfacet
  facet normal 0.90402 0.427491 0
    outer loop
      vertex 7.17712 67.2929 3
      vertex 7.11418 67.426 0
      vertex 7.11418 67.426 3
    endloop
  endfacet
  facet normal 0.90402 0.427491 0
    outer loop
      vertex 7.11418 67.426 0
      vertex 7.17712 67.2929 3
      vertex 7.17712 67.2929 0
    endloop
  endfacet
  facet normal -0.048911 0.998803 0
    outer loop
      vertex 8.64703 66.5072 0
      vertex 8.5 66.5 3
      vertex 8.64703 66.5072 3
    endloop
  endfacet
  facet normal -0.048911 0.998803 0
    outer loop
      vertex 8.5 66.5 3
      vertex 8.64703 66.5072 0
      vertex 8.5 66.5 0
    endloop
  endfacet
  facet normal 0.146736 0.989176 -0
    outer loop
      vertex 8.35297 66.5072 0
      vertex 8.20736 66.5288 3
      vertex 8.35297 66.5072 3
    endloop
  endfacet
  facet normal 0.146736 0.989176 0
    outer loop
      vertex 8.20736 66.5288 3
      vertex 8.35297 66.5072 0
      vertex 8.20736 66.5288 0
    endloop
  endfacet
  facet normal 0.998796 0.0490565 0
    outer loop
      vertex 7.00722 67.853 3
      vertex 7 68 0
      vertex 7 68 3
    endloop
  endfacet
  facet normal 0.998796 0.0490565 0
    outer loop
      vertex 7 68 0
      vertex 7.00722 67.853 3
      vertex 7.00722 67.853 0
    endloop
  endfacet
  facet normal 0.741027 0.671475 0
    outer loop
      vertex 7.43934 66.9393 3
      vertex 7.34048 67.0484 0
      vertex 7.34048 67.0484 3
    endloop
  endfacet
  facet normal 0.741027 0.671475 0
    outer loop
      vertex 7.34048 67.0484 0
      vertex 7.43934 66.9393 3
      vertex 7.43934 66.9393 0
    endloop
  endfacet
  facet normal 0.671353 0.741138 -0
    outer loop
      vertex 7.54841 66.8405 0
      vertex 7.43934 66.9393 3
      vertex 7.54841 66.8405 3
    endloop
  endfacet
  facet normal 0.671353 0.741138 0
    outer loop
      vertex 7.43934 66.9393 3
      vertex 7.54841 66.8405 0
      vertex 7.43934 66.9393 0
    endloop
  endfacet
  facet normal 0.427347 0.904088 -0
    outer loop
      vertex 7.92597 66.6142 0
      vertex 7.7929 66.6771 3
      vertex 7.92597 66.6142 3
    endloop
  endfacet
  facet normal 0.427347 0.904088 0
    outer loop
      vertex 7.7929 66.6771 3
      vertex 7.92597 66.6142 0
      vertex 7.7929 66.6771 0
    endloop
  endfacet
  facet normal 0.989174 0.146746 0
    outer loop
      vertex 7.02882 67.7074 3
      vertex 7.00722 67.853 0
      vertex 7.00722 67.853 3
    endloop
  endfacet
  facet normal 0.989174 0.146746 0
    outer loop
      vertex 7.00722 67.853 0
      vertex 7.02882 67.7074 3
      vertex 7.02882 67.7074 0
    endloop
  endfacet
  facet normal -0.33696 0.941519 0
    outer loop
      vertex 9.07402 66.6142 0
      vertex 8.93543 66.5646 3
      vertex 9.07402 66.6142 3
    endloop
  endfacet
  facet normal -0.33696 0.941519 0
    outer loop
      vertex 8.93543 66.5646 3
      vertex 9.07402 66.6142 0
      vertex 8.93543 66.5646 0
    endloop
  endfacet
  facet normal -0.90402 0.427491 0
    outer loop
      vertex 9.82288 67.2929 0
      vertex 9.88582 67.426 3
      vertex 9.88582 67.426 0
    endloop
  endfacet
  facet normal -0.90402 0.427491 0
    outer loop
      vertex 9.88582 67.426 3
      vertex 9.82288 67.2929 0
      vertex 9.82288 67.2929 3
    endloop
  endfacet
  facet normal -0.941548 0.336879 0
    outer loop
      vertex 9.88582 67.426 0
      vertex 9.93541 67.5646 3
      vertex 9.93541 67.5646 0
    endloop
  endfacet
  facet normal -0.941548 0.336879 0
    outer loop
      vertex 9.93541 67.5646 3
      vertex 9.88582 67.426 0
      vertex 9.88582 67.426 3
    endloop
  endfacet
  facet normal -0.989174 0.146746 0
    outer loop
      vertex 14.4712 67.7074 0
      vertex 14.4928 67.853 3
      vertex 14.4928 67.853 0
    endloop
  endfacet
  facet normal -0.989174 0.146746 0
    outer loop
      vertex 14.4928 67.853 3
      vertex 14.4712 67.7074 0
      vertex 14.4712 67.7074 3
    endloop
  endfacet
  facet normal -0.146746 0.989174 0
    outer loop
      vertex 13.2926 66.5288 0
      vertex 13.147 66.5072 3
      vertex 13.2926 66.5288 3
    endloop
  endfacet
  facet normal -0.146746 0.989174 0
    outer loop
      vertex 13.147 66.5072 3
      vertex 13.2926 66.5288 0
      vertex 13.147 66.5072 0
    endloop
  endfacet
  facet normal 0.0489209 0.998803 -0
    outer loop
      vertex 13 66.5 0
      vertex 12.853 66.5072 3
      vertex 13 66.5 3
    endloop
  endfacet
  facet normal 0.0489209 0.998803 0
    outer loop
      vertex 12.853 66.5072 3
      vertex 13 66.5 0
      vertex 12.853 66.5072 0
    endloop
  endfacet
  facet normal 0.146746 0.989174 -0
    outer loop
      vertex 12.853 66.5072 0
      vertex 12.7074 66.5288 3
      vertex 12.853 66.5072 3
    endloop
  endfacet
  facet normal 0.146746 0.989174 0
    outer loop
      vertex 12.7074 66.5288 3
      vertex 12.853 66.5072 0
      vertex 12.7074 66.5288 0
    endloop
  endfacet
  facet normal -0.514096 0.857733 0
    outer loop
      vertex 13.8334 66.7528 0
      vertex 13.7071 66.6771 3
      vertex 13.8334 66.7528 3
    endloop
  endfacet
  facet normal -0.514096 0.857733 0
    outer loop
      vertex 13.7071 66.6771 3
      vertex 13.8334 66.7528 0
      vertex 13.7071 66.6771 0
    endloop
  endfacet
  facet normal 0.427269 0.904125 -0
    outer loop
      vertex 12.426 66.6142 0
      vertex 12.2929 66.6771 3
      vertex 12.426 66.6142 3
    endloop
  endfacet
  facet normal 0.427269 0.904125 0
    outer loop
      vertex 12.2929 66.6771 3
      vertex 12.426 66.6142 0
      vertex 12.2929 66.6771 0
    endloop
  endfacet
  facet normal 0.671251 0.74123 -0
    outer loop
      vertex 12.0484 66.8405 0
      vertex 11.9393 66.9393 3
      vertex 12.0484 66.8405 3
    endloop
  endfacet
  facet normal 0.671251 0.74123 0
    outer loop
      vertex 11.9393 66.9393 3
      vertex 12.0484 66.8405 0
      vertex 11.9393 66.9393 0
    endloop
  endfacet
  facet normal 0.857733 0.514096 0
    outer loop
      vertex 11.7528 67.1666 3
      vertex 11.6771 67.2929 0
      vertex 11.6771 67.2929 3
    endloop
  endfacet
  facet normal 0.857733 0.514096 0
    outer loop
      vertex 11.6771 67.2929 0
      vertex 11.7528 67.1666 3
      vertex 11.7528 67.1666 0
    endloop
  endfacet
  facet normal -0.0489209 0.998803 0
    outer loop
      vertex 13.147 66.5072 0
      vertex 13 66.5 3
      vertex 13.147 66.5072 3
    endloop
  endfacet
  facet normal -0.0489209 0.998803 0
    outer loop
      vertex 13 66.5 3
      vertex 13.147 66.5072 0
      vertex 13 66.5 0
    endloop
  endfacet
  facet normal 0.336939 0.941527 -0
    outer loop
      vertex 12.5646 66.5646 0
      vertex 12.426 66.6142 3
      vertex 12.5646 66.5646 3
    endloop
  endfacet
  facet normal 0.336939 0.941527 0
    outer loop
      vertex 12.426 66.6142 3
      vertex 12.5646 66.5646 0
      vertex 12.426 66.6142 0
    endloop
  endfacet
  facet normal -0.595861 0.803088 0
    outer loop
      vertex 13.9516 66.8405 0
      vertex 13.8334 66.7528 3
      vertex 13.9516 66.8405 3
    endloop
  endfacet
  facet normal -0.595861 0.803088 0
    outer loop
      vertex 13.8334 66.7528 3
      vertex 13.9516 66.8405 0
      vertex 13.8334 66.7528 0
    endloop
  endfacet
  facet normal 0.969982 0.243175 0
    outer loop
      vertex 11.5646 67.5646 3
      vertex 11.5288 67.7074 0
      vertex 11.5288 67.7074 3
    endloop
  endfacet
  facet normal 0.969982 0.243175 0
    outer loop
      vertex 11.5288 67.7074 0
      vertex 11.5646 67.5646 3
      vertex 11.5646 67.5646 0
    endloop
  endfacet
  facet normal -0.803088 0.595861 0
    outer loop
      vertex 14.1595 67.0484 0
      vertex 14.2472 67.1666 3
      vertex 14.2472 67.1666 0
    endloop
  endfacet
  facet normal -0.803088 0.595861 0
    outer loop
      vertex 14.2472 67.1666 3
      vertex 14.1595 67.0484 0
      vertex 14.1595 67.0484 3
    endloop
  endfacet
  facet normal -0.969982 0.243175 0
    outer loop
      vertex 14.4354 67.5646 0
      vertex 14.4712 67.7074 3
      vertex 14.4712 67.7074 0
    endloop
  endfacet
  facet normal -0.969982 0.243175 0
    outer loop
      vertex 14.4712 67.7074 3
      vertex 14.4354 67.5646 0
      vertex 14.4354 67.5646 3
    endloop
  endfacet
  facet normal -0.857733 0.514096 0
    outer loop
      vertex 14.2472 67.1666 0
      vertex 14.3229 67.2929 3
      vertex 14.3229 67.2929 0
    endloop
  endfacet
  facet normal -0.857733 0.514096 0
    outer loop
      vertex 14.3229 67.2929 3
      vertex 14.2472 67.1666 0
      vertex 14.2472 67.1666 3
    endloop
  endfacet
  facet normal 0.989174 0.146746 0
    outer loop
      vertex 11.5288 67.7074 3
      vertex 11.5072 67.853 0
      vertex 11.5072 67.853 3
    endloop
  endfacet
  facet normal 0.989174 0.146746 0
    outer loop
      vertex 11.5072 67.853 0
      vertex 11.5288 67.7074 3
      vertex 11.5288 67.7074 0
    endloop
  endfacet
  facet normal -0.336939 0.941527 0
    outer loop
      vertex 13.574 66.6142 0
      vertex 13.4354 66.5646 3
      vertex 13.574 66.6142 3
    endloop
  endfacet
  facet normal -0.336939 0.941527 0
    outer loop
      vertex 13.4354 66.5646 3
      vertex 13.574 66.6142 0
      vertex 13.4354 66.5646 0
    endloop
  endfacet
  facet normal 0.74123 0.671251 0
    outer loop
      vertex 11.9393 66.9393 3
      vertex 11.8405 67.0484 0
      vertex 11.8405 67.0484 3
    endloop
  endfacet
  facet normal 0.74123 0.671251 0
    outer loop
      vertex 11.8405 67.0484 0
      vertex 11.9393 66.9393 3
      vertex 11.9393 66.9393 0
    endloop
  endfacet
  facet normal -0.671251 0.74123 0
    outer loop
      vertex 14.0607 66.9393 0
      vertex 13.9516 66.8405 3
      vertex 14.0607 66.9393 3
    endloop
  endfacet
  facet normal -0.671251 0.74123 0
    outer loop
      vertex 13.9516 66.8405 3
      vertex 14.0607 66.9393 0
      vertex 13.9516 66.8405 0
    endloop
  endfacet
  facet normal 0.514096 0.857733 -0
    outer loop
      vertex 12.2929 66.6771 0
      vertex 12.1666 66.7528 3
      vertex 12.2929 66.6771 3
    endloop
  endfacet
  facet normal 0.514096 0.857733 0
    outer loop
      vertex 12.1666 66.7528 3
      vertex 12.2929 66.6771 0
      vertex 12.1666 66.7528 0
    endloop
  endfacet
  facet normal 0.904125 0.427269 0
    outer loop
      vertex 11.6771 67.2929 3
      vertex 11.6142 67.426 0
      vertex 11.6142 67.426 3
    endloop
  endfacet
  facet normal 0.904125 0.427269 0
    outer loop
      vertex 11.6142 67.426 0
      vertex 11.6771 67.2929 3
      vertex 11.6771 67.2929 0
    endloop
  endfacet
  facet normal -0.998803 0.0489209 0
    outer loop
      vertex 14.4928 67.853 0
      vertex 14.5 68 3
      vertex 14.5 68 0
    endloop
  endfacet
  facet normal -0.998803 0.0489209 0
    outer loop
      vertex 14.5 68 3
      vertex 14.4928 67.853 0
      vertex 14.4928 67.853 3
    endloop
  endfacet
  facet normal -0.243175 0.969982 0
    outer loop
      vertex 13.4354 66.5646 0
      vertex 13.2926 66.5288 3
      vertex 13.4354 66.5646 3
    endloop
  endfacet
  facet normal -0.243175 0.969982 0
    outer loop
      vertex 13.2926 66.5288 3
      vertex 13.4354 66.5646 0
      vertex 13.2926 66.5288 0
    endloop
  endfacet
  facet normal 0.941527 0.336939 0
    outer loop
      vertex 11.6142 67.426 3
      vertex 11.5646 67.5646 0
      vertex 11.5646 67.5646 3
    endloop
  endfacet
  facet normal 0.941527 0.336939 0
    outer loop
      vertex 11.5646 67.5646 0
      vertex 11.6142 67.426 3
      vertex 11.6142 67.426 0
    endloop
  endfacet
  facet normal -0.941527 0.336939 0
    outer loop
      vertex 14.3858 67.426 0
      vertex 14.4354 67.5646 3
      vertex 14.4354 67.5646 0
    endloop
  endfacet
  facet normal -0.941527 0.336939 0
    outer loop
      vertex 14.4354 67.5646 3
      vertex 14.3858 67.426 0
      vertex 14.3858 67.426 3
    endloop
  endfacet
  facet normal -0.427269 0.904125 0
    outer loop
      vertex 13.7071 66.6771 0
      vertex 13.574 66.6142 3
      vertex 13.7071 66.6771 3
    endloop
  endfacet
  facet normal -0.427269 0.904125 0
    outer loop
      vertex 13.574 66.6142 3
      vertex 13.7071 66.6771 0
      vertex 13.574 66.6142 0
    endloop
  endfacet
  facet normal 0.998803 0.0489209 0
    outer loop
      vertex 11.5072 67.853 3
      vertex 11.5 68 0
      vertex 11.5 68 3
    endloop
  endfacet
  facet normal 0.998803 0.0489209 0
    outer loop
      vertex 11.5 68 0
      vertex 11.5072 67.853 3
      vertex 11.5072 67.853 0
    endloop
  endfacet
  facet normal 0.595861 0.803088 -0
    outer loop
      vertex 12.1666 66.7528 0
      vertex 12.0484 66.8405 3
      vertex 12.1666 66.7528 3
    endloop
  endfacet
  facet normal 0.595861 0.803088 0
    outer loop
      vertex 12.0484 66.8405 3
      vertex 12.1666 66.7528 0
      vertex 12.0484 66.8405 0
    endloop
  endfacet
  facet normal 0.803088 0.595861 0
    outer loop
      vertex 11.8405 67.0484 3
      vertex 11.7528 67.1666 0
      vertex 11.7528 67.1666 3
    endloop
  endfacet
  facet normal 0.803088 0.595861 0
    outer loop
      vertex 11.7528 67.1666 0
      vertex 11.8405 67.0484 3
      vertex 11.8405 67.0484 0
    endloop
  endfacet
  facet normal 0.243175 0.969982 -0
    outer loop
      vertex 12.7074 66.5288 0
      vertex 12.5646 66.5646 3
      vertex 12.7074 66.5288 3
    endloop
  endfacet
  facet normal 0.243175 0.969982 0
    outer loop
      vertex 12.5646 66.5646 3
      vertex 12.7074 66.5288 0
      vertex 12.5646 66.5646 0
    endloop
  endfacet
  facet normal -0.904125 0.427269 0
    outer loop
      vertex 14.3229 67.2929 0
      vertex 14.3858 67.426 3
      vertex 14.3858 67.426 0
    endloop
  endfacet
  facet normal -0.904125 0.427269 0
    outer loop
      vertex 14.3858 67.426 3
      vertex 14.3229 67.2929 0
      vertex 14.3229 67.2929 3
    endloop
  endfacet
  facet normal -0.74123 0.671251 0
    outer loop
      vertex 14.0607 66.9393 0
      vertex 14.1595 67.0484 3
      vertex 14.1595 67.0484 0
    endloop
  endfacet
  facet normal -0.74123 0.671251 0
    outer loop
      vertex 14.1595 67.0484 3
      vertex 14.0607 66.9393 0
      vertex 14.0607 66.9393 3
    endloop
  endfacet
  facet normal 0.336939 0.941527 -0
    outer loop
      vertex 17.0646 66.5646 0
      vertex 16.926 66.6142 3
      vertex 17.0646 66.5646 3
    endloop
  endfacet
  facet normal 0.336939 0.941527 0
    outer loop
      vertex 16.926 66.6142 3
      vertex 17.0646 66.5646 0
      vertex 16.926 66.6142 0
    endloop
  endfacet
  facet normal 0.243175 0.969982 -0
    outer loop
      vertex 17.2074 66.5288 0
      vertex 17.0646 66.5646 3
      vertex 17.2074 66.5288 3
    endloop
  endfacet
  facet normal 0.243175 0.969982 0
    outer loop
      vertex 17.0646 66.5646 3
      vertex 17.2074 66.5288 0
      vertex 17.0646 66.5646 0
    endloop
  endfacet
  facet normal 0.904125 0.427269 0
    outer loop
      vertex 16.1771 67.2929 3
      vertex 16.1142 67.426 0
      vertex 16.1142 67.426 3
    endloop
  endfacet
  facet normal 0.904125 0.427269 0
    outer loop
      vertex 16.1142 67.426 0
      vertex 16.1771 67.2929 3
      vertex 16.1771 67.2929 0
    endloop
  endfacet
  facet normal 0.857733 0.514096 0
    outer loop
      vertex 16.2528 67.1666 3
      vertex 16.1771 67.2929 0
      vertex 16.1771 67.2929 3
    endloop
  endfacet
  facet normal 0.857733 0.514096 0
    outer loop
      vertex 16.1771 67.2929 0
      vertex 16.2528 67.1666 3
      vertex 16.2528 67.1666 0
    endloop
  endfacet
  facet normal -0.243175 0.969982 0
    outer loop
      vertex 17.9354 66.5646 0
      vertex 17.7926 66.5288 3
      vertex 17.9354 66.5646 3
    endloop
  endfacet
  facet normal -0.243175 0.969982 0
    outer loop
      vertex 17.7926 66.5288 3
      vertex 17.9354 66.5646 0
      vertex 17.7926 66.5288 0
    endloop
  endfacet
  facet normal 0.595861 0.803088 -0
    outer loop
      vertex 16.6666 66.7528 0
      vertex 16.5484 66.8405 3
      vertex 16.6666 66.7528 3
    endloop
  endfacet
  facet normal 0.595861 0.803088 0
    outer loop
      vertex 16.5484 66.8405 3
      vertex 16.6666 66.7528 0
      vertex 16.5484 66.8405 0
    endloop
  endfacet
  facet normal -0.514096 0.857733 0
    outer loop
      vertex 18.3334 66.7528 0
      vertex 18.2071 66.6771 3
      vertex 18.3334 66.7528 3
    endloop
  endfacet
  facet normal -0.514096 0.857733 0
    outer loop
      vertex 18.2071 66.6771 3
      vertex 18.3334 66.7528 0
      vertex 18.2071 66.6771 0
    endloop
  endfacet
  facet normal -0.803088 0.595861 0
    outer loop
      vertex 18.6595 67.0484 0
      vertex 18.7472 67.1666 3
      vertex 18.7472 67.1666 0
    endloop
  endfacet
  facet normal -0.803088 0.595861 0
    outer loop
      vertex 18.7472 67.1666 3
      vertex 18.6595 67.0484 0
      vertex 18.6595 67.0484 3
    endloop
  endfacet
  facet normal -0.427269 0.904125 0
    outer loop
      vertex 18.2071 66.6771 0
      vertex 18.074 66.6142 3
      vertex 18.2071 66.6771 3
    endloop
  endfacet
  facet normal -0.427269 0.904125 0
    outer loop
      vertex 18.074 66.6142 3
      vertex 18.2071 66.6771 0
      vertex 18.074 66.6142 0
    endloop
  endfacet
  facet normal -0.989174 0.146746 0
    outer loop
      vertex 18.9712 67.7074 0
      vertex 18.9928 67.853 3
      vertex 18.9928 67.853 0
    endloop
  endfacet
  facet normal -0.989174 0.146746 0
    outer loop
      vertex 18.9928 67.853 3
      vertex 18.9712 67.7074 0
      vertex 18.9712 67.7074 3
    endloop
  endfacet
  facet normal 0.941527 0.336939 0
    outer loop
      vertex 16.1142 67.426 3
      vertex 16.0646 67.5646 0
      vertex 16.0646 67.5646 3
    endloop
  endfacet
  facet normal 0.941527 0.336939 0
    outer loop
      vertex 16.0646 67.5646 0
      vertex 16.1142 67.426 3
      vertex 16.1142 67.426 0
    endloop
  endfacet
  facet normal -0.969982 0.243175 0
    outer loop
      vertex 18.9354 67.5646 0
      vertex 18.9712 67.7074 3
      vertex 18.9712 67.7074 0
    endloop
  endfacet
  facet normal -0.969982 0.243175 0
    outer loop
      vertex 18.9712 67.7074 3
      vertex 18.9354 67.5646 0
      vertex 18.9354 67.5646 3
    endloop
  endfacet
  facet normal -0.336939 0.941527 0
    outer loop
      vertex 18.074 66.6142 0
      vertex 17.9354 66.5646 3
      vertex 18.074 66.6142 3
    endloop
  endfacet
  facet normal -0.336939 0.941527 0
    outer loop
      vertex 17.9354 66.5646 3
      vertex 18.074 66.6142 0
      vertex 17.9354 66.5646 0
    endloop
  endfacet
  facet normal -0.998803 0.0489209 0
    outer loop
      vertex 18.9928 67.853 0
      vertex 19 68 3
      vertex 19 68 0
    endloop
  endfacet
  facet normal -0.998803 0.0489209 0
    outer loop
      vertex 19 68 3
      vertex 18.9928 67.853 0
      vertex 18.9928 67.853 3
    endloop
  endfacet
  facet normal -0.904125 0.427269 0
    outer loop
      vertex 18.8229 67.2929 0
      vertex 18.8858 67.426 3
      vertex 18.8858 67.426 0
    endloop
  endfacet
  facet normal -0.904125 0.427269 0
    outer loop
      vertex 18.8858 67.426 3
      vertex 18.8229 67.2929 0
      vertex 18.8229 67.2929 3
    endloop
  endfacet
  facet normal 0.514096 0.857733 -0
    outer loop
      vertex 16.7929 66.6771 0
      vertex 16.6666 66.7528 3
      vertex 16.7929 66.6771 3
    endloop
  endfacet
  facet normal 0.514096 0.857733 0
    outer loop
      vertex 16.6666 66.7528 3
      vertex 16.7929 66.6771 0
      vertex 16.6666 66.7528 0
    endloop
  endfacet
  facet normal -0.146746 0.989174 0
    outer loop
      vertex 17.7926 66.5288 0
      vertex 17.647 66.5072 3
      vertex 17.7926 66.5288 3
    endloop
  endfacet
  facet normal -0.146746 0.989174 0
    outer loop
      vertex 17.647 66.5072 3
      vertex 17.7926 66.5288 0
      vertex 17.647 66.5072 0
    endloop
  endfacet
  facet normal -0.857733 0.514096 0
    outer loop
      vertex 18.7472 67.1666 0
      vertex 18.8229 67.2929 3
      vertex 18.8229 67.2929 0
    endloop
  endfacet
  facet normal -0.857733 0.514096 0
    outer loop
      vertex 18.8229 67.2929 3
      vertex 18.7472 67.1666 0
      vertex 18.7472 67.1666 3
    endloop
  endfacet
  facet normal 0.998803 0.0489209 0
    outer loop
      vertex 16.0072 67.853 3
      vertex 16 68 0
      vertex 16 68 3
    endloop
  endfacet
  facet normal 0.998803 0.0489209 0
    outer loop
      vertex 16 68 0
      vertex 16.0072 67.853 3
      vertex 16.0072 67.853 0
    endloop
  endfacet
  facet normal -0.941527 0.336939 0
    outer loop
      vertex 18.8858 67.426 0
      vertex 18.9354 67.5646 3
      vertex 18.9354 67.5646 0
    endloop
  endfacet
  facet normal -0.941527 0.336939 0
    outer loop
      vertex 18.9354 67.5646 3
      vertex 18.8858 67.426 0
      vertex 18.8858 67.426 3
    endloop
  endfacet
  facet normal 0.146746 0.989174 -0
    outer loop
      vertex 17.353 66.5072 0
      vertex 17.2074 66.5288 3
      vertex 17.353 66.5072 3
    endloop
  endfacet
  facet normal 0.146746 0.989174 0
    outer loop
      vertex 17.2074 66.5288 3
      vertex 17.353 66.5072 0
      vertex 17.2074 66.5288 0
    endloop
  endfacet
  facet normal -0.671251 0.74123 0
    outer loop
      vertex 18.5607 66.9393 0
      vertex 18.4516 66.8405 3
      vertex 18.5607 66.9393 3
    endloop
  endfacet
  facet normal -0.671251 0.74123 0
    outer loop
      vertex 18.4516 66.8405 3
      vertex 18.5607 66.9393 0
      vertex 18.4516 66.8405 0
    endloop
  endfacet
  facet normal 0.0489209 0.998803 -0
    outer loop
      vertex 17.5 66.5 0
      vertex 17.353 66.5072 3
      vertex 17.5 66.5 3
    endloop
  endfacet
  facet normal 0.0489209 0.998803 0
    outer loop
      vertex 17.353 66.5072 3
      vertex 17.5 66.5 0
      vertex 17.353 66.5072 0
    endloop
  endfacet
  facet normal 0.671251 0.74123 -0
    outer loop
      vertex 16.5484 66.8405 0
      vertex 16.4393 66.9393 3
      vertex 16.5484 66.8405 3
    endloop
  endfacet
  facet normal 0.671251 0.74123 0
    outer loop
      vertex 16.4393 66.9393 3
      vertex 16.5484 66.8405 0
      vertex 16.4393 66.9393 0
    endloop
  endfacet
  facet normal 0.969982 0.243175 0
    outer loop
      vertex 16.0646 67.5646 3
      vertex 16.0288 67.7074 0
      vertex 16.0288 67.7074 3
    endloop
  endfacet
  facet normal 0.969982 0.243175 0
    outer loop
      vertex 16.0288 67.7074 0
      vertex 16.0646 67.5646 3
      vertex 16.0646 67.5646 0
    endloop
  endfacet
  facet normal 0.427269 0.904125 -0
    outer loop
      vertex 16.926 66.6142 0
      vertex 16.7929 66.6771 3
      vertex 16.926 66.6142 3
    endloop
  endfacet
  facet normal 0.427269 0.904125 0
    outer loop
      vertex 16.7929 66.6771 3
      vertex 16.926 66.6142 0
      vertex 16.7929 66.6771 0
    endloop
  endfacet
  facet normal 0.74123 0.671251 0
    outer loop
      vertex 16.4393 66.9393 3
      vertex 16.3405 67.0484 0
      vertex 16.3405 67.0484 3
    endloop
  endfacet
  facet normal 0.74123 0.671251 0
    outer loop
      vertex 16.3405 67.0484 0
      vertex 16.4393 66.9393 3
      vertex 16.4393 66.9393 0
    endloop
  endfacet
  facet normal -0.0489209 0.998803 0
    outer loop
      vertex 17.647 66.5072 0
      vertex 17.5 66.5 3
      vertex 17.647 66.5072 3
    endloop
  endfacet
  facet normal -0.0489209 0.998803 0
    outer loop
      vertex 17.5 66.5 3
      vertex 17.647 66.5072 0
      vertex 17.5 66.5 0
    endloop
  endfacet
  facet normal 0.989174 0.146746 0
    outer loop
      vertex 16.0288 67.7074 3
      vertex 16.0072 67.853 0
      vertex 16.0072 67.853 3
    endloop
  endfacet
  facet normal 0.989174 0.146746 0
    outer loop
      vertex 16.0072 67.853 0
      vertex 16.0288 67.7074 3
      vertex 16.0288 67.7074 0
    endloop
  endfacet
  facet normal -0.595861 0.803088 0
    outer loop
      vertex 18.4516 66.8405 0
      vertex 18.3334 66.7528 3
      vertex 18.4516 66.8405 3
    endloop
  endfacet
  facet normal -0.595861 0.803088 0
    outer loop
      vertex 18.3334 66.7528 3
      vertex 18.4516 66.8405 0
      vertex 18.3334 66.7528 0
    endloop
  endfacet
  facet normal 0.803088 0.595861 0
    outer loop
      vertex 16.3405 67.0484 3
      vertex 16.2528 67.1666 0
      vertex 16.2528 67.1666 3
    endloop
  endfacet
  facet normal 0.803088 0.595861 0
    outer loop
      vertex 16.2528 67.1666 0
      vertex 16.3405 67.0484 3
      vertex 16.3405 67.0484 0
    endloop
  endfacet
  facet normal -0.74123 0.671251 0
    outer loop
      vertex 18.5607 66.9393 0
      vertex 18.6595 67.0484 3
      vertex 18.6595 67.0484 0
    endloop
  endfacet
  facet normal -0.74123 0.671251 0
    outer loop
      vertex 18.6595 67.0484 3
      vertex 18.5607 66.9393 0
      vertex 18.5607 66.9393 3
    endloop
  endfacet
  facet normal 0.595861 0.803088 -0
    outer loop
      vertex 21.1666 66.7528 0
      vertex 21.0484 66.8405 3
      vertex 21.1666 66.7528 3
    endloop
  endfacet
  facet normal 0.595861 0.803088 0
    outer loop
      vertex 21.0484 66.8405 3
      vertex 21.1666 66.7528 0
      vertex 21.0484 66.8405 0
    endloop
  endfacet
  facet normal 0.514096 0.857733 -0
    outer loop
      vertex 21.2929 66.6771 0
      vertex 21.1666 66.7528 3
      vertex 21.2929 66.6771 3
    endloop
  endfacet
  facet normal 0.514096 0.857733 0
    outer loop
      vertex 21.1666 66.7528 3
      vertex 21.2929 66.6771 0
      vertex 21.1666 66.7528 0
    endloop
  endfacet
  facet normal 0.803088 0.595861 0
    outer loop
      vertex 20.8405 67.0484 3
      vertex 20.7528 67.1666 0
      vertex 20.7528 67.1666 3
    endloop
  endfacet
  facet normal 0.803088 0.595861 0
    outer loop
      vertex 20.7528 67.1666 0
      vertex 20.8405 67.0484 3
      vertex 20.8405 67.0484 0
    endloop
  endfacet
  facet normal 0.969982 0.243175 0
    outer loop
      vertex 20.5646 67.5646 3
      vertex 20.5288 67.7074 0
      vertex 20.5288 67.7074 3
    endloop
  endfacet
  facet normal 0.969982 0.243175 0
    outer loop
      vertex 20.5288 67.7074 0
      vertex 20.5646 67.5646 3
      vertex 20.5646 67.5646 0
    endloop
  endfacet
  facet normal 0.941527 0.336939 0
    outer loop
      vertex 20.6142 67.426 3
      vertex 20.5646 67.5646 0
      vertex 20.5646 67.5646 3
    endloop
  endfacet
  facet normal 0.941527 0.336939 0
    outer loop
      vertex 20.5646 67.5646 0
      vertex 20.6142 67.426 3
      vertex 20.6142 67.426 0
    endloop
  endfacet
  facet normal 0.336939 0.941527 -0
    outer loop
      vertex 21.5646 66.5646 0
      vertex 21.426 66.6142 3
      vertex 21.5646 66.5646 3
    endloop
  endfacet
  facet normal 0.336939 0.941527 0
    outer loop
      vertex 21.426 66.6142 3
      vertex 21.5646 66.5646 0
      vertex 21.426 66.6142 0
    endloop
  endfacet
  facet normal 0.857733 0.514096 0
    outer loop
      vertex 20.7528 67.1666 3
      vertex 20.6771 67.2929 0
      vertex 20.6771 67.2929 3
    endloop
  endfacet
  facet normal 0.857733 0.514096 0
    outer loop
      vertex 20.6771 67.2929 0
      vertex 20.7528 67.1666 3
      vertex 20.7528 67.1666 0
    endloop
  endfacet
  facet normal 0.0489209 0.998803 -0
    outer loop
      vertex 22 66.5 0
      vertex 21.853 66.5072 3
      vertex 22 66.5 3
    endloop
  endfacet
  facet normal 0.0489209 0.998803 0
    outer loop
      vertex 21.853 66.5072 3
      vertex 22 66.5 0
      vertex 21.853 66.5072 0
    endloop
  endfacet
  facet normal 0.243175 0.969982 -0
    outer loop
      vertex 21.7074 66.5288 0
      vertex 21.5646 66.5646 3
      vertex 21.7074 66.5288 3
    endloop
  endfacet
  facet normal 0.243175 0.969982 0
    outer loop
      vertex 21.5646 66.5646 3
      vertex 21.7074 66.5288 0
      vertex 21.5646 66.5646 0
    endloop
  endfacet
  facet normal 0.904125 0.427269 0
    outer loop
      vertex 20.6771 67.2929 3
      vertex 20.6142 67.426 0
      vertex 20.6142 67.426 3
    endloop
  endfacet
  facet normal 0.904125 0.427269 0
    outer loop
      vertex 20.6142 67.426 0
      vertex 20.6771 67.2929 3
      vertex 20.6771 67.2929 0
    endloop
  endfacet
  facet normal 0.146746 0.989174 -0
    outer loop
      vertex 21.853 66.5072 0
      vertex 21.7074 66.5288 3
      vertex 21.853 66.5072 3
    endloop
  endfacet
  facet normal 0.146746 0.989174 0
    outer loop
      vertex 21.7074 66.5288 3
      vertex 21.853 66.5072 0
      vertex 21.7074 66.5288 0
    endloop
  endfacet
  facet normal 0.998803 0.0489209 0
    outer loop
      vertex 20.5072 67.853 3
      vertex 20.5 68 0
      vertex 20.5 68 3
    endloop
  endfacet
  facet normal 0.998803 0.0489209 0
    outer loop
      vertex 20.5 68 0
      vertex 20.5072 67.853 3
      vertex 20.5072 67.853 0
    endloop
  endfacet
  facet normal 0.74123 0.671251 0
    outer loop
      vertex 20.9393 66.9393 3
      vertex 20.8405 67.0484 0
      vertex 20.8405 67.0484 3
    endloop
  endfacet
  facet normal 0.74123 0.671251 0
    outer loop
      vertex 20.8405 67.0484 0
      vertex 20.9393 66.9393 3
      vertex 20.9393 66.9393 0
    endloop
  endfacet
  facet normal 0.671251 0.74123 -0
    outer loop
      vertex 21.0484 66.8405 0
      vertex 20.9393 66.9393 3
      vertex 21.0484 66.8405 3
    endloop
  endfacet
  facet normal 0.671251 0.74123 0
    outer loop
      vertex 20.9393 66.9393 3
      vertex 21.0484 66.8405 0
      vertex 20.9393 66.9393 0
    endloop
  endfacet
  facet normal 0.427269 0.904125 -0
    outer loop
      vertex 21.426 66.6142 0
      vertex 21.2929 66.6771 3
      vertex 21.426 66.6142 3
    endloop
  endfacet
  facet normal 0.427269 0.904125 0
    outer loop
      vertex 21.2929 66.6771 3
      vertex 21.426 66.6142 0
      vertex 21.2929 66.6771 0
    endloop
  endfacet
  facet normal 0.989174 0.146746 0
    outer loop
      vertex 20.5288 67.7074 3
      vertex 20.5072 67.853 0
      vertex 20.5072 67.853 3
    endloop
  endfacet
  facet normal 0.989174 0.146746 0
    outer loop
      vertex 20.5072 67.853 0
      vertex 20.5288 67.7074 3
      vertex 20.5288 67.7074 0
    endloop
  endfacet
  facet normal 1 -0 0
    outer loop
      vertex 22 54 3
      vertex 22 66.5 0
      vertex 22 66.5 3
    endloop
  endfacet
  facet normal 1 0 0
    outer loop
      vertex 22 66.5 0
      vertex 22 54 3
      vertex 22 54 0
    endloop
  endfacet
  facet normal 0 0 1
    outer loop
      vertex 21.853 66.5072 3
      vertex 22 54 3
      vertex 22 66.5 3
    endloop
  endfacet
  facet normal 0 0 1
    outer loop
      vertex 21.7074 66.5288 3
      vertex 22 54 3
      vertex 21.853 66.5072 3
    endloop
  endfacet
  facet normal 0 0 1
    outer loop
      vertex 21.5646 66.5646 3
      vertex 22 54 3
      vertex 21.7074 66.5288 3
    endloop
  endfacet
  facet normal 0 0 1
    outer loop
      vertex 17.9354 66.5646 3
      vertex 21.5646 66.5646 3
      vertex 21.426 66.6142 3
    endloop
  endfacet
  facet normal 0 0 1
    outer loop
      vertex 18.074 66.6142 3
      vertex 21.426 66.6142 3
      vertex 21.2929 66.6771 3
    endloop
  endfacet
  facet normal 0 0 1
    outer loop
      vertex 18.2071 66.6771 3
      vertex 21.2929 66.6771 3
      vertex 21.1666 66.7528 3
    endloop
  endfacet
  facet normal 0 0 1
    outer loop
      vertex 18.3334 66.7528 3
      vertex 21.1666 66.7528 3
      vertex 21.0484 66.8405 3
    endloop
  endfacet
  facet normal 0 0 1
    outer loop
      vertex 18.4516 66.8405 3
      vertex 21.0484 66.8405 3
      vertex 20.9393 66.9393 3
    endloop
  endfacet
  facet normal 0 0 1
    outer loop
      vertex 18.5607 66.9393 3
      vertex 20.9393 66.9393 3
      vertex 20.8405 67.0484 3
    endloop
  endfacet
  facet normal 0 0 1
    outer loop
      vertex 18.6595 67.0484 3
      vertex 20.8405 67.0484 3
      vertex 20.7528 67.1666 3
    endloop
  endfacet
  facet normal 0 0 1
    outer loop
      vertex 18.7472 67.1666 3
      vertex 20.7528 67.1666 3
      vertex 20.6771 67.2929 3
    endloop
  endfacet
  facet normal 0 0 1
    outer loop
      vertex 18.8229 67.2929 3
      vertex 20.6771 67.2929 3
      vertex 20.6142 67.426 3
    endloop
  endfacet
  facet normal 0 0 1
    outer loop
      vertex 18.8858 67.426 3
      vertex 20.6142 67.426 3
      vertex 20.5646 67.5646 3
    endloop
  endfacet
  facet normal 0 0 1
    outer loop
      vertex 18.9354 67.5646 3
      vertex 20.5646 67.5646 3
      vertex 20.5288 67.7074 3
    endloop
  endfacet
  facet normal 0 0 1
    outer loop
      vertex 18.9712 67.7074 3
      vertex 20.5288 67.7074 3
      vertex 20.5072 67.853 3
    endloop
  endfacet
  facet normal -0 0 1
    outer loop
      vertex 19 68 3
      vertex 20.5072 67.853 3
      vertex 20.5 68 3
    endloop
  endfacet
  facet normal 0 0 1
    outer loop
      vertex 18.9928 67.853 3
      vertex 20.5072 67.853 3
      vertex 19 68 3
    endloop
  endfacet
  facet normal 0 0 1
    outer loop
      vertex 18.9712 67.7074 3
      vertex 20.5072 67.853 3
      vertex 18.9928 67.853 3
    endloop
  endfacet
  facet normal 0 0 1
    outer loop
      vertex 20.5288 67.7074 3
      vertex 18.9712 67.7074 3
      vertex 18.9354 67.5646 3
    endloop
  endfacet
  facet normal 0 0 1
    outer loop
      vertex 20.5646 67.5646 3
      vertex 18.9354 67.5646 3
      vertex 18.8858 67.426 3
    endloop
  endfacet
  facet normal 0 0 1
    outer loop
      vertex 20.6142 67.426 3
      vertex 18.8858 67.426 3
      vertex 18.8229 67.2929 3
    endloop
  endfacet
  facet normal 0 0 1
    outer loop
      vertex 20.6771 67.2929 3
      vertex 18.8229 67.2929 3
      vertex 18.7472 67.1666 3
    endloop
  endfacet
  facet normal 0 0 1
    outer loop
      vertex 20.7528 67.1666 3
      vertex 18.7472 67.1666 3
      vertex 18.6595 67.0484 3
    endloop
  endfacet
  facet normal 0 0 1
    outer loop
      vertex 20.8405 67.0484 3
      vertex 18.6595 67.0484 3
      vertex 18.5607 66.9393 3
    endloop
  endfacet
  facet normal 0 0 1
    outer loop
      vertex 20.9393 66.9393 3
      vertex 18.5607 66.9393 3
      vertex 18.4516 66.8405 3
    endloop
  endfacet
  facet normal 0 0 1
    outer loop
      vertex 21.0484 66.8405 3
      vertex 18.4516 66.8405 3
      vertex 18.3334 66.7528 3
    endloop
  endfacet
  facet normal 0 0 1
    outer loop
      vertex 21.1666 66.7528 3
      vertex 18.3334 66.7528 3
      vertex 18.2071 66.6771 3
    endloop
  endfacet
  facet normal 0 0 1
    outer loop
      vertex 21.2929 66.6771 3
      vertex 18.2071 66.6771 3
      vertex 18.074 66.6142 3
    endloop
  endfacet
  facet normal 0 0 1
    outer loop
      vertex 21.426 66.6142 3
      vertex 18.074 66.6142 3
      vertex 17.9354 66.5646 3
    endloop
  endfacet
  facet normal 0 0 1
    outer loop
      vertex 21.5646 66.5646 3
      vertex 17.9354 66.5646 3
      vertex 22 54 3
    endloop
  endfacet
  facet normal -0 0 1
    outer loop
      vertex 17.7926 66.5288 3
      vertex 22 54 3
      vertex 17.9354 66.5646 3
    endloop
  endfacet
  facet normal -0 0 1
    outer loop
      vertex 17.647 66.5072 3
      vertex 22 54 3
      vertex 17.7926 66.5288 3
    endloop
  endfacet
  facet normal -0 0 1
    outer loop
      vertex 17.5 66.5 3
      vertex 22 54 3
      vertex 17.647 66.5072 3
    endloop
  endfacet
  facet normal 0 0 1
    outer loop
      vertex 17.353 66.5072 3
      vertex 22 54 3
      vertex 17.5 66.5 3
    endloop
  endfacet
  facet normal 0 0 1
    outer loop
      vertex 17.2074 66.5288 3
      vertex 22 54 3
      vertex 17.353 66.5072 3
    endloop
  endfacet
  facet normal 0 0 1
    outer loop
      vertex 13.2926 66.5288 3
      vertex 17.2074 66.5288 3
      vertex 17.0646 66.5646 3
    endloop
  endfacet
  facet normal 0 0 1
    outer loop
      vertex 13.4354 66.5646 3
      vertex 17.0646 66.5646 3
      vertex 16.926 66.6142 3
    endloop
  endfacet
  facet normal 0 0 1
    outer loop
      vertex 13.574 66.6142 3
      vertex 16.926 66.6142 3
      vertex 16.7929 66.6771 3
    endloop
  endfacet
  facet normal 0 0 1
    outer loop
      vertex 13.7071 66.6771 3
      vertex 16.7929 66.6771 3
      vertex 16.6666 66.7528 3
    endloop
  endfacet
  facet normal 0 0 1
    outer loop
      vertex 13.8334 66.7528 3
      vertex 16.6666 66.7528 3
      vertex 16.5484 66.8405 3
    endloop
  endfacet
  facet normal 0 0 1
    outer loop
      vertex 13.9516 66.8405 3
      vertex 16.5484 66.8405 3
      vertex 16.4393 66.9393 3
    endloop
  endfacet
  facet normal 0 0 1
    outer loop
      vertex 14.0607 66.9393 3
      vertex 16.4393 66.9393 3
      vertex 16.3405 67.0484 3
    endloop
  endfacet
  facet normal 0 0 1
    outer loop
      vertex 14.1595 67.0484 3
      vertex 16.3405 67.0484 3
      vertex 16.2528 67.1666 3
    endloop
  endfacet
  facet normal 0 0 1
    outer loop
      vertex 14.2472 67.1666 3
      vertex 16.2528 67.1666 3
      vertex 16.1771 67.2929 3
    endloop
  endfacet
  facet normal 0 0 1
    outer loop
      vertex 14.3229 67.2929 3
      vertex 16.1771 67.2929 3
      vertex 16.1142 67.426 3
    endloop
  endfacet
  facet normal -0 0 1
    outer loop
      vertex 14.5 68 3
      vertex 16.0072 67.853 3
      vertex 16 68 3
    endloop
  endfacet
  facet normal 0 0 1
    outer loop
      vertex 14.4928 67.853 3
      vertex 16.0072 67.853 3
      vertex 14.5 68 3
    endloop
  endfacet
  facet normal 0 0 1
    outer loop
      vertex 16.0072 67.853 3
      vertex 14.4928 67.853 3
      vertex 16.0288 67.7074 3
    endloop
  endfacet
  facet normal 0 0 1
    outer loop
      vertex 14.4712 67.7074 3
      vertex 16.0288 67.7074 3
      vertex 14.4928 67.853 3
    endloop
  endfacet
  facet normal 0 0 1
    outer loop
      vertex 16.0288 67.7074 3
      vertex 14.4712 67.7074 3
      vertex 16.0646 67.5646 3
    endloop
  endfacet
  facet normal 0 0 1
    outer loop
      vertex 14.4354 67.5646 3
      vertex 16.0646 67.5646 3
      vertex 14.4712 67.7074 3
    endloop
  endfacet
  facet normal 0 0 1
    outer loop
      vertex 16.0646 67.5646 3
      vertex 14.4354 67.5646 3
      vertex 16.1142 67.426 3
    endloop
  endfacet
  facet normal 0 0 1
    outer loop
      vertex 14.3858 67.426 3
      vertex 16.1142 67.426 3
      vertex 14.4354 67.5646 3
    endloop
  endfacet
  facet normal 0 0 1
    outer loop
      vertex 14.3229 67.2929 3
      vertex 16.1142 67.426 3
      vertex 14.3858 67.426 3
    endloop
  endfacet
  facet normal 0 0 1
    outer loop
      vertex 16.1771 67.2929 3
      vertex 14.3229 67.2929 3
      vertex 14.2472 67.1666 3
    endloop
  endfacet
  facet normal 0 0 1
    outer loop
      vertex 16.2528 67.1666 3
      vertex 14.2472 67.1666 3
      vertex 14.1595 67.0484 3
    endloop
  endfacet
  facet normal 0 0 1
    outer loop
      vertex 16.3405 67.0484 3
      vertex 14.1595 67.0484 3
      vertex 14.0607 66.9393 3
    endloop
  endfacet
  facet normal 0 0 1
    outer loop
      vertex 16.4393 66.9393 3
      vertex 14.0607 66.9393 3
      vertex 13.9516 66.8405 3
    endloop
  endfacet
  facet normal 0 0 1
    outer loop
      vertex 16.5484 66.8405 3
      vertex 13.9516 66.8405 3
      vertex 13.8334 66.7528 3
    endloop
  endfacet
  facet normal 0 0 1
    outer loop
      vertex 16.6666 66.7528 3
      vertex 13.8334 66.7528 3
      vertex 13.7071 66.6771 3
    endloop
  endfacet
  facet normal 0 0 1
    outer loop
      vertex 16.7929 66.6771 3
      vertex 13.7071 66.6771 3
      vertex 13.574 66.6142 3
    endloop
  endfacet
  facet normal 0 0 1
    outer loop
      vertex 16.926 66.6142 3
      vertex 13.574 66.6142 3
      vertex 13.4354 66.5646 3
    endloop
  endfacet
  facet normal 0 0 1
    outer loop
      vertex 13.2926 66.5288 3
      vertex 17.0646 66.5646 3
      vertex 13.4354 66.5646 3
    endloop
  endfacet
  facet normal 0 0 1
    outer loop
      vertex 17.2074 66.5288 3
      vertex 13.2926 66.5288 3
      vertex 22 54 3
    endloop
  endfacet
  facet normal -0 0 1
    outer loop
      vertex 13.147 66.5072 3
      vertex 22 54 3
      vertex 13.2926 66.5288 3
    endloop
  endfacet
  facet normal -0 0 1
    outer loop
      vertex 13 66.5 3
      vertex 22 54 3
      vertex 13.147 66.5072 3
    endloop
  endfacet
  facet normal 0 0 1
    outer loop
      vertex 12.853 66.5072 3
      vertex 22 54 3
      vertex 13 66.5 3
    endloop
  endfacet
  facet normal 0 0 1
    outer loop
      vertex 12.7074 66.5288 3
      vertex 22 54 3
      vertex 12.853 66.5072 3
    endloop
  endfacet
  facet normal 0 0 1
    outer loop
      vertex 8.79263 66.5288 3
      vertex 12.7074 66.5288 3
      vertex 12.5646 66.5646 3
    endloop
  endfacet
  facet normal 0 0 1
    outer loop
      vertex 8.93543 66.5646 3
      vertex 12.5646 66.5646 3
      vertex 12.426 66.6142 3
    endloop
  endfacet
  facet normal 0 0 1
    outer loop
      vertex 9.07402 66.6142 3
      vertex 12.426 66.6142 3
      vertex 12.2929 66.6771 3
    endloop
  endfacet
  facet normal 0 0 1
    outer loop
      vertex 9.20709 66.6771 3
      vertex 12.2929 66.6771 3
      vertex 12.1666 66.7528 3
    endloop
  endfacet
  facet normal 0 0 1
    outer loop
      vertex 9.33335 66.7528 3
      vertex 12.1666 66.7528 3
      vertex 12.0484 66.8405 3
    endloop
  endfacet
  facet normal 0 0 1
    outer loop
      vertex 9.45159 66.8405 3
      vertex 12.0484 66.8405 3
      vertex 11.9393 66.9393 3
    endloop
  endfacet
  facet normal 0 0 1
    outer loop
      vertex 9.56066 66.9393 3
      vertex 11.9393 66.9393 3
      vertex 11.8405 67.0484 3
    endloop
  endfacet
  facet normal -0 0 1
    outer loop
      vertex 10 68 3
      vertex 11.5072 67.853 3
      vertex 11.5 68 3
    endloop
  endfacet
  facet normal 0 0 1
    outer loop
      vertex 9.99278 67.853 3
      vertex 11.5072 67.853 3
      vertex 10 68 3
    endloop
  endfacet
  facet normal 0 0 1
    outer loop
      vertex 11.5072 67.853 3
      vertex 9.99278 67.853 3
      vertex 11.5288 67.7074 3
    endloop
  endfacet
  facet normal 0 0 1
    outer loop
      vertex 9.97118 67.7074 3
      vertex 11.5288 67.7074 3
      vertex 9.99278 67.853 3
    endloop
  endfacet
  facet normal 0 0 1
    outer loop
      vertex 11.5288 67.7074 3
      vertex 9.97118 67.7074 3
      vertex 11.5646 67.5646 3
    endloop
  endfacet
  facet normal 0 0 1
    outer loop
      vertex 9.93541 67.5646 3
      vertex 11.5646 67.5646 3
      vertex 9.97118 67.7074 3
    endloop
  endfacet
  facet normal 0 0 1
    outer loop
      vertex 11.5646 67.5646 3
      vertex 9.93541 67.5646 3
      vertex 11.6142 67.426 3
    endloop
  endfacet
  facet normal 0 0 1
    outer loop
      vertex 9.88582 67.426 3
      vertex 11.6142 67.426 3
      vertex 9.93541 67.5646 3
    endloop
  endfacet
  facet normal 0 0 1
    outer loop
      vertex 11.6142 67.426 3
      vertex 9.88582 67.426 3
      vertex 11.6771 67.2929 3
    endloop
  endfacet
  facet normal 0 0 1
    outer loop
      vertex 9.82288 67.2929 3
      vertex 11.6771 67.2929 3
      vertex 9.88582 67.426 3
    endloop
  endfacet
  facet normal 0 0 1
    outer loop
      vertex 11.6771 67.2929 3
      vertex 9.82288 67.2929 3
      vertex 11.7528 67.1666 3
    endloop
  endfacet
  facet normal 0 0 1
    outer loop
      vertex 9.7472 67.1666 3
      vertex 11.7528 67.1666 3
      vertex 9.82288 67.2929 3
    endloop
  endfacet
  facet normal 0 0 1
    outer loop
      vertex 11.7528 67.1666 3
      vertex 9.7472 67.1666 3
      vertex 11.8405 67.0484 3
    endloop
  endfacet
  facet normal 0 0 1
    outer loop
      vertex 9.65952 67.0484 3
      vertex 11.8405 67.0484 3
      vertex 9.7472 67.1666 3
    endloop
  endfacet
  facet normal 0 0 1
    outer loop
      vertex 9.56066 66.9393 3
      vertex 11.8405 67.0484 3
      vertex 9.65952 67.0484 3
    endloop
  endfacet
  facet normal 0 0 1
    outer loop
      vertex 11.9393 66.9393 3
      vertex 9.56066 66.9393 3
      vertex 9.45159 66.8405 3
    endloop
  endfacet
  facet normal 0 0 1
    outer loop
      vertex 12.0484 66.8405 3
      vertex 9.45159 66.8405 3
      vertex 9.33335 66.7528 3
    endloop
  endfacet
  facet normal 0 0 1
    outer loop
      vertex 12.1666 66.7528 3
      vertex 9.33335 66.7528 3
      vertex 9.20709 66.6771 3
    endloop
  endfacet
  facet normal 0 0 1
    outer loop
      vertex 12.2929 66.6771 3
      vertex 9.20709 66.6771 3
      vertex 9.07402 66.6142 3
    endloop
  endfacet
  facet normal 0 0 1
    outer loop
      vertex 12.426 66.6142 3
      vertex 9.07402 66.6142 3
      vertex 8.93543 66.5646 3
    endloop
  endfacet
  facet normal 0 0 1
    outer loop
      vertex 12.5646 66.5646 3
      vertex 8.93543 66.5646 3
      vertex 8.79263 66.5288 3
    endloop
  endfacet
  facet normal 0 0 1
    outer loop
      vertex 12.7074 66.5288 3
      vertex 8.79263 66.5288 3
      vertex 0 54 3
    endloop
  endfacet
  facet normal 0 0 1
    outer loop
      vertex 0 54 3
      vertex 8.79263 66.5288 3
      vertex 8.64703 66.5072 3
    endloop
  endfacet
  facet normal 0 0 1
    outer loop
      vertex 0 54 3
      vertex 8.64703 66.5072 3
      vertex 8.5 66.5 3
    endloop
  endfacet
  facet normal 0 0 1
    outer loop
      vertex 0 54 3
      vertex 8.5 66.5 3
      vertex 8.35297 66.5072 3
    endloop
  endfacet
  facet normal 0 0 1
    outer loop
      vertex 0 54 3
      vertex 8.35297 66.5072 3
      vertex 8.20736 66.5288 3
    endloop
  endfacet
  facet normal 0 0 1
    outer loop
      vertex 0 54 3
      vertex 8.20736 66.5288 3
      vertex 8.06457 66.5646 3
    endloop
  endfacet
  facet normal 0 0 1
    outer loop
      vertex 4.43543 66.5646 3
      vertex 8.06457 66.5646 3
      vertex 7.92597 66.6142 3
    endloop
  endfacet
  facet normal 0 0 1
    outer loop
      vertex 4.57402 66.6142 3
      vertex 7.92597 66.6142 3
      vertex 7.7929 66.6771 3
    endloop
  endfacet
  facet normal 0 0 1
    outer loop
      vertex 4.70709 66.6771 3
      vertex 7.7929 66.6771 3
      vertex 7.66664 66.7528 3
    endloop
  endfacet
  facet normal 0 0 1
    outer loop
      vertex 4.83335 66.7528 3
      vertex 7.66664 66.7528 3
      vertex 7.54841 66.8405 3
    endloop
  endfacet
  facet normal -0 0 1
    outer loop
      vertex 5.5 68 3
      vertex 7.00722 67.853 3
      vertex 7 68 3
    endloop
  endfacet
  facet normal 0 0 1
    outer loop
      vertex 5.49278 67.853 3
      vertex 7.00722 67.853 3
      vertex 5.5 68 3
    endloop
  endfacet
  facet normal 0 0 1
    outer loop
      vertex 7.00722 67.853 3
      vertex 5.49278 67.853 3
      vertex 7.02882 67.7074 3
    endloop
  endfacet
  facet normal 0 0 1
    outer loop
      vertex 5.47118 67.7074 3
      vertex 7.02882 67.7074 3
      vertex 5.49278 67.853 3
    endloop
  endfacet
  facet normal 0 0 1
    outer loop
      vertex 7.02882 67.7074 3
      vertex 5.47118 67.7074 3
      vertex 7.06459 67.5646 3
    endloop
  endfacet
  facet normal 0 0 1
    outer loop
      vertex 5.43541 67.5646 3
      vertex 7.06459 67.5646 3
      vertex 5.47118 67.7074 3
    endloop
  endfacet
  facet normal 0 0 1
    outer loop
      vertex 7.06459 67.5646 3
      vertex 5.43541 67.5646 3
      vertex 7.11418 67.426 3
    endloop
  endfacet
  facet normal 0 0 1
    outer loop
      vertex 5.38582 67.426 3
      vertex 7.11418 67.426 3
      vertex 5.43541 67.5646 3
    endloop
  endfacet
  facet normal 0 0 1
    outer loop
      vertex 7.11418 67.426 3
      vertex 5.38582 67.426 3
      vertex 7.17712 67.2929 3
    endloop
  endfacet
  facet normal 0 0 1
    outer loop
      vertex 5.32288 67.2929 3
      vertex 7.17712 67.2929 3
      vertex 5.38582 67.426 3
    endloop
  endfacet
  facet normal 0 0 1
    outer loop
      vertex 7.17712 67.2929 3
      vertex 5.32288 67.2929 3
      vertex 7.2528 67.1666 3
    endloop
  endfacet
  facet normal 0 0 1
    outer loop
      vertex 5.2472 67.1666 3
      vertex 7.2528 67.1666 3
      vertex 5.32288 67.2929 3
    endloop
  endfacet
  facet normal 0 0 1
    outer loop
      vertex 7.2528 67.1666 3
      vertex 5.2472 67.1666 3
      vertex 7.34048 67.0484 3
    endloop
  endfacet
  facet normal 0 0 1
    outer loop
      vertex 5.15952 67.0484 3
      vertex 7.34048 67.0484 3
      vertex 5.2472 67.1666 3
    endloop
  endfacet
  facet normal 0 0 1
    outer loop
      vertex 7.34048 67.0484 3
      vertex 5.15952 67.0484 3
      vertex 7.43934 66.9393 3
    endloop
  endfacet
  facet normal 0 0 1
    outer loop
      vertex 5.06066 66.9393 3
      vertex 7.43934 66.9393 3
      vertex 5.15952 67.0484 3
    endloop
  endfacet
  facet normal 0 0 1
    outer loop
      vertex 7.43934 66.9393 3
      vertex 5.06066 66.9393 3
      vertex 7.54841 66.8405 3
    endloop
  endfacet
  facet normal 0 0 1
    outer loop
      vertex 4.95159 66.8405 3
      vertex 7.54841 66.8405 3
      vertex 5.06066 66.9393 3
    endloop
  endfacet
  facet normal 0 0 1
    outer loop
      vertex 4.83335 66.7528 3
      vertex 7.54841 66.8405 3
      vertex 4.95159 66.8405 3
    endloop
  endfacet
  facet normal 0 0 1
    outer loop
      vertex 7.66664 66.7528 3
      vertex 4.83335 66.7528 3
      vertex 4.70709 66.6771 3
    endloop
  endfacet
  facet normal 0 0 1
    outer loop
      vertex 7.7929 66.6771 3
      vertex 4.70709 66.6771 3
      vertex 4.57402 66.6142 3
    endloop
  endfacet
  facet normal 0 0 1
    outer loop
      vertex 7.92597 66.6142 3
      vertex 4.57402 66.6142 3
      vertex 4.43543 66.5646 3
    endloop
  endfacet
  facet normal 0 0 1
    outer loop
      vertex 8.06457 66.5646 3
      vertex 4.43543 66.5646 3
      vertex 0 54 3
    endloop
  endfacet
  facet normal 0 0 1
    outer loop
      vertex 0 54 3
      vertex 4.43543 66.5646 3
      vertex 4.29263 66.5288 3
    endloop
  endfacet
  facet normal 0 0 1
    outer loop
      vertex 0 54 3
      vertex 4.29263 66.5288 3
      vertex 4.14703 66.5072 3
    endloop
  endfacet
  facet normal 0 0 1
    outer loop
      vertex 0 54 3
      vertex 4.14703 66.5072 3
      vertex 4 66.5 3
    endloop
  endfacet
  facet normal 0 0 1
    outer loop
      vertex 0 54 3
      vertex 4 66.5 3
      vertex 3.85297 66.5072 3
    endloop
  endfacet
  facet normal 0 0 1
    outer loop
      vertex 0 54 3
      vertex 3.85297 66.5072 3
      vertex 3.70736 66.5288 3
    endloop
  endfacet
  facet normal 0 0 1
    outer loop
      vertex 0 54 3
      vertex 3.70736 66.5288 3
      vertex 3.56457 66.5646 3
    endloop
  endfacet
  facet normal 0 0 1
    outer loop
      vertex 0 54 3
      vertex 3.56457 66.5646 3
      vertex 3.42597 66.6142 3
    endloop
  endfacet
  facet normal 0 0 1
    outer loop
      vertex 0 54 3
      vertex 3.42597 66.6142 3
      vertex 3.2929 66.6771 3
    endloop
  endfacet
  facet normal 0 0 1
    outer loop
      vertex 0 54 3
      vertex 3.2929 66.6771 3
      vertex 3.16664 66.7528 3
    endloop
  endfacet
  facet normal -0 0 1
    outer loop
      vertex 0 68 3
      vertex 2.50722 67.853 3
      vertex 2.5 68 3
    endloop
  endfacet
  facet normal 0 0 1
    outer loop
      vertex 0 68 3
      vertex 2.52882 67.7074 3
      vertex 2.50722 67.853 3
    endloop
  endfacet
  facet normal 0 0 1
    outer loop
      vertex 0 68 3
      vertex 2.56459 67.5646 3
      vertex 2.52882 67.7074 3
    endloop
  endfacet
  facet normal 0 0 1
    outer loop
      vertex 0 68 3
      vertex 2.61418 67.426 3
      vertex 2.56459 67.5646 3
    endloop
  endfacet
  facet normal 0 0 1
    outer loop
      vertex 0 68 3
      vertex 2.67712 67.2929 3
      vertex 2.61418 67.426 3
    endloop
  endfacet
  facet normal 0 0 1
    outer loop
      vertex 0 68 3
      vertex 2.7528 67.1666 3
      vertex 2.67712 67.2929 3
    endloop
  endfacet
  facet normal 0 0 1
    outer loop
      vertex 0 68 3
      vertex 2.84048 67.0484 3
      vertex 2.7528 67.1666 3
    endloop
  endfacet
  facet normal 0 0 1
    outer loop
      vertex 0 68 3
      vertex 2.93934 66.9393 3
      vertex 2.84048 67.0484 3
    endloop
  endfacet
  facet normal 0 0 1
    outer loop
      vertex 0 68 3
      vertex 3.04841 66.8405 3
      vertex 2.93934 66.9393 3
    endloop
  endfacet
  facet normal 0 0 1
    outer loop
      vertex 0 68 3
      vertex 3.16664 66.7528 3
      vertex 3.04841 66.8405 3
    endloop
  endfacet
  facet normal 0 0 1
    outer loop
      vertex 0 54 3
      vertex 3.16664 66.7528 3
      vertex 0 68 3
    endloop
  endfacet
  facet normal 0 0 1
    outer loop
      vertex 12.7074 66.5288 3
      vertex 0 54 3
      vertex 22 54 3
    endloop
  endfacet
  facet normal 0 0 -1
    outer loop
      vertex 22 54 0
      vertex 21.853 66.5072 0
      vertex 22 66.5 0
    endloop
  endfacet
  facet normal 0 0 -1
    outer loop
      vertex 22 54 0
      vertex 21.7074 66.5288 0
      vertex 21.853 66.5072 0
    endloop
  endfacet
  facet normal 0 0 -1
    outer loop
      vertex 22 54 0
      vertex 21.5646 66.5646 0
      vertex 21.7074 66.5288 0
    endloop
  endfacet
  facet normal 0 0 -1
    outer loop
      vertex 17.9354 66.5646 0
      vertex 21.5646 66.5646 0
      vertex 22 54 0
    endloop
  endfacet
  facet normal 0 0 -1
    outer loop
      vertex 21.5646 66.5646 0
      vertex 17.9354 66.5646 0
      vertex 21.426 66.6142 0
    endloop
  endfacet
  facet normal 0 -0 -1
    outer loop
      vertex 18.074 66.6142 0
      vertex 21.426 66.6142 0
      vertex 17.9354 66.5646 0
    endloop
  endfacet
  facet normal 0 0 -1
    outer loop
      vertex 21.426 66.6142 0
      vertex 18.074 66.6142 0
      vertex 21.2929 66.6771 0
    endloop
  endfacet
  facet normal 0 -0 -1
    outer loop
      vertex 18.2071 66.6771 0
      vertex 21.2929 66.6771 0
      vertex 18.074 66.6142 0
    endloop
  endfacet
  facet normal 0 -0 -1
    outer loop
      vertex 18.3334 66.7528 0
      vertex 21.1666 66.7528 0
      vertex 18.2071 66.6771 0
    endloop
  endfacet
  facet normal 0 0 -1
    outer loop
      vertex 21.1666 66.7528 0
      vertex 18.3334 66.7528 0
      vertex 21.0484 66.8405 0
    endloop
  endfacet
  facet normal 0 -0 -1
    outer loop
      vertex 18.4516 66.8405 0
      vertex 21.0484 66.8405 0
      vertex 18.3334 66.7528 0
    endloop
  endfacet
  facet normal 0 -0 -1
    outer loop
      vertex 18.5607 66.9393 0
      vertex 20.9393 66.9393 0
      vertex 18.4516 66.8405 0
    endloop
  endfacet
  facet normal 0 0 -1
    outer loop
      vertex 20.9393 66.9393 0
      vertex 18.5607 66.9393 0
      vertex 20.8405 67.0484 0
    endloop
  endfacet
  facet normal 0 0 -1
    outer loop
      vertex 20.8405 67.0484 0
      vertex 18.6595 67.0484 0
      vertex 20.7528 67.1666 0
    endloop
  endfacet
  facet normal 0 -0 -1
    outer loop
      vertex 18.7472 67.1666 0
      vertex 20.7528 67.1666 0
      vertex 18.6595 67.0484 0
    endloop
  endfacet
  facet normal 0 0 -1
    outer loop
      vertex 20.5072 67.853 0
      vertex 19 68 0
      vertex 20.5 68 0
    endloop
  endfacet
  facet normal 0 -0 -1
    outer loop
      vertex 18.8229 67.2929 0
      vertex 20.6771 67.2929 0
      vertex 18.7472 67.1666 0
    endloop
  endfacet
  facet normal 0 0 -1
    outer loop
      vertex 20.5072 67.853 0
      vertex 18.9928 67.853 0
      vertex 19 68 0
    endloop
  endfacet
  facet normal -0 0 -1
    outer loop
      vertex 20.5072 67.853 0
      vertex 18.9712 67.7074 0
      vertex 18.9928 67.853 0
    endloop
  endfacet
  facet normal 0 0 -1
    outer loop
      vertex 20.5288 67.7074 0
      vertex 18.9712 67.7074 0
      vertex 20.5072 67.853 0
    endloop
  endfacet
  facet normal 0 -0 -1
    outer loop
      vertex 18.9712 67.7074 0
      vertex 20.5288 67.7074 0
      vertex 18.9354 67.5646 0
    endloop
  endfacet
  facet normal 0 0 -1
    outer loop
      vertex 20.5646 67.5646 0
      vertex 18.9354 67.5646 0
      vertex 20.5288 67.7074 0
    endloop
  endfacet
  facet normal 0 -0 -1
    outer loop
      vertex 18.9354 67.5646 0
      vertex 20.5646 67.5646 0
      vertex 18.8858 67.426 0
    endloop
  endfacet
  facet normal 0 0 -1
    outer loop
      vertex 20.6142 67.426 0
      vertex 18.8858 67.426 0
      vertex 20.5646 67.5646 0
    endloop
  endfacet
  facet normal 0 -0 -1
    outer loop
      vertex 18.8858 67.426 0
      vertex 20.6142 67.426 0
      vertex 18.8229 67.2929 0
    endloop
  endfacet
  facet normal 0 0 -1
    outer loop
      vertex 20.6771 67.2929 0
      vertex 18.8229 67.2929 0
      vertex 20.6142 67.426 0
    endloop
  endfacet
  facet normal 0 0 -1
    outer loop
      vertex 20.7528 67.1666 0
      vertex 18.7472 67.1666 0
      vertex 20.6771 67.2929 0
    endloop
  endfacet
  facet normal 0 -0 -1
    outer loop
      vertex 18.6595 67.0484 0
      vertex 20.8405 67.0484 0
      vertex 18.5607 66.9393 0
    endloop
  endfacet
  facet normal 0 0 -1
    outer loop
      vertex 21.0484 66.8405 0
      vertex 18.4516 66.8405 0
      vertex 20.9393 66.9393 0
    endloop
  endfacet
  facet normal 0 0 -1
    outer loop
      vertex 21.2929 66.6771 0
      vertex 18.2071 66.6771 0
      vertex 21.1666 66.7528 0
    endloop
  endfacet
  facet normal 0 0 -1
    outer loop
      vertex 22 54 0
      vertex 17.7926 66.5288 0
      vertex 17.9354 66.5646 0
    endloop
  endfacet
  facet normal 0 0 -1
    outer loop
      vertex 22 54 0
      vertex 17.647 66.5072 0
      vertex 17.7926 66.5288 0
    endloop
  endfacet
  facet normal 0 0 -1
    outer loop
      vertex 22 54 0
      vertex 17.5 66.5 0
      vertex 17.647 66.5072 0
    endloop
  endfacet
  facet normal 0 0 -1
    outer loop
      vertex 22 54 0
      vertex 17.353 66.5072 0
      vertex 17.5 66.5 0
    endloop
  endfacet
  facet normal 0 0 -1
    outer loop
      vertex 22 54 0
      vertex 17.2074 66.5288 0
      vertex 17.353 66.5072 0
    endloop
  endfacet
  facet normal 0 0 -1
    outer loop
      vertex 13.2926 66.5288 0
      vertex 17.2074 66.5288 0
      vertex 22 54 0
    endloop
  endfacet
  facet normal 0 0 -1
    outer loop
      vertex 17.2074 66.5288 0
      vertex 13.2926 66.5288 0
      vertex 17.0646 66.5646 0
    endloop
  endfacet
  facet normal 0 0 -1
    outer loop
      vertex 17.0646 66.5646 0
      vertex 13.4354 66.5646 0
      vertex 16.926 66.6142 0
    endloop
  endfacet
  facet normal 0 -0 -1
    outer loop
      vertex 13.574 66.6142 0
      vertex 16.926 66.6142 0
      vertex 13.4354 66.5646 0
    endloop
  endfacet
  facet normal 0 0 -1
    outer loop
      vertex 16.926 66.6142 0
      vertex 13.574 66.6142 0
      vertex 16.7929 66.6771 0
    endloop
  endfacet
  facet normal 0 -0 -1
    outer loop
      vertex 13.7071 66.6771 0
      vertex 16.7929 66.6771 0
      vertex 13.574 66.6142 0
    endloop
  endfacet
  facet normal 0 0 -1
    outer loop
      vertex 16.7929 66.6771 0
      vertex 13.7071 66.6771 0
      vertex 16.6666 66.7528 0
    endloop
  endfacet
  facet normal 0 0 -1
    outer loop
      vertex 16.6666 66.7528 0
      vertex 13.8334 66.7528 0
      vertex 16.5484 66.8405 0
    endloop
  endfacet
  facet normal 0 -0 -1
    outer loop
      vertex 13.9516 66.8405 0
      vertex 16.5484 66.8405 0
      vertex 13.8334 66.7528 0
    endloop
  endfacet
  facet normal 0 0 -1
    outer loop
      vertex 16.5484 66.8405 0
      vertex 13.9516 66.8405 0
      vertex 16.4393 66.9393 0
    endloop
  endfacet
  facet normal 0 0 -1
    outer loop
      vertex 16.0072 67.853 0
      vertex 14.5 68 0
      vertex 16 68 0
    endloop
  endfacet
  facet normal 0 0 -1
    outer loop
      vertex 14.4928 67.853 0
      vertex 16.0072 67.853 0
      vertex 16.0288 67.7074 0
    endloop
  endfacet
  facet normal 0 0 -1
    outer loop
      vertex 14.4712 67.7074 0
      vertex 16.0288 67.7074 0
      vertex 16.0646 67.5646 0
    endloop
  endfacet
  facet normal 0 0 -1
    outer loop
      vertex 14.4354 67.5646 0
      vertex 16.0646 67.5646 0
      vertex 16.1142 67.426 0
    endloop
  endfacet
  facet normal 0 0 -1
    outer loop
      vertex 16.4393 66.9393 0
      vertex 14.0607 66.9393 0
      vertex 16.3405 67.0484 0
    endloop
  endfacet
  facet normal 0 0 -1
    outer loop
      vertex 16.0072 67.853 0
      vertex 14.4928 67.853 0
      vertex 14.5 68 0
    endloop
  endfacet
  facet normal 0 0 -1
    outer loop
      vertex 16.0288 67.7074 0
      vertex 14.4712 67.7074 0
      vertex 14.4928 67.853 0
    endloop
  endfacet
  facet normal 0 0 -1
    outer loop
      vertex 16.0646 67.5646 0
      vertex 14.4354 67.5646 0
      vertex 14.4712 67.7074 0
    endloop
  endfacet
  facet normal 0 0 -1
    outer loop
      vertex 16.1142 67.426 0
      vertex 14.3858 67.426 0
      vertex 14.4354 67.5646 0
    endloop
  endfacet
  facet normal -0 0 -1
    outer loop
      vertex 16.1142 67.426 0
      vertex 14.3229 67.2929 0
      vertex 14.3858 67.426 0
    endloop
  endfacet
  facet normal 0 0 -1
    outer loop
      vertex 16.1771 67.2929 0
      vertex 14.3229 67.2929 0
      vertex 16.1142 67.426 0
    endloop
  endfacet
  facet normal 0 -0 -1
    outer loop
      vertex 14.3229 67.2929 0
      vertex 16.1771 67.2929 0
      vertex 14.2472 67.1666 0
    endloop
  endfacet
  facet normal 0 0 -1
    outer loop
      vertex 16.2528 67.1666 0
      vertex 14.2472 67.1666 0
      vertex 16.1771 67.2929 0
    endloop
  endfacet
  facet normal 0 -0 -1
    outer loop
      vertex 14.2472 67.1666 0
      vertex 16.2528 67.1666 0
      vertex 14.1595 67.0484 0
    endloop
  endfacet
  facet normal 0 0 -1
    outer loop
      vertex 16.3405 67.0484 0
      vertex 14.1595 67.0484 0
      vertex 16.2528 67.1666 0
    endloop
  endfacet
  facet normal 0 -0 -1
    outer loop
      vertex 14.1595 67.0484 0
      vertex 16.3405 67.0484 0
      vertex 14.0607 66.9393 0
    endloop
  endfacet
  facet normal 0 -0 -1
    outer loop
      vertex 14.0607 66.9393 0
      vertex 16.4393 66.9393 0
      vertex 13.9516 66.8405 0
    endloop
  endfacet
  facet normal 0 -0 -1
    outer loop
      vertex 13.8334 66.7528 0
      vertex 16.6666 66.7528 0
      vertex 13.7071 66.6771 0
    endloop
  endfacet
  facet normal -0 0 -1
    outer loop
      vertex 17.0646 66.5646 0
      vertex 13.2926 66.5288 0
      vertex 13.4354 66.5646 0
    endloop
  endfacet
  facet normal 0 0 -1
    outer loop
      vertex 22 54 0
      vertex 13.147 66.5072 0
      vertex 13.2926 66.5288 0
    endloop
  endfacet
  facet normal 0 0 -1
    outer loop
      vertex 22 54 0
      vertex 13 66.5 0
      vertex 13.147 66.5072 0
    endloop
  endfacet
  facet normal 0 0 -1
    outer loop
      vertex 22 54 0
      vertex 12.853 66.5072 0
      vertex 13 66.5 0
    endloop
  endfacet
  facet normal 0 0 -1
    outer loop
      vertex 22 54 0
      vertex 12.7074 66.5288 0
      vertex 12.853 66.5072 0
    endloop
  endfacet
  facet normal 0 0 -1
    outer loop
      vertex 0 54 0
      vertex 12.7074 66.5288 0
      vertex 22 54 0
    endloop
  endfacet
  facet normal 0 -0 -1
    outer loop
      vertex 8.79263 66.5288 0
      vertex 12.7074 66.5288 0
      vertex 0 54 0
    endloop
  endfacet
  facet normal 0 0 -1
    outer loop
      vertex 12.7074 66.5288 0
      vertex 8.79263 66.5288 0
      vertex 12.5646 66.5646 0
    endloop
  endfacet
  facet normal 0 0 -1
    outer loop
      vertex 12.5646 66.5646 0
      vertex 8.93543 66.5646 0
      vertex 12.426 66.6142 0
    endloop
  endfacet
  facet normal 0 -0 -1
    outer loop
      vertex 9.07402 66.6142 0
      vertex 12.426 66.6142 0
      vertex 8.93543 66.5646 0
    endloop
  endfacet
  facet normal 0 -0 -1
    outer loop
      vertex 9.20709 66.6771 0
      vertex 12.2929 66.6771 0
      vertex 9.07402 66.6142 0
    endloop
  endfacet
  facet normal 0 0 -1
    outer loop
      vertex 12.2929 66.6771 0
      vertex 9.20709 66.6771 0
      vertex 12.1666 66.7528 0
    endloop
  endfacet
  facet normal 0 0 -1
    outer loop
      vertex 11.5072 67.853 0
      vertex 10 68 0
      vertex 11.5 68 0
    endloop
  endfacet
  facet normal 0 0 -1
    outer loop
      vertex 9.99278 67.853 0
      vertex 11.5072 67.853 0
      vertex 11.5288 67.7074 0
    endloop
  endfacet
  facet normal 0 0 -1
    outer loop
      vertex 9.97118 67.7074 0
      vertex 11.5288 67.7074 0
      vertex 11.5646 67.5646 0
    endloop
  endfacet
  facet normal 0 0 -1
    outer loop
      vertex 9.93541 67.5646 0
      vertex 11.5646 67.5646 0
      vertex 11.6142 67.426 0
    endloop
  endfacet
  facet normal 0 0 -1
    outer loop
      vertex 9.88582 67.426 0
      vertex 11.6142 67.426 0
      vertex 11.6771 67.2929 0
    endloop
  endfacet
  facet normal 0 0 -1
    outer loop
      vertex 9.82288 67.2929 0
      vertex 11.6771 67.2929 0
      vertex 11.7528 67.1666 0
    endloop
  endfacet
  facet normal 0 0 -1
    outer loop
      vertex 9.7472 67.1666 0
      vertex 11.7528 67.1666 0
      vertex 11.8405 67.0484 0
    endloop
  endfacet
  facet normal 0 -0 -1
    outer loop
      vertex 9.33335 66.7528 0
      vertex 12.1666 66.7528 0
      vertex 9.20709 66.6771 0
    endloop
  endfacet
  facet normal 0 0 -1
    outer loop
      vertex 11.5072 67.853 0
      vertex 9.99278 67.853 0
      vertex 10 68 0
    endloop
  endfacet
  facet normal 0 0 -1
    outer loop
      vertex 11.5288 67.7074 0
      vertex 9.97118 67.7074 0
      vertex 9.99278 67.853 0
    endloop
  endfacet
  facet normal 0 0 -1
    outer loop
      vertex 11.5646 67.5646 0
      vertex 9.93541 67.5646 0
      vertex 9.97118 67.7074 0
    endloop
  endfacet
  facet normal 0 0 -1
    outer loop
      vertex 11.6142 67.426 0
      vertex 9.88582 67.426 0
      vertex 9.93541 67.5646 0
    endloop
  endfacet
  facet normal 0 0 -1
    outer loop
      vertex 11.6771 67.2929 0
      vertex 9.82288 67.2929 0
      vertex 9.88582 67.426 0
    endloop
  endfacet
  facet normal 0 0 -1
    outer loop
      vertex 11.7528 67.1666 0
      vertex 9.7472 67.1666 0
      vertex 9.82288 67.2929 0
    endloop
  endfacet
  facet normal 0 0 -1
    outer loop
      vertex 11.8405 67.0484 0
      vertex 9.65952 67.0484 0
      vertex 9.7472 67.1666 0
    endloop
  endfacet
  facet normal -0 0 -1
    outer loop
      vertex 11.8405 67.0484 0
      vertex 9.56066 66.9393 0
      vertex 9.65952 67.0484 0
    endloop
  endfacet
  facet normal 0 0 -1
    outer loop
      vertex 11.9393 66.9393 0
      vertex 9.56066 66.9393 0
      vertex 11.8405 67.0484 0
    endloop
  endfacet
  facet normal 0 -0 -1
    outer loop
      vertex 9.56066 66.9393 0
      vertex 11.9393 66.9393 0
      vertex 9.45159 66.8405 0
    endloop
  endfacet
  facet normal 0 0 -1
    outer loop
      vertex 12.0484 66.8405 0
      vertex 9.45159 66.8405 0
      vertex 11.9393 66.9393 0
    endloop
  endfacet
  facet normal 0 -0 -1
    outer loop
      vertex 9.45159 66.8405 0
      vertex 12.0484 66.8405 0
      vertex 9.33335 66.7528 0
    endloop
  endfacet
  facet normal 0 0 -1
    outer loop
      vertex 12.1666 66.7528 0
      vertex 9.33335 66.7528 0
      vertex 12.0484 66.8405 0
    endloop
  endfacet
  facet normal 0 0 -1
    outer loop
      vertex 12.426 66.6142 0
      vertex 9.07402 66.6142 0
      vertex 12.2929 66.6771 0
    endloop
  endfacet
  facet normal 0 -0 -1
    outer loop
      vertex 8.93543 66.5646 0
      vertex 12.5646 66.5646 0
      vertex 8.79263 66.5288 0
    endloop
  endfacet
  facet normal 0 0 -1
    outer loop
      vertex 8.79263 66.5288 0
      vertex 0 54 0
      vertex 8.64703 66.5072 0
    endloop
  endfacet
  facet normal 0 0 -1
    outer loop
      vertex 8.64703 66.5072 0
      vertex 0 54 0
      vertex 8.5 66.5 0
    endloop
  endfacet
  facet normal -0 0 -1
    outer loop
      vertex 8.5 66.5 0
      vertex 0 54 0
      vertex 8.35297 66.5072 0
    endloop
  endfacet
  facet normal -0 0 -1
    outer loop
      vertex 8.35297 66.5072 0
      vertex 0 54 0
      vertex 8.20736 66.5288 0
    endloop
  endfacet
  facet normal -0 0 -1
    outer loop
      vertex 8.20736 66.5288 0
      vertex 0 54 0
      vertex 8.06457 66.5646 0
    endloop
  endfacet
  facet normal 0 -0 -1
    outer loop
      vertex 4.43543 66.5646 0
      vertex 8.06457 66.5646 0
      vertex 0 54 0
    endloop
  endfacet
  facet normal 0 0 -1
    outer loop
      vertex 8.06457 66.5646 0
      vertex 4.43543 66.5646 0
      vertex 7.92597 66.6142 0
    endloop
  endfacet
  facet normal 0 -0 -1
    outer loop
      vertex 4.57402 66.6142 0
      vertex 7.92597 66.6142 0
      vertex 4.43543 66.5646 0
    endloop
  endfacet
  facet normal 0 0 -1
    outer loop
      vertex 7.00722 67.853 0
      vertex 5.5 68 0
      vertex 7 68 0
    endloop
  endfacet
  facet normal 0 0 -1
    outer loop
      vertex 5.49278 67.853 0
      vertex 7.00722 67.853 0
      vertex 7.02882 67.7074 0
    endloop
  endfacet
  facet normal 0 0 -1
    outer loop
      vertex 5.47118 67.7074 0
      vertex 7.02882 67.7074 0
      vertex 7.06459 67.5646 0
    endloop
  endfacet
  facet normal 0 0 -1
    outer loop
      vertex 5.43541 67.5646 0
      vertex 7.06459 67.5646 0
      vertex 7.11418 67.426 0
    endloop
  endfacet
  facet normal 0 0 -1
    outer loop
      vertex 5.38582 67.426 0
      vertex 7.11418 67.426 0
      vertex 7.17712 67.2929 0
    endloop
  endfacet
  facet normal 0 0 -1
    outer loop
      vertex 5.32288 67.2929 0
      vertex 7.17712 67.2929 0
      vertex 7.2528 67.1666 0
    endloop
  endfacet
  facet normal 0 0 -1
    outer loop
      vertex 5.2472 67.1666 0
      vertex 7.2528 67.1666 0
      vertex 7.34048 67.0484 0
    endloop
  endfacet
  facet normal 0 0 -1
    outer loop
      vertex 5.15952 67.0484 0
      vertex 7.34048 67.0484 0
      vertex 7.43934 66.9393 0
    endloop
  endfacet
  facet normal 0 0 -1
    outer loop
      vertex 5.06066 66.9393 0
      vertex 7.43934 66.9393 0
      vertex 7.54841 66.8405 0
    endloop
  endfacet
  facet normal 0 0 -1
    outer loop
      vertex 7.92597 66.6142 0
      vertex 4.57402 66.6142 0
      vertex 7.7929 66.6771 0
    endloop
  endfacet
  facet normal 0 0 -1
    outer loop
      vertex 7.00722 67.853 0
      vertex 5.49278 67.853 0
      vertex 5.5 68 0
    endloop
  endfacet
  facet normal 0 0 -1
    outer loop
      vertex 7.02882 67.7074 0
      vertex 5.47118 67.7074 0
      vertex 5.49278 67.853 0
    endloop
  endfacet
  facet normal 0 0 -1
    outer loop
      vertex 7.06459 67.5646 0
      vertex 5.43541 67.5646 0
      vertex 5.47118 67.7074 0
    endloop
  endfacet
  facet normal 0 0 -1
    outer loop
      vertex 7.11418 67.426 0
      vertex 5.38582 67.426 0
      vertex 5.43541 67.5646 0
    endloop
  endfacet
  facet normal 0 0 -1
    outer loop
      vertex 7.17712 67.2929 0
      vertex 5.32288 67.2929 0
      vertex 5.38582 67.426 0
    endloop
  endfacet
  facet normal 0 0 -1
    outer loop
      vertex 7.2528 67.1666 0
      vertex 5.2472 67.1666 0
      vertex 5.32288 67.2929 0
    endloop
  endfacet
  facet normal 0 0 -1
    outer loop
      vertex 7.34048 67.0484 0
      vertex 5.15952 67.0484 0
      vertex 5.2472 67.1666 0
    endloop
  endfacet
  facet normal 0 0 -1
    outer loop
      vertex 7.43934 66.9393 0
      vertex 5.06066 66.9393 0
      vertex 5.15952 67.0484 0
    endloop
  endfacet
  facet normal 0 0 -1
    outer loop
      vertex 7.54841 66.8405 0
      vertex 4.95159 66.8405 0
      vertex 5.06066 66.9393 0
    endloop
  endfacet
  facet normal -0 0 -1
    outer loop
      vertex 7.54841 66.8405 0
      vertex 4.83335 66.7528 0
      vertex 4.95159 66.8405 0
    endloop
  endfacet
  facet normal 0 -0 -1
    outer loop
      vertex 4.70709 66.6771 0
      vertex 7.7929 66.6771 0
      vertex 4.57402 66.6142 0
    endloop
  endfacet
  facet normal 0 0 -1
    outer loop
      vertex 7.66664 66.7528 0
      vertex 4.83335 66.7528 0
      vertex 7.54841 66.8405 0
    endloop
  endfacet
  facet normal 0 -0 -1
    outer loop
      vertex 4.83335 66.7528 0
      vertex 7.66664 66.7528 0
      vertex 4.70709 66.6771 0
    endloop
  endfacet
  facet normal 0 0 -1
    outer loop
      vertex 7.7929 66.6771 0
      vertex 4.70709 66.6771 0
      vertex 7.66664 66.7528 0
    endloop
  endfacet
  facet normal 0 0 -1
    outer loop
      vertex 4.43543 66.5646 0
      vertex 0 54 0
      vertex 4.29263 66.5288 0
    endloop
  endfacet
  facet normal 0 0 -1
    outer loop
      vertex 4.29263 66.5288 0
      vertex 0 54 0
      vertex 4.14703 66.5072 0
    endloop
  endfacet
  facet normal 0 0 -1
    outer loop
      vertex 4.14703 66.5072 0
      vertex 0 54 0
      vertex 4 66.5 0
    endloop
  endfacet
  facet normal -0 0 -1
    outer loop
      vertex 4 66.5 0
      vertex 0 54 0
      vertex 3.85297 66.5072 0
    endloop
  endfacet
  facet normal -0 0 -1
    outer loop
      vertex 3.85297 66.5072 0
      vertex 0 54 0
      vertex 3.70736 66.5288 0
    endloop
  endfacet
  facet normal -0 0 -1
    outer loop
      vertex 3.70736 66.5288 0
      vertex 0 54 0
      vertex 3.56457 66.5646 0
    endloop
  endfacet
  facet normal -0 0 -1
    outer loop
      vertex 3.56457 66.5646 0
      vertex 0 54 0
      vertex 3.42597 66.6142 0
    endloop
  endfacet
  facet normal -0 0 -1
    outer loop
      vertex 3.42597 66.6142 0
      vertex 0 54 0
      vertex 3.2929 66.6771 0
    endloop
  endfacet
  facet normal -0 0 -1
    outer loop
      vertex 3.2929 66.6771 0
      vertex 0 54 0
      vertex 3.16664 66.7528 0
    endloop
  endfacet
  facet normal 0 0 -1
    outer loop
      vertex 0 68 0
      vertex 3.16664 66.7528 0
      vertex 0 54 0
    endloop
  endfacet
  facet normal 0 0 -1
    outer loop
      vertex 3.16664 66.7528 0
      vertex 0 68 0
      vertex 3.04841 66.8405 0
    endloop
  endfacet
  facet normal 0 0 -1
    outer loop
      vertex 3.04841 66.8405 0
      vertex 0 68 0
      vertex 2.93934 66.9393 0
    endloop
  endfacet
  facet normal 0 0 -1
    outer loop
      vertex 2.93934 66.9393 0
      vertex 0 68 0
      vertex 2.84048 67.0484 0
    endloop
  endfacet
  facet normal 0 0 -1
    outer loop
      vertex 2.84048 67.0484 0
      vertex 0 68 0
      vertex 2.7528 67.1666 0
    endloop
  endfacet
  facet normal 0 0 -1
    outer loop
      vertex 2.7528 67.1666 0
      vertex 0 68 0
      vertex 2.67712 67.2929 0
    endloop
  endfacet
  facet normal 0 0 -1
    outer loop
      vertex 2.67712 67.2929 0
      vertex 0 68 0
      vertex 2.61418 67.426 0
    endloop
  endfacet
  facet normal 0 0 -1
    outer loop
      vertex 2.61418 67.426 0
      vertex 0 68 0
      vertex 2.56459 67.5646 0
    endloop
  endfacet
  facet normal 0 0 -1
    outer loop
      vertex 2.56459 67.5646 0
      vertex 0 68 0
      vertex 2.52882 67.7074 0
    endloop
  endfacet
  facet normal 0 0 -1
    outer loop
      vertex 2.52882 67.7074 0
      vertex 0 68 0
      vertex 2.50722 67.853 0
    endloop
  endfacet
  facet normal 0 0 -1
    outer loop
      vertex 2.50722 67.853 0
      vertex 0 68 0
      vertex 2.5 68 0
    endloop
  endfacet
  facet normal -1 0 0
    outer loop
      vertex 0 54 0
      vertex 0 68 3
      vertex 0 68 0
    endloop
  endfacet
  facet normal -1 -0 0
    outer loop
      vertex 0 68 3
      vertex 0 54 0
      vertex 0 54 3
    endloop
  endfacet
  facet normal 0 1 -0
    outer loop
      vertex 2.5 68 0
      vertex 0 68 3
      vertex 2.5 68 3
    endloop
  endfacet
  facet normal 0 1 0
    outer loop
      vertex 0 68 3
      vertex 2.5 68 0
      vertex 0 68 0
    endloop
  endfacet
  facet normal 0 1 -0
    outer loop
      vertex 7 68 0
      vertex 5.5 68 3
      vertex 7 68 3
    endloop
  endfacet
  facet normal 0 1 0
    outer loop
      vertex 5.5 68 3
      vertex 7 68 0
      vertex 5.5 68 0
    endloop
  endfacet
  facet normal 0 1 -0
    outer loop
      vertex 11.5 68 0
      vertex 10 68 3
      vertex 11.5 68 3
    endloop
  endfacet
  facet normal 0 1 0
    outer loop
      vertex 10 68 3
      vertex 11.5 68 0
      vertex 10 68 0
    endloop
  endfacet
  facet normal 0 1 -0
    outer loop
      vertex 16 68 0
      vertex 14.5 68 3
      vertex 16 68 3
    endloop
  endfacet
  facet normal 0 1 0
    outer loop
      vertex 14.5 68 3
      vertex 16 68 0
      vertex 14.5 68 0
    endloop
  endfacet
  facet normal 0 1 -0
    outer loop
      vertex 20.5 68 0
      vertex 19 68 3
      vertex 20.5 68 3
    endloop
  endfacet
  facet normal 0 1 0
    outer loop
      vertex 19 68 3
      vertex 20.5 68 0
      vertex 19 68 0
    endloop
  endfacet
  facet normal 0 -1 0
    outer loop
      vertex 0 54 0
      vertex 22 54 3
      vertex 0 54 3
    endloop
  endfacet
  facet normal 0 -1 -0
    outer loop
      vertex 22 54 3
      vertex 0 54 0
      vertex 22 54 0
    endloop
  endfacet
endsolid OpenSCAD_Model
