t_wall,target,rtt_ms
1787859473.204,gateway,9
1787859473.229,dns,72
1787859473.316,riot,24
1787859474.206,gateway,2
1787859474.222,dns,17
1787859474.252,riot,12
1787859475.207,gateway,1
1787859475.220,dns,15
1787859475.248,riot,11
1787859476.209,gateway,1
1787859476.223,dns,15
1787859476.252,riot,11
1787859477.210,gateway,2
1787859477.226,dns,14
1787859477.252,riot,12
1787859478.212,gateway,2
1787859478.227,dns,15
1787859478.256,riot,14
1787859479.213,gateway,1
1787859479.227,dns,17
1787859479.257,riot,12
1787859480.213,gateway,1
1787859480.227,dns,13
1787859480.252,riot,11
1787859481.214,gateway,1
1787859481.228,dns,14
1787859481.255,riot,12
1787859482.215,gateway,1
1787859482.227,dns,14
1787859482.256,riot,12
1787859483.216,gateway,1
1787859483.230,dns,14
1787859483.258,riot,11
1787859484.217,gateway,2
1787859484.233,dns,15
1787859484.260,riot,12
1787859485.217,gateway,4
1787859485.234,dns,13
1787859485.261,riot,13
1787859486.218,gateway,3
1787859486.233,dns,15
1787859486.261,riot,12
1787859487.218,gateway,1
1787859487.232,dns,16
1787859487.261,riot,13
1787859488.220,gateway,1
1787859488.234,dns,14
1787859488.261,riot,11
1787859489.221,gateway,4
1787859489.238,dns,16
1787859489.267,riot,14
1787859490.223,gateway,1
1787859490.236,dns,14
1787859490.263,riot,11
1787859491.224,gateway,1
1787859491.238,dns,14
1787859491.266,riot,11
1787859492.225,gateway,1
1787859492.237,dns,17
1787859492.269,riot,10
1787859493.225,gateway,1
1787859493.240,dns,14
1787859493.266,riot,12
1787859494.226,gateway,2
1787859494.241,dns,13
1787859494.267,riot,8
1787859495.226,gateway,1
1787859495.238,dns,14
1787859495.262,riot,12
1787859496.228,gateway,1
1787859496.242,dns,14
1787859496.274,riot,11
1787859497.229,gateway,1
1787859497.240,dns,13
1787859497.267,riot,14
1787859498.230,gateway,1
1787859498.243,dns,13
1787859498.269,riot,13
1787859499.232,gateway,1
1787859499.244,dns,15
1787859499.271,riot,12
1787859500.233,gateway,1
1787859500.245,dns,17
1787859500.274,riot,12
1787859501.234,gateway,1
1787859501.245,dns,14
1787859501.270,riot,12
1787859502.234,gateway,1
1787859502.244,dns,13
1787859502.268,riot,11
1787859503.235,gateway,1
1787859503.250,dns,13
1787859503.274,riot,13
1787859504.237,gateway,1
1787859504.247,dns,14
1787859504.273,riot,12
1787859505.237,gateway,4
1787859505.257,dns,14
1787859505.282,riot,20
1787859506.239,gateway,1
1787859506.252,dns,14
1787859506.279,riot,11
1787859507.239,gateway,5
1787859507.254,dns,15
1787859507.281,riot,12
1787859508.240,gateway,1
1787859508.256,dns,13
1787859508.282,riot,11
1787859509.241,gateway,2
1787859509.255,dns,14
1787859509.282,riot,12
1787859510.242,gateway,1
1787859510.256,dns,14
1787859510.282,riot,13
1787859511.243,gateway,1
1787859511.257,dns,13
1787859511.282,riot,11
1787859512.244,gateway,1
1787859512.256,dns,15
1787859512.285,riot,11
1787859513.244,gateway,1
1787859513.258,dns,14
1787859513.285,riot,12
1787859514.246,gateway,1
1787859514.258,dns,15
1787859514.286,riot,11
1787859515.247,gateway,1
1787859515.259,dns,14
1787859515.286,riot,14
1787859516.248,gateway,1
1787859516.260,dns,15
1787859516.289,riot,12
1787859517.249,gateway,1
1787859517.262,dns,13
1787859517.288,riot,12
1787859518.250,gateway,1
1787859518.263,dns,14
1787859518.290,riot,11
1787859519.251,gateway,2
1787859519.265,dns,13
1787859519.293,riot,12
1787859520.252,gateway,1
1787859520.265,dns,14
1787859520.292,riot,11
1787859521.253,gateway,1
1787859521.267,dns,13
1787859521.292,riot,11
1787859522.253,gateway,1
1787859522.267,dns,13
1787859522.294,riot,14
1787859523.255,gateway,1
1787859523.267,dns,10
1787859523.290,riot,11
1787859524.255,gateway,1
1787859524.268,dns,14
1787859524.293,riot,13
1787859525.256,gateway,1
1787859525.266,dns,17
1787859525.295,riot,12
1787859526.257,gateway,1
1787859526.270,dns,13
1787859526.296,riot,11
1787859527.258,gateway,1
1787859527.272,dns,13
1787859527.298,riot,11
1787859528.259,gateway,1
1787859528.273,dns,16
1787859528.302,riot,12
1787859529.261,gateway,1
1787859529.275,dns,13
1787859529.300,riot,12
1787859530.262,gateway,2
1787859530.276,dns,13
1787859530.303,riot,11
1787859531.263,gateway,1
1787859531.275,dns,14
1787859531.302,riot,12
1787859532.265,gateway,1
1787859532.278,dns,13
1787859532.304,riot,12
1787859533.266,gateway,1
1787859533.280,dns,14
1787859533.306,riot,13
1787859534.267,gateway,1
1787859534.281,dns,13
1787859534.306,riot,9
1787859535.268,gateway,1
1787859535.280,dns,13
1787859535.306,riot,11
1787859536.269,gateway,1
1787859536.282,dns,14
1787859536.307,riot,13
1787859537.271,gateway,1
1787859537.284,dns,13
1787859537.310,riot,12
1787859538.272,gateway,1
1787859538.284,dns,21
1787859538.318,riot,27
1787859539.272,gateway,1
1787859539.283,dns,14
1787859539.309,riot,12
1787859540.274,gateway,1
1787859540.286,dns,14
1787859540.313,riot,11
1787859541.276,gateway,1
1787859541.291,dns,14
1787859541.315,riot,13
1787859542.276,gateway,1
1787859542.299,dns,14
1787859542.324,riot,12
1787859543.276,gateway,1
1787859543.301,dns,13
1787859543.326,riot,12
1787859544.278,gateway,1
1787859544.295,dns,14
1787859544.324,riot,13
1787859545.280,gateway,1
1787859545.302,dns,13
1787859545.327,riot,12
1787859546.281,gateway,1
1787859546.304,dns,14
1787859546.330,riot,16
1787859547.281,gateway,1
1787859547.300,dns,14
1787859547.324,riot,14
1787859548.282,gateway,1
1787859548.295,dns,13
1787859548.317,riot,12
1787859549.284,gateway,1
1787859549.298,dns,15
1787859549.322,riot,12
1787859550.284,gateway,2
1787859550.298,dns,15
1787859550.325,riot,14
1787859551.285,gateway,1
1787859551.298,dns,14
1787859551.323,riot,13
1787859552.286,gateway,1
1787859552.299,dns,13
1787859552.326,riot,12
1787859553.287,gateway,4
1787859553.304,dns,14
1787859553.331,riot,12
1787859554.288,gateway,1
1787859554.302,dns,13
1787859554.327,riot,12
1787859555.289,gateway,1
1787859555.303,dns,14
1787859555.329,riot,13
1787859556.290,gateway,1
1787859556.303,dns,14
1787859556.330,riot,13
1787859557.292,gateway,1
1787859557.305,dns,18
1787859557.336,riot,12
1787859558.293,gateway,1
1787859558.306,dns,13
1787859558.331,riot,15
1787859559.295,gateway,1
1787859559.308,dns,16
1787859559.336,riot,12
1787859560.295,gateway,1
1787859560.309,dns,13
1787859560.336,riot,12
1787859561.297,gateway,1
1787859561.309,dns,13
1787859561.335,riot,12
1787859562.299,gateway,1
1787859562.311,dns,13
1787859562.337,riot,12
1787859563.300,gateway,1
1787859563.313,dns,14
1787859563.340,riot,10
1787859564.302,gateway,1
1787859564.315,dns,11
1787859564.338,riot,12
1787859565.303,gateway,1
1787859565.316,dns,14
1787859565.343,riot,12
1787859566.304,gateway,1
1787859566.317,dns,14
1787859566.343,riot,11
1787859567.304,gateway,1
1787859567.316,dns,15
1787859567.344,riot,12
1787859568.305,gateway,1
1787859568.320,dns,14
1787859568.345,riot,12
1787859569.307,gateway,1
1787859569.320,dns,14
1787859569.346,riot,11
1787859570.308,gateway,1
1787859570.320,dns,13
1787859570.343,riot,11
1787859571.309,gateway,1
1787859571.318,dns,14
1787859571.343,riot,12
1787859572.309,gateway,1
1787859572.324,dns,14
1787859572.348,riot,12
1787859573.311,gateway,1
1787859573.329,dns,14
1787859573.353,riot,12
1787859574.312,gateway,1
1787859574.337,dns,14
1787859574.361,riot,11
1787859575.312,gateway,1
1787859575.326,dns,15
1787859575.352,riot,13
1787859576.313,gateway,1
1787859576.325,dns,14
1787859576.349,riot,12
1787859577.314,gateway,1
1787859577.326,dns,16
1787859577.357,riot,12
1787859578.315,gateway,1
1787859578.328,dns,14
1787859578.356,riot,12
1787859579.316,gateway,1
1787859579.329,dns,14
1787859579.357,riot,13
1787859580.316,gateway,1
1787859580.328,dns,14
1787859580.354,riot,12
1787859581.316,gateway,1
1787859581.326,dns,14
1787859581.354,riot,11
1787859582.317,gateway,7
1787859582.335,dns,11
1787859582.355,riot,10
1787859583.318,gateway,11
1787859583.341,dns,15
1787859583.369,riot,12
1787859584.318,gateway,1
1787859584.330,dns,19
1787859584.363,riot,13
1787859585.319,gateway,1
1787859585.334,dns,16
1787859585.362,riot,11
1787859586.320,gateway,1
1787859586.333,dns,20
1787859586.366,riot,13
1787859587.320,gateway,1
1787859587.334,dns,15
1787859587.362,riot,13
1787859588.321,gateway,1
1787859588.335,dns,15
1787859588.363,riot,14
1787859589.323,gateway,1
1787859589.336,dns,13
1787859589.362,riot,12
1787859590.324,gateway,1
1787859590.339,dns,14
1787859590.366,riot,15
1787859591.325,gateway,1
1787859591.337,dns,15
1787859591.365,riot,12
1787859592.326,gateway,1
1787859592.355,dns,14
1787859592.381,riot,15
1787859593.326,gateway,1
1787859593.337,dns,14
1787859593.364,riot,11
1787859594.326,gateway,1
1787859594.340,dns,14
1787859594.367,riot,13
1787859595.327,gateway,5
1787859595.345,dns,14
1787859595.373,riot,11
1787859596.328,gateway,1
1787859596.342,dns,14
1787859596.369,riot,12
1787859597.329,gateway,1
1787859597.343,dns,14
1787859597.369,riot,12
1787859598.331,gateway,1
1787859598.344,dns,14
1787859598.370,riot,11
1787859599.332,gateway,1
1787859599.345,dns,15
1787859599.373,riot,10
1787859600.334,gateway,2
1787859600.348,dns,14
1787859600.375,riot,12
1787859601.334,gateway,1
1787859601.347,dns,15
1787859601.374,riot,12
1787859602.336,gateway,1
1787859602.349,dns,14
1787859602.377,riot,15
1787859603.337,gateway,1
1787859603.350,dns,15
1787859603.377,riot,12
1787859604.337,gateway,1
1787859604.350,dns,14
1787859604.377,riot,12
1787859605.338,gateway,1
1787859605.352,dns,15
1787859605.379,riot,12
1787859606.339,gateway,1
1787859606.353,dns,13
1787859606.379,riot,13
1787859607.340,gateway,1
1787859607.353,dns,13
1787859607.378,riot,13
1787859608.341,gateway,1
1787859608.354,dns,14
1787859608.381,riot,12
1787859609.342,gateway,1
1787859609.354,dns,14
1787859609.382,riot,12
1787859610.343,gateway,1
1787859610.354,dns,14
1787859610.378,riot,12
1787859611.344,gateway,1
1787859611.355,dns,14
1787859611.379,riot,12
1787859612.345,gateway,1
1787859612.358,dns,13
1787859612.383,riot,12
1787859613.346,gateway,1
1787859613.361,dns,14
1787859613.386,riot,12
1787859614.348,gateway,1
1787859614.365,dns,14
1787859614.388,riot,12
1787859615.349,gateway,1
1787859615.360,dns,14
1787859615.385,riot,12
1787859616.351,gateway,2
1787859616.364,dns,11
1787859616.386,riot,24
1787859617.352,gateway,1
1787859617.365,dns,46
1787859617.425,riot,49
1787859618.353,gateway,1
1787859618.370,dns,32
1787859618.412,riot,13
1787859619.354,gateway,1
1787859619.367,dns,13
1787859619.391,riot,11
1787859620.356,gateway,1
1787859620.369,dns,14
1787859620.394,riot,11
1787859621.357,gateway,1
1787859621.370,dns,13
1787859621.395,riot,13
1787859622.357,gateway,1
1787859622.369,dns,14
1787859622.398,riot,13
1787859623.358,gateway,1
1787859623.371,dns,15
1787859623.398,riot,13
1787859624.358,gateway,1
1787859624.371,dns,15
1787859624.399,riot,13
1787859625.359,gateway,1
1787859625.373,dns,15
1787859625.401,riot,14
1787859626.360,gateway,1
1787859626.372,dns,15
1787859626.401,riot,11
1787859627.360,gateway,1
1787859627.374,dns,16
1787859627.403,riot,11
1787859628.361,gateway,2
1787859628.376,dns,16
1787859628.406,riot,14
1787859629.362,gateway,1
1787859629.375,dns,16
1787859629.404,riot,13
1787859630.363,gateway,1
1787859630.375,dns,14
1787859630.403,riot,12
1787859631.363,gateway,1
1787859631.378,dns,13
1787859631.405,riot,12
1787859632.365,gateway,1
1787859632.378,dns,14
1787859632.404,riot,11
1787859633.365,gateway,1
1787859633.378,dns,14
1787859633.404,riot,13
1787859634.366,gateway,1
1787859634.379,dns,15
1787859634.406,riot,13
1787859635.367,gateway,1
1787859635.380,dns,14
1787859635.407,riot,11
1787859636.367,gateway,1
1787859636.381,dns,13
1787859636.407,riot,12
1787859637.368,gateway,1
1787859637.382,dns,14
1787859637.409,riot,11
1787859638.370,gateway,1
1787859638.383,dns,13
1787859638.408,riot,13
1787859639.370,gateway,1
1787859639.384,dns,16
1787859639.413,riot,12
1787859640.372,gateway,2
1787859640.387,dns,13
1787859640.412,riot,12
1787859641.373,gateway,1
1787859641.386,dns,14
1787859641.412,riot,11
1787859642.375,gateway,1
1787859642.388,dns,14
1787859642.415,riot,11
1787859643.376,gateway,1
1787859643.389,dns,13
1787859643.417,riot,12
1787859644.378,gateway,1
1787859644.388,dns,14
1787859644.416,riot,11
1787859645.378,gateway,1
1787859645.391,dns,14
1787859645.419,riot,13
1787859646.378,gateway,1
1787859646.391,dns,14
1787859646.419,riot,11
1787859647.379,gateway,1
1787859647.392,dns,11
1787859647.416,riot,12
1787859648.380,gateway,1
1787859648.393,dns,14
1787859648.420,riot,11
1787859649.381,gateway,1
1787859649.395,dns,15
1787859649.422,riot,11
1787859650.383,gateway,1
1787859650.397,dns,14
1787859650.424,riot,14
1787859651.383,gateway,1
1787859651.397,dns,16
1787859651.426,riot,12
1787859652.385,gateway,1
1787859652.398,dns,14
1787859652.425,riot,11
1787859653.386,gateway,1
1787859653.398,dns,14
1787859653.426,riot,14
1787859654.387,gateway,1
1787859654.402,dns,14
1787859654.430,riot,12
1787859655.388,gateway,1
1787859655.402,dns,16
1787859655.433,riot,14
1787859656.389,gateway,1
1787859656.403,dns,14
1787859656.430,riot,12
1787859657.390,gateway,1
1787859657.404,dns,15
1787859657.433,riot,11
1787859658.391,gateway,1
1787859658.404,dns,15
1787859658.433,riot,13
1787859659.392,gateway,1
1787859659.406,dns,13
1787859659.432,riot,11
1787859660.392,gateway,1
1787859660.406,dns,14
1787859660.432,riot,12
1787859661.393,gateway,1
1787859661.405,dns,13
1787859661.433,riot,13
1787859662.393,gateway,1
1787859662.406,dns,13
1787859662.432,riot,13
1787859663.394,gateway,1
1787859663.407,dns,14
1787859663.435,riot,11
1787859664.396,gateway,1
1787859664.409,dns,15
1787859664.437,riot,11
1787859665.398,gateway,1
1787859665.410,dns,15
1787859665.436,riot,13
1787859666.398,gateway,1
1787859666.411,dns,14
1787859666.438,riot,12
1787859667.399,gateway,1
1787859667.413,dns,15
1787859667.440,riot,11
1787859668.400,gateway,1
1787859668.414,dns,15
1787859668.441,riot,9
1787859669.402,gateway,1
1787859669.416,dns,14
1787859669.443,riot,13
1787859670.403,gateway,2
1787859670.417,dns,15
1787859670.445,riot,13
1787859671.403,gateway,1
1787859671.416,dns,14
1787859671.443,riot,12
1787859672.405,gateway,1
1787859672.420,dns,14
1787859672.447,riot,13
1787859673.406,gateway,1
1787859673.420,dns,13
1787859673.445,riot,12
1787859674.407,gateway,1
1787859674.422,dns,14
1787859674.448,riot,13
1787859675.408,gateway,1
1787859675.422,dns,14
1787859675.449,riot,12
1787859676.409,gateway,1
1787859676.422,dns,13
1787859676.449,riot,14
1787859677.410,gateway,1
1787859677.425,dns,17
1787859677.457,riot,14
1787859678.412,gateway,1
1787859678.426,dns,14
1787859678.454,riot,13
1787859679.412,gateway,1
1787859679.426,dns,15
1787859679.454,riot,17
1787859680.413,gateway,1
1787859680.427,dns,15
1787859680.457,riot,11
1787859681.414,gateway,1
1787859681.428,dns,14
1787859681.457,riot,12
1787859682.416,gateway,2
1787859682.430,dns,14
1787859682.459,riot,14
1787859683.416,gateway,1
1787859683.432,dns,16
1787859683.464,riot,12
1787859684.417,gateway,1
1787859684.432,dns,17
1787859684.465,riot,12
1787859685.419,gateway,1
1787859685.433,dns,14
1787859685.460,riot,16
1787859686.420,gateway,1
1787859686.434,dns,14
1787859686.462,riot,12
1787859687.420,gateway,1
1787859687.434,dns,13
1787859687.461,riot,12
1787859688.421,gateway,2
1787859688.437,dns,15
1787859688.490,riot,13
1787859689.422,gateway,1
1787859689.435,dns,15
1787859689.464,riot,11
1787859690.422,gateway,1
1787859690.436,dns,14
1787859690.465,riot,12
1787859691.424,gateway,1
1787859691.438,dns,13
1787859691.467,riot,12
1787859692.425,gateway,1
1787859692.438,dns,15
1787859692.465,riot,14
1787859693.425,gateway,1
1787859693.439,dns,14
1787859693.465,riot,16
1787859694.427,gateway,1
1787859694.442,dns,14
1787859694.470,riot,12
1787859695.428,gateway,1
1787859695.441,dns,13
1787859695.468,riot,12
1787859696.429,gateway,1
1787859696.443,dns,14
1787859696.471,riot,12
1787859697.430,gateway,1
1787859697.445,dns,14
1787859697.472,riot,11
1787859698.432,gateway,2
1787859698.449,dns,13
1787859698.476,riot,12
1787859699.432,gateway,1
1787859699.447,dns,14
1787859699.473,riot,12
1787859700.433,gateway,1
1787859700.448,dns,14
1787859700.476,riot,12
1787859701.434,gateway,1
1787859701.447,dns,13
1787859701.473,riot,13
1787859702.435,gateway,4
1787859702.452,dns,15
1787859702.477,riot,11
1787859703.437,gateway,1
1787859703.448,dns,15
1787859703.476,riot,14
1787859704.437,gateway,1
1787859704.452,dns,13
1787859704.477,riot,15
1787859705.438,gateway,1
1787859705.452,dns,13
1787859705.478,riot,12
1787859706.439,gateway,1
1787859706.453,dns,14
1787859706.479,riot,13
1787859707.441,gateway,1
1787859707.454,dns,16
1787859707.482,riot,12
1787859708.441,gateway,1
1787859708.454,dns,15
1787859708.482,riot,13
1787859709.442,gateway,1
1787859709.454,dns,14
1787859709.482,riot,12
1787859710.443,gateway,1
1787859710.456,dns,14
1787859710.484,riot,11
1787859711.444,gateway,1
1787859711.457,dns,13
1787859711.483,riot,9
1787859712.444,gateway,1
1787859712.457,dns,13
1787859712.484,riot,12
1787859713.445,gateway,1
1787859713.457,dns,13
1787859713.484,riot,13
1787859714.446,gateway,1
1787859714.459,dns,13
1787859714.485,riot,9
1787859715.447,gateway,1
1787859715.461,dns,12
1787859715.485,riot,13
1787859716.448,gateway,1
1787859716.462,dns,14
1787859716.490,riot,12
1787859717.449,gateway,1
1787859717.462,dns,13
1787859717.488,riot,12
1787859718.450,gateway,2
1787859718.466,dns,14
1787859718.494,riot,14
1787859719.451,gateway,1
1787859719.465,dns,14
1787859719.493,riot,13
1787859720.452,gateway,1
1787859720.466,dns,14
1787859720.494,riot,12
1787859721.453,gateway,1
1787859721.467,dns,15
1787859721.495,riot,14
1787859722.455,gateway,1
1787859722.469,dns,12
1787859722.496,riot,11
1787859723.456,gateway,1
1787859723.469,dns,14
1787859723.498,riot,12
1787859724.458,gateway,1
1787859724.471,dns,14
1787859724.497,riot,11
1787859725.459,gateway,1
1787859725.472,dns,14
1787859725.500,riot,13
1787859726.460,gateway,7
1787859726.480,dns,15
1787859726.508,riot,12
1787859727.460,gateway,1
1787859727.474,dns,14
1787859727.500,riot,12
1787859728.461,gateway,1
1787859728.474,dns,20
1787859728.507,riot,11
1787859729.461,gateway,1
1787859729.475,dns,15
1787859729.503,riot,10
1787859730.462,gateway,1
1787859730.475,dns,23
1787859730.510,riot,12
1787859731.464,gateway,1
1787859731.477,dns,13
1787859731.503,riot,12
1787859732.464,gateway,1
1787859732.477,dns,15
1787859732.503,riot,15
1787859733.466,gateway,1
1787859733.479,dns,14
1787859733.506,riot,14
1787859734.468,gateway,1
1787859734.481,dns,14
1787859734.508,riot,17
1787859735.468,gateway,3
1787859735.484,dns,14
1787859735.512,riot,22
1787859736.469,gateway,1
1787859736.482,dns,15
1787859736.509,riot,11
1787859737.470,gateway,1
1787859737.482,dns,19
1787859737.514,riot,12
1787859738.470,gateway,1
1787859738.485,dns,13
1787859738.511,riot,12
1787859739.472,gateway,1
1787859739.486,dns,14
1787859739.514,riot,13
1787859740.473,gateway,1
1787859740.487,dns,14
1787859740.514,riot,12
1787859741.473,gateway,2
1787859741.489,dns,16
1787859741.518,riot,12
1787859742.475,gateway,1
1787859742.488,dns,14
1787859742.515,riot,14
1787859743.476,gateway,1
1787859743.489,dns,13
1787859743.515,riot,12
1787859744.477,gateway,1
1787859744.490,dns,13
1787859744.515,riot,10
1787859745.478,gateway,1
1787859745.492,dns,13
1787859745.518,riot,13
1787859746.478,gateway,1
1787859746.492,dns,14
1787859746.519,riot,13
1787859747.480,gateway,1
1787859747.492,dns,13
1787859747.520,riot,12
1787859748.480,gateway,3
1787859748.496,dns,13
1787859748.522,riot,12
1787859749.480,gateway,1
1787859749.493,dns,14
1787859749.520,riot,11
1787859750.481,gateway,1
1787859750.495,dns,13
1787859750.521,riot,11
1787859751.483,gateway,1
1787859751.495,dns,15
1787859751.523,riot,13
1787859752.484,gateway,1
1787859752.497,dns,13
1787859752.524,riot,13
1787859753.485,gateway,3
1787859753.501,dns,15
1787859753.530,riot,11
1787859754.486,gateway,1
1787859754.500,dns,14
1787859754.527,riot,14
1787859755.487,gateway,2
1787859755.502,dns,14
1787859755.528,riot,11
1787859756.488,gateway,1
1787859756.500,dns,15
1787859756.530,riot,16
1787859757.488,gateway,1
1787859757.502,dns,11
1787859757.527,riot,14
1787859758.489,gateway,1
1787859758.503,dns,13
1787859758.529,riot,12
1787859759.490,gateway,1
1787859759.504,dns,13
1787859759.529,riot,12
1787859760.491,gateway,1
1787859760.506,dns,16
1787859760.534,riot,11
1787859761.492,gateway,1
1787859761.505,dns,13
1787859761.532,riot,13
1787859762.493,gateway,1
1787859762.507,dns,13
1787859762.533,riot,12
1787859763.494,gateway,1
1787859763.507,dns,14
1787859763.533,riot,11
1787859764.495,gateway,1
1787859764.505,dns,14
1787859764.530,riot,13
1787859765.496,gateway,1
1787859765.507,dns,15
1787859765.532,riot,13
1787859766.497,gateway,1
1787859766.514,dns,16
1787859766.542,riot,13
1787859767.497,gateway,1
1787859767.510,dns,14
1787859767.535,riot,15
1787859768.498,gateway,1
1787859768.511,dns,16
1787859768.537,riot,13
1787859769.499,gateway,1
1787859769.511,dns,13
1787859769.535,riot,11
1787859770.499,gateway,1
1787859770.515,dns,10
1787859770.535,riot,12
1787859771.500,gateway,1
1787859771.512,dns,14
1787859771.537,riot,14
1787859772.502,gateway,1
1787859772.517,dns,15
1787859772.544,riot,15
1787859773.503,gateway,4
1787859773.523,dns,14
1787859773.549,riot,19
1787859774.503,gateway,1
1787859774.517,dns,19
1787859774.545,riot,13
1787859775.504,gateway,1
1787859775.519,dns,14
1787859775.544,riot,14
1787859776.505,gateway,1
1787859776.515,dns,11
1787859776.538,riot,10
1787859777.506,gateway,1
1787859777.525,dns,14
1787859777.550,riot,11
1787859778.507,gateway,1
1787859778.518,dns,18
1787859778.548,riot,9
1787859779.507,gateway,1
1787859779.536,dns,16
1787859779.564,riot,13
1787859780.508,gateway,1
1787859780.520,dns,11
1787859780.544,riot,13
1787859781.509,gateway,1
1787859781.522,dns,16
1787859781.551,riot,13
1787859782.510,gateway,1
1787859782.524,dns,14
1787859782.550,riot,13
1787859783.511,gateway,1
1787859783.526,dns,14
1787859783.553,riot,15
1787859784.512,gateway,1
1787859784.525,dns,14
1787859784.552,riot,11
1787859785.513,gateway,1
1787859785.526,dns,13
1787859785.552,riot,12
1787859786.515,gateway,1
1787859786.527,dns,14
1787859786.556,riot,13
1787859787.516,gateway,2
1787859787.529,dns,13
1787859787.556,riot,11
1787859788.517,gateway,1
1787859788.529,dns,13
1787859788.556,riot,13
1787859789.518,gateway,1
1787859789.531,dns,13
1787859789.556,riot,12
1787859790.519,gateway,1
1787859790.532,dns,13
1787859790.559,riot,14
1787859791.520,gateway,1
1787859791.532,dns,13
1787859791.558,riot,13
1787859792.521,gateway,1
1787859792.534,dns,15
1787859792.562,riot,11
1787859793.522,gateway,1
1787859793.536,dns,14
1787859793.562,riot,11
1787859794.523,gateway,1
1787859794.536,dns,14
1787859794.564,riot,12
1787859795.524,gateway,1
1787859795.538,dns,13
1787859795.564,riot,13
1787859796.524,gateway,1
1787859796.537,dns,14
1787859796.564,riot,11
1787859797.525,gateway,1
1787859797.539,dns,13
1787859797.567,riot,11
1787859798.526,gateway,1
1787859798.540,dns,14
1787859798.567,riot,13
1787859799.527,gateway,1
1787859799.540,dns,15
1787859799.568,riot,14
1787859800.527,gateway,1
1787859800.540,dns,18
1787859800.570,riot,14
1787859801.528,gateway,1
1787859801.540,dns,14
1787859801.568,riot,10
1787859802.529,gateway,1
1787859802.542,dns,13
1787859802.567,riot,11
1787859803.530,gateway,2
1787859803.545,dns,14
1787859803.572,riot,12
1787859804.532,gateway,1
1787859804.545,dns,14
1787859804.572,riot,12
1787859805.533,gateway,1
1787859805.545,dns,15
1787859805.573,riot,11
1787859806.534,gateway,1
1787859806.547,dns,14
1787859806.575,riot,13
1787859807.535,gateway,1
1787859807.549,dns,13
1787859807.574,riot,13
1787859808.536,gateway,1
1787859808.549,dns,16
1787859808.579,riot,14
1787859809.536,gateway,1
1787859809.550,dns,15
1787859809.579,riot,14
1787859810.537,gateway,1
1787859810.551,dns,16
1787859810.579,riot,13
1787859811.539,gateway,2
1787859811.554,dns,14
1787859811.580,riot,14
1787859812.539,gateway,1
1787859812.552,dns,13
1787859812.578,riot,12
1787859813.541,gateway,1
1787859813.555,dns,14
1787859813.580,riot,12
1787859814.541,gateway,2
1787859814.555,dns,14
1787859814.582,riot,10
1787859815.542,gateway,1
1787859815.554,dns,15
1787859815.582,riot,12
1787859816.543,gateway,1
1787859816.555,dns,14
1787859816.582,riot,12
1787859817.544,gateway,1
1787859817.557,dns,13
1787859817.583,riot,11
1787859818.544,gateway,1
1787859818.557,dns,14
1787859818.583,riot,13
1787859819.545,gateway,1
1787859819.560,dns,14
1787859819.586,riot,13
1787859820.546,gateway,1
1787859820.559,dns,13
1787859820.586,riot,13
1787859821.548,gateway,1
1787859821.561,dns,18
1787859821.592,riot,16
1787859822.548,gateway,1
1787859822.562,dns,14
1787859822.588,riot,13
1787859823.549,gateway,1
1787859823.561,dns,14
1787859823.585,riot,11
1787859824.550,gateway,1
1787859824.562,dns,15
1787859824.589,riot,12
1787859825.550,gateway,1
1787859825.564,dns,14
1787859825.590,riot,12
1787859826.551,gateway,1
1787859826.564,dns,13
1787859826.589,riot,14
1787859827.552,gateway,1
1787859827.565,dns,14
1787859827.591,riot,11
1787859828.553,gateway,1
1787859828.567,dns,15
1787859828.594,riot,13
1787859829.553,gateway,1
1787859829.567,dns,14
1787859829.594,riot,12
1787859830.554,gateway,1
1787859830.566,dns,13
1787859830.593,riot,12
1787859831.555,gateway,1
1787859831.568,dns,17
1787859831.598,riot,12
1787859832.556,gateway,1
1787859832.569,dns,14
1787859832.595,riot,12
1787859833.557,gateway,2
1787859833.572,dns,14
1787859833.598,riot,13
1787859834.559,gateway,1
1787859834.573,dns,14
1787859834.600,riot,10
1787859835.560,gateway,2
1787859835.578,dns,14
1787859835.605,riot,13
1787859836.561,gateway,1
1787859836.575,dns,14
1787859836.600,riot,14
1787859837.562,gateway,1
1787859837.576,dns,14
1787859837.603,riot,9
1787859838.563,gateway,1
1787859838.579,dns,19
1787859838.610,riot,14
1787859839.564,gateway,5
1787859839.583,dns,23
1787859839.619,riot,13
1787859840.565,gateway,1
1787859840.580,dns,16
1787859840.609,riot,13
1787859841.565,gateway,1
1787859841.577,dns,12
1787859841.603,riot,14
1787859842.567,gateway,1
1787859842.580,dns,15
1787859842.609,riot,11
1787859843.567,gateway,1
1787859843.580,dns,14
1787859843.606,riot,12
1787859844.569,gateway,1
1787859844.583,dns,17
1787859844.615,riot,12
1787859845.571,gateway,1
1787859845.583,dns,16
1787859845.613,riot,12
1787859846.572,gateway,1
1787859846.585,dns,14
1787859846.611,riot,12
1787859847.572,gateway,1
1787859847.584,dns,17
1787859847.615,riot,11
1787859848.574,gateway,1
1787859848.588,dns,13
1787859848.616,riot,12
1787859849.575,gateway,1
1787859849.588,dns,15
1787859849.617,riot,12
1787859850.575,gateway,1
1787859850.589,dns,18
1787859850.620,riot,12
1787859851.576,gateway,1
1787859851.590,dns,18
1787859851.622,riot,12
1787859852.576,gateway,1
1787859852.590,dns,14
1787859852.617,riot,13
1787859853.578,gateway,1
1787859853.591,dns,15
1787859853.619,riot,13
1787859854.579,gateway,1
1787859854.593,dns,13
1787859854.619,riot,12
1787859855.580,gateway,1
1787859855.593,dns,15
1787859855.621,riot,12
1787859856.582,gateway,1
1787859856.598,dns,10
1787859856.621,riot,12
1787859857.584,gateway,1
1787859857.598,dns,14
1787859857.624,riot,13
1787859858.585,gateway,1
1787859858.599,dns,14
1787859858.626,riot,9
1787859859.586,gateway,1
1787859859.599,dns,14
1787859859.625,riot,11
1787859860.588,gateway,1
1787859860.601,dns,15
1787859860.627,riot,12
1787859861.589,gateway,1
1787859861.602,dns,14
1787859861.627,riot,12
1787859862.590,gateway,1
1787859862.604,dns,15
1787859862.631,riot,12
1787859863.592,gateway,1
1787859863.605,dns,14
1787859863.632,riot,12
1787859864.595,gateway,1
1787859864.609,dns,17
1787859864.640,riot,12
1787859865.596,gateway,2
1787859865.611,dns,13
1787859865.636,riot,17
1787859866.598,gateway,1
1787859866.611,dns,13
1787859866.639,riot,15
1787859867.598,gateway,2
1787859867.612,dns,16
1787859867.641,riot,15
1787859868.599,gateway,1
1787859868.612,dns,14
1787859868.638,riot,15
1787859869.600,gateway,2
1787859869.615,dns,15
1787859869.643,riot,13
1787859870.600,gateway,1
1787859870.634,dns,13
1787859870.659,riot,11
1787859871.601,gateway,1
1787859871.615,dns,14
1787859871.643,riot,12
1787859872.602,gateway,1
1787859872.617,dns,22
1787859872.652,riot,13
1787859873.604,gateway,1
1787859873.618,dns,18
1787859873.649,riot,13
1787859874.604,gateway,1
1787859874.618,dns,26
1787859874.656,riot,9
1787859875.605,gateway,1
1787859875.619,dns,15
1787859875.647,riot,12
1787859876.606,gateway,1
1787859876.620,dns,17
1787859876.649,riot,14
1787859877.608,gateway,1
1787859877.622,dns,14
1787859877.649,riot,14
1787859878.609,gateway,1
1787859878.623,dns,13
1787859878.648,riot,22
1787859879.609,gateway,2
1787859879.625,dns,13
1787859879.650,riot,13
1787859880.610,gateway,1
1787859880.623,dns,14
1787859880.650,riot,13
1787859881.612,gateway,1
1787859881.625,dns,13
1787859881.653,riot,13
1787859882.613,gateway,1
1787859882.626,dns,14
1787859882.654,riot,13
1787859883.614,gateway,1
1787859883.627,dns,13
1787859883.653,riot,12
1787859884.615,gateway,1
1787859884.629,dns,14
1787859884.657,riot,14
1787859885.616,gateway,1
1787859885.630,dns,14
1787859885.656,riot,12
1787859886.617,gateway,1
1787859886.629,dns,14
1787859886.659,riot,12
1787859887.618,gateway,1
1787859887.632,dns,16
1787859887.662,riot,13
1787859888.619,gateway,1
1787859888.633,dns,15
1787859888.661,riot,11
1787859889.621,gateway,1
1787859889.636,dns,14
1787859889.662,riot,12
1787859890.622,gateway,1
1787859890.636,dns,15
1787859890.664,riot,12
1787859891.623,gateway,1
1787859891.636,dns,14
1787859891.664,riot,12
1787859892.623,gateway,1
1787859892.637,dns,13
1787859892.664,riot,12
1787859893.624,gateway,1
1787859893.640,dns,15
1787859893.668,riot,12
1787859894.625,gateway,1
1787859894.639,dns,16
1787859894.669,riot,12
1787859895.626,gateway,1
1787859895.639,dns,17
1787859895.671,riot,12
1787859896.628,gateway,1
1787859896.642,dns,13
1787859896.669,riot,12
1787859897.629,gateway,1
1787859897.643,dns,16
1787859897.672,riot,12
1787859898.631,gateway,1
1787859898.645,dns,15
1787859898.675,riot,13
1787859899.632,gateway,1
1787859899.645,dns,14
1787859899.672,riot,12
1787859900.632,gateway,1
1787859900.647,dns,14
1787859900.674,riot,21
1787859901.633,gateway,1
1787859901.646,dns,14
1787859901.674,riot,13
1787859902.635,gateway,1
1787859902.648,dns,14
1787859902.675,riot,11
1787859903.635,gateway,1
1787859903.650,dns,13
1787859903.677,riot,13
1787859904.636,gateway,1
1787859904.649,dns,13
1787859904.675,riot,12
1787859905.637,gateway,1
1787859905.650,dns,14
1787859905.676,riot,13
1787859906.637,gateway,1
1787859906.649,dns,14
1787859906.676,riot,14
1787859907.638,gateway,1
1787859907.652,dns,14
1787859907.680,riot,12
1787859908.639,gateway,1
1787859908.654,dns,13
1787859908.680,riot,12
1787859909.639,gateway,1
1787859909.653,dns,14
1787859909.681,riot,13
1787859910.641,gateway,1
1787859910.655,dns,14
1787859910.682,riot,12
1787859911.641,gateway,1
1787859911.653,dns,14
1787859911.682,riot,12
1787859912.642,gateway,1
1787859912.657,dns,14
1787859912.684,riot,12
1787859913.643,gateway,1
1787859913.657,dns,13
1787859913.684,riot,11
1787859914.643,gateway,1
1787859914.658,dns,17
1787859914.688,riot,13
1787859915.644,gateway,2
1787859915.660,dns,14
1787859915.688,riot,12
1787859916.646,gateway,1
1787859916.659,dns,17
1787859916.690,riot,11
1787859917.647,gateway,1
1787859917.660,dns,14
1787859917.688,riot,12
1787859918.648,gateway,1
1787859918.662,dns,14
1787859918.690,riot,11
1787859919.648,gateway,1
1787859919.662,dns,14
1787859919.689,riot,10
1787859920.650,gateway,1
1787859920.665,dns,13
1787859920.692,riot,11
1787859921.650,gateway,1
1787859921.668,dns,14
1787859921.696,riot,12
1787859922.651,gateway,1
1787859922.666,dns,14
1787859922.693,riot,9
1787859923.652,gateway,1
1787859923.665,dns,15
1787859923.693,riot,11
1787859924.653,gateway,1
1787859924.668,dns,15
1787859924.696,riot,12
1787859925.654,gateway,1
1787859925.670,dns,14
1787859925.698,riot,12
1787859926.655,gateway,2
1787859926.671,dns,14
1787859926.698,riot,15
1787859927.657,gateway,1
1787859927.670,dns,14
1787859927.698,riot,12
1787859928.658,gateway,1
1787859928.672,dns,18
1787859928.704,riot,11
1787859929.658,gateway,3
1787859929.675,dns,16
1787859929.703,riot,12
1787859930.659,gateway,1
1787859930.673,dns,14
1787859930.702,riot,12
1787859931.660,gateway,1
1787859931.674,dns,14
1787859931.702,riot,11
1787859932.662,gateway,1
1787859932.676,dns,14
1787859932.705,riot,12
1787859933.662,gateway,1
1787859933.676,dns,14
1787859933.704,riot,12
1787859934.663,gateway,1
1787859934.676,dns,14
1787859934.703,riot,11
1787859935.664,gateway,1
1787859935.677,dns,15
1787859935.707,riot,12
1787859936.665,gateway,2
1787859936.681,dns,17
1787859936.710,riot,13
1787859937.666,gateway,1
1787859937.681,dns,15
1787859937.709,riot,14
1787859938.667,gateway,1
1787859938.682,dns,16
1787859938.712,riot,11
1787859939.668,gateway,1
1787859939.681,dns,15
1787859939.709,riot,12
1787859940.669,gateway,1
1787859940.682,dns,13
1787859940.707,riot,13
1787859941.671,gateway,1
1787859941.684,dns,13
1787859941.710,riot,13
1787859942.672,gateway,1
1787859942.685,dns,15
1787859942.714,riot,12
1787859943.674,gateway,5
1787859943.692,dns,27
1787859943.732,riot,30
1787859944.675,gateway,1
1787859944.689,dns,13
1787859944.715,riot,12
1787859945.676,gateway,2
1787859945.690,dns,14
1787859945.717,riot,13
1787859946.677,gateway,1
1787859946.689,dns,13
1787859946.716,riot,13
1787859947.677,gateway,2
1787859947.692,dns,15
1787859947.720,riot,11
1787859948.679,gateway,1
1787859948.692,dns,13
1787859948.719,riot,11
1787859949.680,gateway,1
1787859949.692,dns,13
1787859949.720,riot,13
1787859950.680,gateway,1
1787859950.694,dns,13
1787859950.720,riot,15
1787859951.681,gateway,1
1787859951.695,dns,14
1787859951.722,riot,11
1787859952.682,gateway,1
1787859952.696,dns,14
1787859952.723,riot,16
1787859953.683,gateway,1
1787859953.697,dns,13
1787859953.724,riot,13
1787859954.683,gateway,1
1787859954.698,dns,14
1787859954.726,riot,12
1787859955.685,gateway,2
1787859955.701,dns,21
1787859955.737,riot,11
1787859956.686,gateway,1
1787859956.699,dns,14
1787859956.728,riot,12
1787859957.686,gateway,1
1787859957.699,dns,14
1787859957.728,riot,11
1787859958.687,gateway,1
1787859958.700,dns,14
1787859958.727,riot,12
1787859959.688,gateway,1
1787859959.702,dns,15
1787859959.730,riot,13
1787859960.689,gateway,1
1787859960.703,dns,14
1787859960.729,riot,15
1787859961.690,gateway,1
1787859961.723,dns,13
1787859961.749,riot,12
1787859962.690,gateway,1
1787859962.705,dns,13
1787859962.732,riot,12
1787859963.691,gateway,1
1787859963.707,dns,15
1787859963.736,riot,13
1787859964.692,gateway,1
1787859964.706,dns,13
1787859964.734,riot,13
1787859965.692,gateway,1
1787859965.706,dns,15
1787859965.733,riot,12
1787859966.694,gateway,1
1787859966.708,dns,15
1787859966.735,riot,14
1787859967.694,gateway,1
1787859967.707,dns,13
1787859967.733,riot,12
1787859968.695,gateway,1
1787859968.709,dns,15
1787859968.737,riot,13
1787859969.696,gateway,1
1787859969.710,dns,14
1787859969.738,riot,13
1787859970.698,gateway,1
1787859970.712,dns,14
1787859970.739,riot,14
1787859971.699,gateway,1
1787859971.712,dns,14
1787859971.741,riot,12
1787859972.699,gateway,1
1787859972.714,dns,14
1787859972.743,riot,11
1787859973.700,gateway,1
1787859973.717,dns,13
1787859973.743,riot,13
1787859974.701,gateway,1
1787859974.717,dns,14
1787859974.743,riot,11
1787859975.703,gateway,1
1787859975.717,dns,15
1787859975.746,riot,12
1787859976.704,gateway,1
1787859976.716,dns,14
1787859976.743,riot,13
1787859977.704,gateway,1
1787859977.717,dns,15
1787859977.745,riot,13
1787859978.706,gateway,1
1787859978.720,dns,14
1787859978.747,riot,13
1787859979.707,gateway,1
1787859979.722,dns,14
1787859979.749,riot,12
1787859980.708,gateway,1
1787859980.722,dns,13
1787859980.750,riot,11
1787859981.708,gateway,1
1787859981.723,dns,14
1787859981.751,riot,12
1787859982.709,gateway,1
1787859982.722,dns,14
1787859982.750,riot,12
1787859983.710,gateway,1
1787859983.723,dns,12
1787859983.749,riot,11
1787859984.710,gateway,1
1787859984.725,dns,14
1787859984.753,riot,12
1787859985.711,gateway,1
1787859985.724,dns,13
1787859985.751,riot,12
1787859986.713,gateway,1
1787859986.728,dns,16
1787859986.756,riot,12
1787859987.714,gateway,1
1787859987.726,dns,13
1787859987.752,riot,12
1787859988.715,gateway,1
1787859988.730,dns,15
1787859988.757,riot,13
1787859989.716,gateway,1
1787859989.729,dns,13
1787859989.755,riot,14
1787859990.717,gateway,1
1787859990.732,dns,13
1787859990.758,riot,12
1787859991.718,gateway,1
1787859991.732,dns,15
1787859991.758,riot,12
1787859992.719,gateway,1
1787859992.732,dns,13
1787859992.758,riot,12
1787859993.719,gateway,1
1787859993.733,dns,13
1787859993.759,riot,13
1787859994.721,gateway,1
1787859994.735,dns,13
1787859994.761,riot,12
1787859995.722,gateway,1
1787859995.737,dns,12
1787859995.762,riot,12
1787859996.723,gateway,1
1787859996.736,dns,14
1787859996.763,riot,11
1787859997.723,gateway,2
1787859997.736,dns,14
1787859997.764,riot,13
1787859998.724,gateway,1
1787859998.738,dns,14
1787859998.765,riot,14
1787859999.725,gateway,1
1787859999.739,dns,17
1787859999.769,riot,11
1787860000.727,gateway,1
1787860000.742,dns,14
1787860000.769,riot,15
1787860001.728,gateway,1
1787860001.743,dns,13
1787860001.769,riot,12
1787860002.729,gateway,1
1787860002.743,dns,15
1787860002.772,riot,13
1787860003.731,gateway,2
1787860003.747,dns,14
1787860003.773,riot,11
1787860004.731,gateway,1
1787860004.744,dns,15
1787860004.773,riot,13
1787860005.733,gateway,1
1787860005.748,dns,14
1787860005.775,riot,13
1787860006.734,gateway,1
1787860006.747,dns,15
1787860006.775,riot,11
1787860007.735,gateway,1
1787860007.748,dns,15
1787860007.775,riot,16
1787860008.736,gateway,1
1787860008.750,dns,15
1787860008.777,riot,13
1787860009.737,gateway,1
1787860009.751,dns,13
1787860009.776,riot,12
1787860010.739,gateway,1
1787860010.752,dns,13
1787860010.777,riot,11
1787860011.741,gateway,1
1787860011.753,dns,16
1787860011.783,riot,15
1787860012.742,gateway,1
1787860012.755,dns,15
1787860012.783,riot,13
1787860013.742,gateway,5
1787860013.760,dns,11
1787860013.782,riot,12
1787860014.743,gateway,1
1787860014.755,dns,15
1787860014.783,riot,13
1787860015.744,gateway,1
1787860015.758,dns,17
1787860015.789,riot,11
1787860016.745,gateway,1
1787860016.757,dns,14
1787860016.785,riot,12
1787860017.745,gateway,1
1787860017.758,dns,20
1787860017.791,riot,12
1787860018.747,gateway,1
1787860018.759,dns,27
1787860018.799,riot,12
1787860019.748,gateway,1
1787860019.761,dns,14
1787860019.787,riot,16
1787860020.749,gateway,1
1787860020.763,dns,17
1787860020.793,riot,17
1787860021.750,gateway,1
1787860021.763,dns,14
1787860021.790,riot,12
1787860022.751,gateway,1
1787860022.763,dns,14
1787860022.791,riot,11
1787860023.752,gateway,1
1787860023.765,dns,14
1787860023.793,riot,12
1787860024.752,gateway,1
1787860024.766,dns,14
1787860024.792,riot,13
1787860025.753,gateway,1
1787860025.767,dns,15
1787860025.795,riot,12
1787860026.755,gateway,1
1787860026.767,dns,18
1787860026.798,riot,12
1787860027.756,gateway,1
1787860027.768,dns,15
1787860027.796,riot,13
1787860028.756,gateway,1
1787860028.769,dns,15
1787860028.797,riot,12
1787860029.758,gateway,1
1787860029.771,dns,14
1787860029.797,riot,13
1787860030.759,gateway,1
1787860030.772,dns,14
1787860030.799,riot,11
1787860031.761,gateway,1
1787860031.774,dns,15
1787860031.803,riot,14
1787860032.762,gateway,1
1787860032.774,dns,14
1787860032.802,riot,12
1787860033.763,gateway,1
1787860033.778,dns,15
1787860033.805,riot,11
1787860034.764,gateway,1
1787860034.778,dns,14
1787860034.806,riot,12
1787860035.764,gateway,1
1787860035.778,dns,13
1787860035.805,riot,12
1787860036.765,gateway,1
1787860036.780,dns,15
1787860036.809,riot,15
1787860037.767,gateway,1
1787860037.780,dns,14
1787860037.809,riot,12
1787860038.768,gateway,1
1787860038.783,dns,14
1787860038.810,riot,15
1787860039.769,gateway,1
1787860039.782,dns,13
1787860039.809,riot,13
1787860040.770,gateway,1
1787860040.782,dns,14
1787860040.808,riot,11
1787860041.771,gateway,1
1787860041.784,dns,15
1787860041.813,riot,12
1787860042.773,gateway,1
1787860042.787,dns,13
1787860042.812,riot,11
1787860043.774,gateway,1
1787860043.788,dns,13
1787860043.815,riot,12
1787860044.775,gateway,1
1787860044.788,dns,14
1787860044.815,riot,12
1787860045.775,gateway,1
1787860045.787,dns,14
1787860045.814,riot,12
1787860046.776,gateway,1
1787860046.795,dns,16
1787860046.825,riot,11
1787860047.778,gateway,1
1787860047.793,dns,16
1787860047.822,riot,16
1787860048.779,gateway,1
1787860048.793,dns,14
1787860048.820,riot,12
1787860049.780,gateway,1
1787860049.799,dns,14
1787860049.827,riot,11
1787860050.782,gateway,1
1787860050.795,dns,15
1787860050.823,riot,11
1787860051.783,gateway,1
1787860051.797,dns,14
1787860051.824,riot,12
1787860052.784,gateway,1
1787860052.807,dns,13
1787860052.832,riot,13
1787860053.785,gateway,1
1787860053.799,dns,14
1787860053.826,riot,13
1787860054.786,gateway,1
1787860054.801,dns,15
1787860054.828,riot,12
1787860055.787,gateway,1
1787860055.801,dns,17
1787860055.830,riot,11
1787860056.788,gateway,1
1787860056.801,dns,14
1787860056.828,riot,12
1787860057.789,gateway,1
1787860057.802,dns,14
1787860057.854,riot,11
1787860058.790,gateway,1
1787860058.804,dns,14
1787860058.833,riot,14
1787860059.791,gateway,1
1787860059.804,dns,15
1787860059.833,riot,11
1787860060.791,gateway,3
1787860060.807,dns,16
1787860060.834,riot,12
1787860061.792,gateway,1
1787860061.805,dns,14
1787860061.832,riot,12
1787860062.793,gateway,1
1787860062.807,dns,14
1787860062.833,riot,14
1787860063.794,gateway,1
1787860063.809,dns,16
1787860063.837,riot,13
1787860064.795,gateway,1
1787860064.808,dns,13
1787860064.835,riot,12
1787860065.796,gateway,1
1787860065.809,dns,13
1787860065.837,riot,11
1787860066.797,gateway,1
1787860066.810,dns,13
1787860066.837,riot,12
1787860067.797,gateway,1
1787860067.810,dns,13
1787860067.837,riot,11
1787860068.799,gateway,1
1787860068.812,dns,13
1787860068.839,riot,13
1787860069.800,gateway,1
1787860069.813,dns,15
1787860069.840,riot,16
1787860070.800,gateway,1
1787860070.813,dns,13
1787860070.841,riot,12
1787860071.801,gateway,1
1787860071.817,dns,13
1787860071.843,riot,12
1787860072.802,gateway,2
1787860072.817,dns,13
1787860072.842,riot,11
1787860073.804,gateway,1
1787860073.816,dns,14
1787860073.844,riot,12
1787860074.805,gateway,1
1787860074.817,dns,17
1787860074.847,riot,12
1787860075.806,gateway,1
1787860075.820,dns,15
1787860075.847,riot,12
1787860076.806,gateway,1
1787860076.818,dns,14
1787860076.846,riot,11
1787860077.807,gateway,1
1787860077.820,dns,14
1787860077.846,riot,11
1787860078.807,gateway,1
1787860078.820,dns,15
1787860078.849,riot,13
1787860079.808,gateway,1
1787860079.822,dns,13
1787860079.847,riot,9
1787860080.809,gateway,1
1787860080.822,dns,14
1787860080.850,riot,11
1787860081.810,gateway,1
1787860081.823,dns,17
1787860081.852,riot,11
1787860082.811,gateway,1
1787860082.823,dns,14
1787860082.850,riot,12
1787860083.812,gateway,1
1787860083.823,dns,14
1787860083.847,riot,13
1787860084.813,gateway,1
1787860084.823,dns,15
1787860084.848,riot,12
1787860085.814,gateway,1
1787860085.825,dns,13
1787860085.846,riot,13
1787860086.815,gateway,1
1787860086.824,dns,15
1787860086.850,riot,13
1787860087.816,gateway,1
1787860087.827,dns,15
1787860087.852,riot,11
1787860088.817,gateway,1
1787860088.828,dns,14
1787860088.852,riot,11
1787860089.819,gateway,1
1787860089.828,dns,13
1787860089.852,riot,11
1787860090.819,gateway,1
1787860090.830,dns,30
1787860090.871,riot,12
1787860091.820,gateway,2
1787860091.837,dns,13
1787860091.864,riot,17
1787860092.821,gateway,1
1787860092.832,dns,14
1787860092.856,riot,12
1787860093.822,gateway,1
1787860093.832,dns,16
1787860093.859,riot,13
1787860094.824,gateway,1
1787860094.834,dns,15
1787860094.859,riot,12
1787860095.824,gateway,1
1787860095.836,dns,15
1787860095.860,riot,13
1787860096.825,gateway,1
1787860096.836,dns,17
1787860096.863,riot,12
1787860097.826,gateway,1
1787860097.837,dns,14
1787860097.861,riot,9
1787860098.826,gateway,1
1787860098.837,dns,15
1787860098.863,riot,13
1787860099.828,gateway,1
1787860099.839,dns,18
1787860099.869,riot,11
1787860100.829,gateway,1
1787860100.840,dns,16
1787860100.866,riot,11
1787860101.830,gateway,1
1787860101.843,dns,14
1787860101.870,riot,11
1787860102.831,gateway,1
1787860102.844,dns,19
1787860102.876,riot,8
1787860103.833,gateway,12
1787860103.859,dns,59
1787860103.931,riot,39
1787860104.834,gateway,1
1787860104.847,dns,16
1787860104.875,riot,13
1787860105.835,gateway,1
1787860105.848,dns,14
1787860105.876,riot,12
1787860106.837,gateway,1
1787860106.850,dns,14
1787860106.875,riot,13
1787860107.838,gateway,1
1787860107.851,dns,14
1787860107.878,riot,12
1787860108.838,gateway,1
1787860108.852,dns,15
1787860108.880,riot,13
1787860109.839,gateway,1
1787860109.853,dns,13
1787860109.879,riot,12
1787860110.841,gateway,1
1787860110.855,dns,15
1787860110.881,riot,12
1787860111.843,gateway,1
1787860111.856,dns,14
1787860111.883,riot,13
1787860112.843,gateway,1
1787860112.856,dns,13
1787860112.882,riot,11
1787860113.843,gateway,1
1787860113.857,dns,14
1787860113.882,riot,12
1787860114.844,gateway,3
1787860114.861,dns,15
1787860114.887,riot,12
1787860115.845,gateway,2
1787860115.859,dns,14
1787860115.886,riot,12
1787860116.845,gateway,1
1787860116.859,dns,15
1787860116.887,riot,12
1787860117.847,gateway,1
1787860117.860,dns,16
1787860117.890,riot,11
1787860118.847,gateway,1
1787860118.861,dns,14
1787860118.888,riot,14
1787860119.849,gateway,2
1787860119.863,dns,15
1787860119.892,riot,12
1787860120.849,gateway,1
1787860120.863,dns,14
1787860120.890,riot,12
1787860121.850,gateway,1
1787860121.862,dns,14
1787860121.889,riot,11
1787860122.850,gateway,1
1787860122.863,dns,16
1787860122.892,riot,12
1787860123.851,gateway,1
1787860123.864,dns,14
1787860123.889,riot,13
1787860124.852,gateway,1
1787860124.864,dns,14
1787860124.892,riot,16
1787860125.853,gateway,1
1787860125.866,dns,14
1787860125.893,riot,12
1787860126.854,gateway,1
1787860126.869,dns,16
1787860126.899,riot,12
1787860127.855,gateway,1
1787860127.866,dns,14
1787860127.893,riot,12
1787860128.856,gateway,1
1787860128.870,dns,16
1787860128.898,riot,13
1787860129.857,gateway,1
1787860129.870,dns,15
1787860129.898,riot,11
1787860130.858,gateway,1
1787860130.870,dns,14
1787860130.898,riot,12
1787860131.859,gateway,1
1787860131.871,dns,13
1787860131.898,riot,13
1787860132.860,gateway,1
1787860132.875,dns,13
1787860132.901,riot,14
1787860133.861,gateway,1
1787860133.874,dns,13
1787860133.900,riot,13
1787860134.862,gateway,1
1787860134.875,dns,13
1787860134.902,riot,12
1787860135.862,gateway,1
1787860135.876,dns,14
1787860135.903,riot,13
1787860136.864,gateway,1
1787860136.878,dns,13
1787860136.905,riot,12
1787860137.864,gateway,2
1787860137.879,dns,14
1787860137.904,riot,12
1787860138.865,gateway,1
1787860138.880,dns,15
1787860138.909,riot,12
1787860139.866,gateway,1
1787860139.879,dns,14
1787860139.905,riot,12
1787860140.867,gateway,1
1787860140.879,dns,14
1787860140.906,riot,16
1787860141.867,gateway,1
1787860141.881,dns,13
1787860141.907,riot,12
1787860142.868,gateway,1
1787860142.882,dns,14
1787860142.909,riot,12
1787860143.869,gateway,1
1787860143.882,dns,14
1787860143.907,riot,12
1787860144.869,gateway,1
1787860144.883,dns,15
1787860144.912,riot,12
1787860145.870,gateway,1
1787860145.883,dns,13
1787860145.909,riot,11
1787860146.870,gateway,1
1787860146.885,dns,14
1787860146.913,riot,15
1787860147.871,gateway,1
1787860147.887,dns,14
1787860147.912,riot,11
1787860148.872,gateway,1
1787860148.905,dns,13
1787860148.931,riot,13
1787860149.873,gateway,1
1787860149.886,dns,13
1787860149.914,riot,14
1787860150.874,gateway,1
1787860150.888,dns,15
1787860150.915,riot,11
1787860151.874,gateway,1
1787860151.885,dns,15
1787860151.914,riot,11
1787860152.875,gateway,1
1787860152.888,dns,14
1787860152.915,riot,14
1787860153.876,gateway,1
1787860153.889,dns,13
1787860153.915,riot,12
1787860154.878,gateway,1
1787860154.892,dns,15
1787860154.919,riot,13
1787860155.879,gateway,1
1787860155.892,dns,14
1787860155.919,riot,13
1787860156.880,gateway,3
1787860156.894,dns,13
1787860156.921,riot,13
1787860157.880,gateway,10
1787860157.902,dns,13
1787860157.929,riot,12
1787860158.882,gateway,1
1787860158.896,dns,16
1787860158.925,riot,12
1787860159.883,gateway,1
1787860159.895,dns,25
1787860159.933,riot,14
1787860160.883,gateway,1
1787860160.896,dns,18
1787860160.927,riot,11
1787860161.884,gateway,1
1787860161.896,dns,25
1787860161.935,riot,12
1787860162.885,gateway,1
1787860162.899,dns,13
1787860162.924,riot,12
1787860163.886,gateway,3
1787860163.902,dns,14
1787860163.928,riot,16
1787860164.887,gateway,1
1787860164.900,dns,12
1787860164.924,riot,17
1787860165.889,gateway,1
1787860165.902,dns,14
1787860165.928,riot,9
1787860166.890,gateway,1
1787860166.904,dns,14
1787860166.931,riot,11
1787860167.891,gateway,1
1787860167.905,dns,14
1787860167.933,riot,12
1787860168.891,gateway,2
1787860168.906,dns,15
1787860168.933,riot,15
1787860169.892,gateway,1
1787860169.906,dns,14
1787860169.933,riot,12
1787860170.893,gateway,1
1787860170.906,dns,14
1787860170.933,riot,12
1787860171.894,gateway,1
1787860171.908,dns,14
1787860171.936,riot,12
1787860172.896,gateway,1
1787860172.910,dns,13
1787860172.936,riot,14
1787860173.897,gateway,1
1787860173.910,dns,14
1787860173.937,riot,12
1787860174.897,gateway,1
1787860174.909,dns,11
1787860174.934,riot,11
1787860175.897,gateway,1
1787860175.911,dns,15
1787860175.940,riot,13
1787860176.898,gateway,1
1787860176.912,dns,13
1787860176.938,riot,11
1787860177.899,gateway,1
1787860177.912,dns,14
1787860177.938,riot,12
1787860178.900,gateway,1
1787860178.915,dns,13
1787860178.941,riot,15
1787860179.901,gateway,1
1787860179.913,dns,17
1787860179.943,riot,11
1787860180.902,gateway,1
1787860180.913,dns,13
1787860180.941,riot,11
1787860181.902,gateway,1
1787860181.916,dns,13
1787860181.943,riot,13
1787860182.903,gateway,1
1787860182.916,dns,14
1787860182.942,riot,14
1787860183.904,gateway,1
1787860183.918,dns,13
1787860183.942,riot,11
1787860184.906,gateway,1
1787860184.922,dns,15
1787860184.950,riot,16
1787860185.906,gateway,1
1787860185.920,dns,14
1787860185.947,riot,12
1787860186.906,gateway,1
1787860186.922,dns,15
1787860186.949,riot,12
1787860187.906,gateway,1
1787860187.919,dns,11
1787860187.942,riot,11
1787860188.907,gateway,1
1787860188.922,dns,14
1787860188.949,riot,11
1787860189.908,gateway,1
1787860189.921,dns,13
1787860189.947,riot,12
1787860190.909,gateway,1
1787860190.922,dns,15
1787860190.950,riot,12
1787860191.911,gateway,1
1787860191.925,dns,14
1787860191.949,riot,14
1787860192.911,gateway,1
1787860192.924,dns,14
1787860192.951,riot,12
1787860193.913,gateway,1
1787860193.926,dns,14
1787860193.952,riot,13
1787860194.913,gateway,1
1787860194.926,dns,16
1787860194.956,riot,11
1787860195.915,gateway,1
1787860195.928,dns,13
1787860195.955,riot,12
1787860196.916,gateway,1
1787860196.929,dns,13
1787860196.954,riot,11
1787860197.917,gateway,1
1787860197.930,dns,14
1787860197.957,riot,12
1787860198.919,gateway,1
1787860198.931,dns,16
1787860198.960,riot,13
1787860199.919,gateway,1
1787860199.932,dns,14
1787860199.959,riot,11
1787860200.921,gateway,1
1787860200.934,dns,14
1787860200.960,riot,13
1787860201.921,gateway,1
1787860201.935,dns,14
1787860201.961,riot,12
1787860202.922,gateway,3
1787860202.937,dns,13
1787860202.965,riot,12
1787860203.922,gateway,1
1787860203.937,dns,14
1787860203.965,riot,15
1787860204.923,gateway,1
1787860204.936,dns,14
1787860204.962,riot,12
1787860205.924,gateway,1
1787860205.935,dns,16
1787860205.965,riot,11
1787860206.925,gateway,1
1787860206.938,dns,17
1787860206.967,riot,12
1787860207.927,gateway,1
1787860207.941,dns,13
1787860207.965,riot,13
1787860208.928,gateway,1
1787860208.941,dns,14
1787860208.969,riot,12
1787860209.930,gateway,1
1787860209.942,dns,15
1787860209.970,riot,11
1787860210.931,gateway,1
1787860210.943,dns,15
1787860210.970,riot,13
1787860211.932,gateway,1
1787860211.944,dns,15
1787860211.970,riot,13
1787860212.933,gateway,1
1787860212.945,dns,12
1787860212.970,riot,14
1787860213.933,gateway,1
1787860213.948,dns,13
1787860213.974,riot,13
1787860214.934,gateway,1
1787860214.946,dns,14
1787860214.974,riot,11
1787860215.935,gateway,1
1787860215.948,dns,13
1787860215.973,riot,14
1787860216.936,gateway,1
1787860216.949,dns,15
1787860216.976,riot,11
1787860217.937,gateway,1
1787860217.950,dns,15
1787860217.978,riot,11
1787860218.938,gateway,23
1787860218.972,dns,34
1787860219.020,riot,35
1787860219.939,gateway,44
1787860219.995,dns,55
1787860220.063,riot,52
1787860220.939,gateway,4
1787860220.956,dns,13
1787860220.981,riot,39
1787860221.941,gateway,25
1787860221.978,dns,57
1787860222.047,riot,51
1787860222.942,gateway,43
1787860222.998,dns,55
1787860223.065,riot,53
1787860223.942,gateway,1
1787860223.955,dns,38
1787860224.004,riot,12
1787860224.944,gateway,1
1787860224.958,dns,14
1787860224.985,riot,11
1787860225.944,gateway,1
1787860225.957,dns,14
1787860225.983,riot,11
1787860226.946,gateway,1
1787860226.958,dns,16
1787860226.988,riot,11
1787860227.946,gateway,1
1787860227.960,dns,13
1787860227.986,riot,13
1787860228.947,gateway,1
1787860228.962,dns,13
1787860228.988,riot,12
1787860229.948,gateway,1
1787860229.960,dns,15
1787860229.989,riot,11
1787860230.949,gateway,1
1787860230.962,dns,14
1787860230.988,riot,12
1787860231.950,gateway,1
1787860231.962,dns,14
1787860231.987,riot,16
1787860232.951,gateway,1
1787860232.964,dns,14
1787860232.990,riot,12
1787860233.953,gateway,1
1787860233.965,dns,13
1787860233.992,riot,11
1787860234.955,gateway,1
1787860234.968,dns,13
1787860234.994,riot,14
1787860235.956,gateway,1
1787860235.970,dns,14
1787860235.997,riot,13
1787860236.957,gateway,1
1787860236.970,dns,14
1787860236.996,riot,11
1787860237.957,gateway,1
1787860237.971,dns,15
1787860237.998,riot,13
1787860238.958,gateway,1
1787860238.971,dns,14
1787860239.000,riot,14
1787860239.960,gateway,1
1787860239.992,dns,14
1787860240.020,riot,12
1787860240.961,gateway,2
1787860240.976,dns,16
1787860241.005,riot,13
1787860241.962,gateway,1
1787860241.975,dns,15
1787860242.004,riot,11
1787860242.964,gateway,1
1787860242.977,dns,14
1787860243.003,riot,13
1787860243.965,gateway,1
1787860243.978,dns,14
1787860244.004,riot,12
1787860244.966,gateway,1
1787860244.979,dns,15
1787860245.006,riot,13
1787860245.966,gateway,1
1787860245.979,dns,13
1787860246.006,riot,13
1787860246.967,gateway,1
1787860246.980,dns,13
1787860247.006,riot,12
1787860247.968,gateway,1
1787860247.980,dns,15
1787860248.008,riot,17
1787860248.969,gateway,1
1787860248.983,dns,15
1787860249.010,riot,12
1787860249.971,gateway,1
1787860249.984,dns,14
1787860250.012,riot,14
1787860250.972,gateway,1
1787860250.987,dns,13
1787860251.014,riot,13
1787860251.973,gateway,1
1787860251.986,dns,13
1787860252.012,riot,12
1787860252.974,gateway,1
1787860252.986,dns,13
1787860253.015,riot,13
1787860253.975,gateway,1
1787860253.987,dns,15
1787860254.017,riot,12
1787860254.976,gateway,1
1787860254.989,dns,14
1787860255.016,riot,12
1787860255.976,gateway,1
1787860255.989,dns,22
1787860256.024,riot,12
1787860256.976,gateway,484
1787860257.473,dns,700
1787860258.183,riot,645
1787860258.842,gateway,567
1787860259.422,dns,14
1787860259.448,riot,14
1787860259.842,gateway,1
1787860259.856,dns,13
1787860259.882,riot,12
1787860260.843,gateway,2
1787860260.859,dns,13
1787860260.885,riot,14
1787860261.844,gateway,1
1787860261.857,dns,14
1787860261.884,riot,11
1787860262.845,gateway,1
1787860262.857,dns,14
1787860262.884,riot,12
1787860263.845,gateway,1
1787860263.860,dns,17
1787860263.890,riot,12
1787860264.846,gateway,1
1787860264.859,dns,13
1787860264.885,riot,13
1787860265.847,gateway,1
1787860265.859,dns,14
1787860265.887,riot,13
1787860266.848,gateway,1
1787860266.862,dns,17
1787860266.889,riot,14
1787860267.849,gateway,1
1787860267.860,dns,16
1787860267.888,riot,14
1787860268.849,gateway,1
1787860268.864,dns,15
1787860268.892,riot,14
1787860269.851,gateway,2
1787860269.867,dns,17
1787860269.897,riot,11
1787860270.851,gateway,1
1787860270.865,dns,14
1787860270.894,riot,12
1787860271.851,gateway,1
1787860271.866,dns,14
1787860271.894,riot,15
1787860272.853,gateway,1
1787860272.867,dns,14
1787860272.895,riot,12
1787860273.854,gateway,2
1787860273.868,dns,15
1787860273.895,riot,12
1787860274.854,gateway,2
1787860274.869,dns,13
1787860274.896,riot,11
1787860275.856,gateway,1
1787860275.870,dns,14
1787860275.897,riot,12
1787860276.857,gateway,1
1787860276.870,dns,13
1787860276.895,riot,11
1787860277.858,gateway,1
1787860277.871,dns,14
1787860277.896,riot,24
1787860278.859,gateway,1
1787860278.873,dns,13
1787860278.898,riot,12
1787860279.860,gateway,1
1787860279.873,dns,13
1787860279.897,riot,11
1787860280.861,gateway,6
1787860280.878,dns,14
1787860280.906,riot,11
1787860281.861,gateway,1
1787860281.874,dns,14
1787860281.899,riot,12
1787860282.863,gateway,1
1787860282.876,dns,19
1787860282.908,riot,13
1787860283.863,gateway,1
1787860283.875,dns,16
1787860283.905,riot,12
1787860284.864,gateway,1
1787860284.876,dns,21
1787860284.912,riot,14
1787860285.865,gateway,1
1787860285.878,dns,14
1787860285.905,riot,12
1787860286.866,gateway,1
1787860286.878,dns,15
1787860286.904,riot,15
1787860287.867,gateway,1
1787860287.880,dns,14
1787860287.907,riot,23
1787860288.868,gateway,1
1787860288.880,dns,14
1787860288.908,riot,18
1787860289.869,gateway,1
1787860289.880,dns,14
1787860289.907,riot,14
1787860290.870,gateway,1
1787860290.885,dns,14
1787860290.911,riot,11
1787860291.871,gateway,1
1787860291.884,dns,14
1787860291.912,riot,14
1787860292.872,gateway,1
1787860292.883,dns,17
1787860292.913,riot,12
1787860293.874,gateway,1
1787860293.887,dns,13
1787860293.913,riot,13
1787860294.875,gateway,1
1787860294.887,dns,14
1787860294.915,riot,11
1787860295.876,gateway,1
1787860295.890,dns,14
1787860295.918,riot,12
1787860296.877,gateway,1
1787860296.890,dns,14
1787860296.917,riot,11
1787860297.877,gateway,1
1787860297.890,dns,14
1787860297.916,riot,16
1787860298.879,gateway,1
1787860298.892,dns,15
1787860298.920,riot,13
1787860299.879,gateway,1
1787860299.894,dns,14
1787860299.921,riot,12
1787860300.880,gateway,5
1787860300.897,dns,28
1787860300.938,riot,23
1787860301.882,gateway,1
1787860301.895,dns,17
1787860301.925,riot,13
1787860302.882,gateway,1
1787860302.897,dns,13
1787860302.924,riot,9
1787860303.884,gateway,1
1787860303.897,dns,13
1787860303.923,riot,12
1787860304.884,gateway,1
1787860304.897,dns,15
1787860304.924,riot,11
1787860305.885,gateway,1
1787860305.897,dns,13
1787860305.924,riot,12
1787860306.886,gateway,1
1787860306.898,dns,13
1787860306.923,riot,13
1787860307.886,gateway,1
1787860307.900,dns,18
1787860307.932,riot,14
1787860308.888,gateway,1
1787860308.900,dns,13
1787860308.926,riot,13
1787860309.889,gateway,1
1787860309.902,dns,14
1787860309.930,riot,12
1787860310.890,gateway,1
1787860310.903,dns,14
1787860310.931,riot,13
1787860311.890,gateway,1
1787860311.902,dns,13
1787860311.928,riot,12
1787860312.891,gateway,1
1787860312.904,dns,14
1787860312.930,riot,14
1787860313.892,gateway,1
1787860313.905,dns,13
1787860313.931,riot,12
1787860314.893,gateway,1
1787860314.905,dns,14
1787860314.933,riot,13
1787860315.894,gateway,1
1787860315.908,dns,13
1787860315.935,riot,14
1787860316.895,gateway,1
1787860316.907,dns,13
1787860316.932,riot,11
1787860317.896,gateway,1
1787860317.909,dns,14
1787860317.935,riot,12
1787860318.897,gateway,1
1787860318.910,dns,14
1787860318.935,riot,12
1787860319.898,gateway,1
1787860319.911,dns,16
1787860319.938,riot,13
1787860320.899,gateway,2
1787860320.914,dns,17
1787860320.967,riot,14
1787860321.900,gateway,1
1787860321.912,dns,13
1787860321.939,riot,12
1787860322.902,gateway,1
1787860322.915,dns,14
1787860322.940,riot,12
1787860323.902,gateway,1
1787860323.915,dns,17
1787860323.945,riot,12
1787860324.903,gateway,1
1787860324.918,dns,13
1787860324.945,riot,12
1787860325.904,gateway,1
1787860325.915,dns,15
1787860325.946,riot,14
1787860326.905,gateway,1
1787860326.918,dns,13
1787860326.946,riot,12
1787860327.906,gateway,1
1787860327.919,dns,14
1787860327.946,riot,13
1787860328.906,gateway,1
1787860328.918,dns,13
1787860328.944,riot,11
1787860329.907,gateway,1
1787860329.920,dns,14
1787860329.949,riot,12
1787860330.908,gateway,1
1787860330.920,dns,13
1787860330.948,riot,11
1787860331.909,gateway,1
1787860331.923,dns,15
1787860331.951,riot,12
1787860332.910,gateway,1
1787860332.923,dns,13
1787860332.951,riot,12
1787860333.910,gateway,1
1787860333.925,dns,14
1787860333.953,riot,11
1787860334.911,gateway,1
1787860334.926,dns,14
1787860334.955,riot,12
1787860335.912,gateway,1
1787860335.926,dns,14
1787860335.953,riot,13
1787860336.913,gateway,1
1787860336.928,dns,14
1787860336.954,riot,12
1787860337.914,gateway,1
1787860337.928,dns,13
1787860337.955,riot,13
1787860338.915,gateway,1
1787860338.930,dns,13
1787860338.957,riot,11
1787860339.915,gateway,1
1787860339.928,dns,13
1787860339.955,riot,13
1787860340.916,gateway,1
1787860340.930,dns,14
1787860340.955,riot,11
1787860341.917,gateway,1
1787860341.931,dns,14
1787860341.958,riot,12
1787860342.918,gateway,1
1787860342.931,dns,13
1787860342.956,riot,12
1787860343.919,gateway,1
1787860343.932,dns,13
1787860343.956,riot,12
1787860344.920,gateway,1
1787860344.933,dns,14
1787860344.961,riot,13
1787860345.920,gateway,1
1787860345.933,dns,14
1787860345.962,riot,12
1787860346.921,gateway,1
1787860346.934,dns,13
1787860346.959,riot,12
1787860347.922,gateway,1
1787860347.935,dns,13
1787860347.961,riot,15
1787860348.922,gateway,1
1787860348.937,dns,14
1787860348.964,riot,12
1787860349.923,gateway,1
1787860349.936,dns,13
1787860349.962,riot,11
1787860350.923,gateway,1
1787860350.936,dns,14
1787860350.964,riot,15
1787860351.925,gateway,1
1787860351.938,dns,13
1787860351.964,riot,12
1787860352.926,gateway,1
1787860352.938,dns,13
1787860352.964,riot,12
1787860353.927,gateway,1
1787860353.941,dns,14
1787860353.969,riot,11
1787860354.927,gateway,1
1787860354.939,dns,17
1787860354.969,riot,13
1787860355.928,gateway,1
1787860355.940,dns,13
1787860355.966,riot,12
1787860356.929,gateway,1
1787860356.942,dns,13
1787860356.969,riot,12
1787860357.929,gateway,1
1787860357.941,dns,14
1787860357.968,riot,12
1787860358.931,gateway,1
1787860358.944,dns,14
1787860358.972,riot,11
1787860359.932,gateway,1
1787860359.946,dns,15
1787860359.975,riot,12
1787860360.934,gateway,1
1787860360.947,dns,14
1787860360.974,riot,11
1787860361.935,gateway,1
1787860361.950,dns,15
1787860361.977,riot,12
1787860362.936,gateway,1
1787860362.950,dns,14
1787860362.976,riot,13
1787860363.938,gateway,1
1787860363.952,dns,14
1787860363.979,riot,12
1787860364.939,gateway,1
1787860364.954,dns,15
1787860364.983,riot,13
1787860365.940,gateway,1
1787860365.952,dns,16
1787860365.982,riot,11
1787860366.942,gateway,1
1787860366.955,dns,14
1787860366.982,riot,11
1787860367.944,gateway,1
1787860367.957,dns,14
1787860367.984,riot,11
1787860368.945,gateway,1
1787860368.959,dns,13
1787860368.983,riot,12
1787860369.946,gateway,2
1787860369.963,dns,14
1787860369.990,riot,12
1787860370.947,gateway,1
1787860370.960,dns,14
1787860370.988,riot,11
1787860371.948,gateway,1
1787860371.961,dns,13
1787860371.987,riot,13
1787860372.950,gateway,1
1787860372.962,dns,14
1787860372.988,riot,13
1787860373.951,gateway,1
1787860373.964,dns,13
1787860373.988,riot,12
1787860374.952,gateway,1
1787860374.964,dns,14
1787860374.989,riot,12
1787860375.954,gateway,1
1787860375.966,dns,14
1787860375.991,riot,13
1787860376.954,gateway,2
1787860376.969,dns,13
1787860376.994,riot,11
1787860377.955,gateway,1
1787860377.967,dns,16
1787860377.995,riot,12
1787860378.957,gateway,1
1787860378.968,dns,14
1787860378.995,riot,12
1787860379.957,gateway,1
1787860379.971,dns,11
1787860379.994,riot,12
1787860380.958,gateway,1
1787860380.970,dns,14
1787860380.997,riot,13
1787860381.959,gateway,1
1787860381.971,dns,16
1787860381.999,riot,12
1787860382.960,gateway,1
1787860382.972,dns,15
1787860383.000,riot,12
1787860383.961,gateway,1
1787860383.975,dns,14
1787860384.002,riot,12
1787860384.962,gateway,1
1787860384.974,dns,13
1787860385.000,riot,12
1787860385.963,gateway,1
1787860385.976,dns,15
1787860386.002,riot,15
1787860386.964,gateway,1
1787860386.976,dns,14
1787860387.002,riot,12
1787860387.965,gateway,1
1787860387.979,dns,15
1787860388.006,riot,12
1787860388.967,gateway,1
1787860388.981,dns,15
1787860389.008,riot,12
1787860389.968,gateway,1
1787860389.980,dns,14
1787860390.006,riot,12
1787860390.969,gateway,1
1787860390.981,dns,15
1787860391.009,riot,12
1787860391.970,gateway,1
1787860391.983,dns,15
1787860392.011,riot,17
1787860392.971,gateway,1
1787860392.985,dns,14
1787860393.013,riot,11
1787860393.973,gateway,1
1787860393.986,dns,14
1787860394.012,riot,13
1787860394.974,gateway,1
1787860394.988,dns,14
1787860395.015,riot,16
1787860395.975,gateway,1
1787860395.988,dns,14
1787860396.016,riot,11
1787860396.975,gateway,1
1787860396.987,dns,14
1787860397.015,riot,15
1787860397.976,gateway,1
1787860397.991,dns,15
1787860398.018,riot,12
1787860398.977,gateway,1
1787860398.991,dns,14
1787860399.018,riot,13
1787860399.978,gateway,1
1787860399.992,dns,15
1787860400.021,riot,11
1787860400.979,gateway,1
1787860400.991,dns,13
1787860401.017,riot,12
1787860401.980,gateway,1
1787860401.993,dns,13
1787860402.021,riot,12
1787860402.980,gateway,1
1787860402.993,dns,13
1787860403.020,riot,12
1787860403.981,gateway,1
1787860403.995,dns,9
1787860404.018,riot,11
1787860404.982,gateway,1
1787860404.996,dns,13
1787860405.022,riot,13
1787860405.984,gateway,1
1787860405.997,dns,13
1787860406.024,riot,15
1787860406.985,gateway,1
1787860407.007,dns,14
1787860407.034,riot,13
1787860407.987,gateway,4
1787860408.002,dns,14
1787860408.029,riot,12
1787860408.988,gateway,1
1787860409.002,dns,15
1787860409.029,riot,14
1787860409.989,gateway,1
1787860410.003,dns,17
1787860410.033,riot,17
1787860410.990,gateway,1
1787860411.003,dns,16
1787860411.036,riot,14
1787860411.991,gateway,1
1787860412.005,dns,14
1787860412.055,riot,14
1787860412.991,gateway,1
1787860413.004,dns,18
1787860413.035,riot,14
1787860413.991,gateway,1
1787860414.005,dns,15
1787860414.034,riot,17
1787860414.993,gateway,1
1787860415.007,dns,16
1787860415.038,riot,14
1787860415.994,gateway,1
1787860416.008,dns,17
1787860416.037,riot,15
1787860416.996,gateway,1
1787860417.009,dns,15
1787860417.035,riot,20
1787860417.997,gateway,1
1787860418.010,dns,16
1787860418.040,riot,13
1787860418.997,gateway,1
1787860419.012,dns,16
1787860419.041,riot,13
1787860419.998,gateway,1
1787860420.012,dns,19
1787860420.044,riot,13
1787860420.998,gateway,1
1787860421.012,dns,14
1787860421.039,riot,12
1787860421.999,gateway,1
1787860422.014,dns,17
1787860422.044,riot,11
1787860423.000,gateway,1
1787860423.015,dns,14
1787860423.042,riot,12
1787860424.001,gateway,1
1787860424.015,dns,14
1787860424.041,riot,12
1787860425.002,gateway,7
1787860425.022,dns,13
1787860425.048,riot,13
1787860426.003,gateway,1
1787860426.016,dns,13
1787860426.044,riot,12
1787860427.005,gateway,2
1787860427.020,dns,18
1787860427.052,riot,12
1787860428.006,gateway,2
1787860428.021,dns,14
1787860428.048,riot,8
1787860429.007,gateway,1
1787860429.020,dns,22
1787860429.056,riot,12
1787860430.007,gateway,1
1787860430.021,dns,13
1787860430.048,riot,13
1787860431.009,gateway,1
1787860431.022,dns,13
1787860431.047,riot,17
1787860432.010,gateway,1
1787860432.023,dns,14
1787860432.052,riot,20
1787860433.012,gateway,1
1787860433.026,dns,14
1787860433.053,riot,15
1787860434.013,gateway,1
1787860434.027,dns,13
1787860434.053,riot,11
1787860435.014,gateway,1
1787860435.029,dns,15
1787860435.057,riot,12
1787860436.015,gateway,1
1787860436.028,dns,14
1787860436.056,riot,8
1787860437.016,gateway,2
1787860437.030,dns,14
1787860437.058,riot,12
1787860438.017,gateway,1
1787860438.031,dns,13
1787860438.057,riot,12
1787860439.018,gateway,1
1787860439.031,dns,14
1787860439.058,riot,11
1787860440.019,gateway,1
1787860440.033,dns,14
1787860440.062,riot,12
1787860441.020,gateway,1
1787860441.035,dns,19
1787860441.067,riot,13
1787860442.022,gateway,1
1787860442.034,dns,14
1787860442.061,riot,16
1787860443.022,gateway,1
1787860443.036,dns,12
1787860443.060,riot,15
1787860444.023,gateway,1
1787860444.036,dns,15
1787860444.063,riot,13
1787860445.023,gateway,3
1787860445.039,dns,14
1787860445.066,riot,11
1787860446.024,gateway,1
1787860446.037,dns,15
1787860446.063,riot,12
1787860447.025,gateway,1
1787860447.039,dns,16
1787860447.067,riot,12
1787860448.027,gateway,1
1787860448.040,dns,14
1787860448.068,riot,13
1787860449.028,gateway,1
1787860449.040,dns,14
1787860449.068,riot,17
1787860450.028,gateway,2
1787860450.043,dns,13
1787860450.069,riot,11
1787860451.029,gateway,1
1787860451.041,dns,15
1787860451.070,riot,12
1787860452.029,gateway,1
1787860452.042,dns,14
1787860452.068,riot,15
1787860453.030,gateway,1
1787860453.043,dns,13
1787860453.068,riot,11
1787860454.031,gateway,1
1787860454.043,dns,15
1787860454.071,riot,12
1787860455.031,gateway,4
1787860455.048,dns,14
1787860455.075,riot,14
1787860456.031,gateway,1
1787860456.044,dns,15
1787860456.071,riot,12
1787860457.032,gateway,1
1787860457.044,dns,14
1787860457.071,riot,12
1787860458.034,gateway,1
1787860458.046,dns,14
1787860458.073,riot,11
1787860459.034,gateway,1
1787860459.047,dns,14
1787860459.072,riot,11
1787860460.035,gateway,1
1787860460.048,dns,13
1787860460.075,riot,14
1787860461.036,gateway,1
1787860461.050,dns,14
1787860461.075,riot,17
1787860462.037,gateway,1
1787860462.049,dns,15
1787860462.078,riot,12
1787860463.038,gateway,1
1787860463.052,dns,14
1787860463.079,riot,12
1787860464.039,gateway,1
1787860464.052,dns,14
1787860464.080,riot,13
1787860465.040,gateway,1
1787860465.054,dns,15
1787860465.082,riot,13
1787860466.040,gateway,1
1787860466.053,dns,14
1787860466.081,riot,14
1787860467.042,gateway,1
1787860467.054,dns,14
1787860467.082,riot,12
1787860468.042,gateway,1
1787860468.054,dns,15
1787860468.083,riot,11
1787860469.043,gateway,1
1787860469.058,dns,14
1787860469.084,riot,13
1787860470.043,gateway,1
1787860470.056,dns,15
1787860470.085,riot,14
1787860471.044,gateway,1
1787860471.058,dns,13
1787860471.083,riot,11
1787860472.044,gateway,1
1787860472.057,dns,16
1787860472.085,riot,13
1787860473.046,gateway,1
1787860473.059,dns,13
1787860473.085,riot,12
1787860474.046,gateway,1
1787860474.058,dns,14
1787860474.085,riot,12
1787860475.046,gateway,1
1787860475.058,dns,13
1787860475.085,riot,12
1787860476.047,gateway,1
1787860476.058,dns,13
1787860476.084,riot,13
1787860477.048,gateway,1
1787860477.061,dns,14
1787860477.088,riot,11
1787860478.049,gateway,1
1787860478.063,dns,14
1787860478.091,riot,12
1787860479.050,gateway,1
1787860479.064,dns,14
1787860479.091,riot,12
1787860480.050,gateway,1
1787860480.062,dns,13
1787860480.089,riot,11
1787860481.051,gateway,1
1787860481.063,dns,13
1787860481.089,riot,12
1787860482.052,gateway,1
1787860482.066,dns,13
1787860482.091,riot,12
1787860483.054,gateway,1
1787860483.067,dns,16
1787860483.095,riot,13
1787860484.055,gateway,1
1787860484.067,dns,16
1787860484.096,riot,13
1787860485.057,gateway,1
1787860485.069,dns,15
1787860485.096,riot,12
1787860486.057,gateway,1
1787860486.069,dns,15
1787860486.097,riot,11
1787860487.058,gateway,1
1787860487.071,dns,14
1787860487.098,riot,11
1787860488.059,gateway,1
1787860488.073,dns,16
1787860488.102,riot,13
1787860489.060,gateway,1
1787860489.074,dns,16
1787860489.103,riot,12
1787860490.061,gateway,1
1787860490.076,dns,14
1787860490.103,riot,12
1787860491.062,gateway,1
1787860491.075,dns,15
1787860491.102,riot,13
1787860492.062,gateway,1
1787860492.076,dns,13
1787860492.103,riot,12
1787860493.063,gateway,1
1787860493.076,dns,14
1787860493.103,riot,12
1787860494.063,gateway,1
1787860494.075,dns,14
1787860494.103,riot,12
1787860495.064,gateway,1
1787860495.076,dns,10
1787860495.099,riot,12
1787860496.065,gateway,1
1787860496.076,dns,14
1787860496.103,riot,12
1787860497.067,gateway,1
1787860497.080,dns,14
1787860497.107,riot,12
1787860498.068,gateway,1
1787860498.090,dns,15
1787860498.118,riot,15
1787860499.068,gateway,1
1787860499.081,dns,13
1787860499.107,riot,14
1787860500.070,gateway,1
1787860500.084,dns,14
1787860500.111,riot,11
1787860501.072,gateway,1
1787860501.086,dns,21
1787860501.118,riot,12
1787860502.073,gateway,3
1787860502.089,dns,19
1787860502.122,riot,8
1787860503.075,gateway,1
1787860503.089,dns,14
1787860503.118,riot,13
1787860504.075,gateway,1
1787860504.087,dns,14
1787860504.115,riot,12
1787860505.076,gateway,2
1787860505.092,dns,14
1787860505.118,riot,12
1787860506.078,gateway,1
1787860506.091,dns,13
1787860506.115,riot,11
1787860507.078,gateway,1
1787860507.090,dns,13
1787860507.116,riot,8
1787860508.080,gateway,1
1787860508.093,dns,14
1787860508.120,riot,13
1787860509.081,gateway,1
1787860509.094,dns,14
1787860509.120,riot,12
1787860510.083,gateway,1
1787860510.097,dns,17
1787860510.127,riot,13
1787860511.083,gateway,1
1787860511.097,dns,15
1787860511.125,riot,12
1787860512.084,gateway,1
1787860512.097,dns,15
1787860512.126,riot,16
1787860513.084,gateway,1
1787860513.098,dns,14
1787860513.127,riot,13
1787860514.086,gateway,1
1787860514.097,dns,14
1787860514.126,riot,13
1787860515.087,gateway,1
1787860515.100,dns,14
1787860515.127,riot,12
1787860516.087,gateway,1
1787860516.100,dns,14
1787860516.126,riot,11
1787860517.088,gateway,1
1787860517.101,dns,14
1787860517.128,riot,12
1787860518.088,gateway,1
1787860518.103,dns,13
1787860518.129,riot,17
1787860519.089,gateway,1
1787860519.102,dns,15
1787860519.131,riot,18
1787860520.090,gateway,2
1787860520.105,dns,14
1787860520.131,riot,12
1787860521.091,gateway,1
1787860521.104,dns,13
1787860521.129,riot,12
1787860522.093,gateway,1
1787860522.106,dns,13
1787860522.132,riot,13
1787860523.093,gateway,1
1787860523.107,dns,13
1787860523.132,riot,11
1787860524.094,gateway,1
1787860524.107,dns,21
1787860524.140,riot,12
1787860525.094,gateway,1
1787860525.108,dns,14
1787860525.136,riot,12
1787860526.095,gateway,2
1787860526.109,dns,17
1787860526.142,riot,11
1787860527.096,gateway,1
1787860527.109,dns,14
1787860527.138,riot,12
1787860528.097,gateway,1
1787860528.109,dns,15
1787860528.137,riot,12
1787860529.098,gateway,1
1787860529.111,dns,16
1787860529.142,riot,13
1787860530.099,gateway,1
1787860530.113,dns,13
1787860530.141,riot,12
1787860531.099,gateway,1
1787860531.114,dns,16
1787860531.143,riot,12
1787860532.099,gateway,1
1787860532.114,dns,15
1787860532.143,riot,10
1787860533.100,gateway,1
1787860533.114,dns,13
1787860533.139,riot,12
1787860534.101,gateway,1
1787860534.115,dns,14
1787860534.141,riot,12
1787860535.102,gateway,1
1787860535.115,dns,13
1787860535.141,riot,12
1787860536.102,gateway,1
1787860536.116,dns,13
1787860536.142,riot,12
1787860537.104,gateway,1
1787860537.118,dns,14
1787860537.144,riot,12
1787860538.106,gateway,1
1787860538.117,dns,14
1787860538.146,riot,12
1787860539.107,gateway,1
1787860539.120,dns,13
1787860539.146,riot,13
1787860540.107,gateway,1
1787860540.120,dns,13
1787860540.147,riot,13
1787860541.109,gateway,1
1787860541.122,dns,14
1787860541.150,riot,12
1787860542.109,gateway,1
1787860542.123,dns,14
1787860542.149,riot,9
1787860543.110,gateway,1
1787860543.123,dns,14
1787860543.150,riot,12
1787860544.112,gateway,1
1787860544.125,dns,15
1787860544.152,riot,11
1787860545.113,gateway,1
1787860545.125,dns,13
1787860545.152,riot,11
1787860546.113,gateway,1
1787860546.126,dns,13
1787860546.152,riot,13
1787860547.114,gateway,1
1787860547.127,dns,14
1787860547.153,riot,12
1787860548.115,gateway,1
1787860548.127,dns,14
1787860548.154,riot,13
1787860549.116,gateway,1
1787860549.128,dns,12
1787860549.152,riot,12
1787860550.117,gateway,1
1787860550.132,dns,15
1787860550.159,riot,12
1787860551.118,gateway,1
1787860551.131,dns,14
1787860551.158,riot,12
1787860552.119,gateway,1
1787860552.132,dns,14
1787860552.160,riot,11
1787860553.120,gateway,1
1787860553.132,dns,14
1787860553.159,riot,12
1787860554.121,gateway,1
1787860554.135,dns,14
1787860554.162,riot,14
1787860555.123,gateway,1
1787860555.135,dns,14
1787860555.162,riot,11
1787860556.124,gateway,1
1787860556.136,dns,14
1787860556.163,riot,11
1787860557.124,gateway,1
1787860557.136,dns,15
1787860557.163,riot,12
1787860558.125,gateway,1
1787860558.137,dns,14
1787860558.164,riot,12
1787860559.125,gateway,1
1787860559.138,dns,14
1787860559.165,riot,13
1787860560.126,gateway,1
1787860560.139,dns,14
1787860560.165,riot,11
1787860561.127,gateway,1
1787860561.140,dns,16
1787860561.170,riot,13
1787860562.128,gateway,1
1787860562.141,dns,16
1787860562.169,riot,13
1787860563.130,gateway,1
1787860563.143,dns,13
1787860563.168,riot,12
1787860564.131,gateway,1
1787860564.145,dns,14
1787860564.172,riot,13
1787860565.132,gateway,1
1787860565.146,dns,14
1787860565.175,riot,11
1787860566.132,gateway,1
1787860566.144,dns,13
1787860566.171,riot,10
1787860567.133,gateway,6
1787860567.152,dns,18
1787860567.181,riot,14
1787860568.134,gateway,1
1787860568.147,dns,14
1787860568.173,riot,12
1787860569.135,gateway,1
1787860569.148,dns,19
1787860569.179,riot,15
1787860570.136,gateway,1
1787860570.148,dns,14
1787860570.176,riot,12
1787860571.137,gateway,1
1787860571.150,dns,22
1787860571.184,riot,11
1787860572.138,gateway,1
1787860572.149,dns,13
1787860572.174,riot,14
1787860573.139,gateway,1
1787860573.151,dns,14
1787860573.178,riot,16
1787860574.140,gateway,3
1787860574.156,dns,13
1787860574.181,riot,19
1787860575.142,gateway,1
1787860575.155,dns,14
1787860575.181,riot,19
1787860576.142,gateway,1
1787860576.156,dns,15
1787860576.183,riot,12
1787860577.143,gateway,2
1787860577.157,dns,14
1787860577.184,riot,12
1787860578.145,gateway,1
1787860578.157,dns,14
1787860578.184,riot,12
1787860579.146,gateway,1
1787860579.159,dns,15
1787860579.186,riot,13
1787860580.147,gateway,1
1787860580.160,dns,13
1787860580.185,riot,11
1787860581.148,gateway,1
1787860581.162,dns,13
1787860581.187,riot,15
1787860582.149,gateway,1
1787860582.162,dns,16
1787860582.191,riot,13
1787860583.150,gateway,1
1787860583.162,dns,15
1787860583.191,riot,14
1787860584.152,gateway,1
1787860584.166,dns,13
1787860584.192,riot,15
1787860585.153,gateway,1
1787860585.167,dns,13
1787860585.192,riot,11
1787860586.155,gateway,1
1787860586.166,dns,15
1787860586.193,riot,12
1787860587.155,gateway,1
1787860587.169,dns,14
1787860587.195,riot,12
1787860588.156,gateway,1
1787860588.169,dns,14
1787860588.194,riot,12
1787860589.157,gateway,1
1787860589.186,dns,14
1787860589.212,riot,12
1787860590.157,gateway,1
1787860590.169,dns,15
1787860590.197,riot,13
1787860591.158,gateway,1
1787860591.171,dns,16
1787860591.199,riot,14
1787860592.159,gateway,2
1787860592.173,dns,10
1787860592.195,riot,17
1787860593.160,gateway,1
1787860593.174,dns,14
1787860593.201,riot,11
1787860594.161,gateway,1
1787860594.173,dns,17
1787860594.203,riot,12
1787860595.162,gateway,1
1787860595.175,dns,14
1787860595.201,riot,12
1787860596.163,gateway,1
1787860596.175,dns,15
1787860596.203,riot,13
1787860597.164,gateway,1
1787860597.176,dns,18
1787860597.207,riot,16
1787860598.165,gateway,1
1787860598.177,dns,14
1787860598.203,riot,15
1787860599.166,gateway,1
1787860599.178,dns,13
1787860599.202,riot,10
1787860600.167,gateway,1
1787860600.179,dns,14
1787860600.206,riot,15
1787860601.168,gateway,4
1787860601.184,dns,14
1787860601.212,riot,14
1787860602.169,gateway,1
1787860602.181,dns,14
1787860602.208,riot,12
1787860603.170,gateway,1
1787860603.183,dns,13
1787860603.208,riot,13
1787860604.171,gateway,1
1787860604.184,dns,16
1787860604.214,riot,11
1787860605.172,gateway,1
1787860605.186,dns,14
1787860605.213,riot,13
1787860606.174,gateway,1
1787860606.188,dns,15
1787860606.215,riot,12
1787860607.174,gateway,1
1787860607.188,dns,15
1787860607.215,riot,13
1787860608.175,gateway,1
1787860608.187,dns,16
1787860608.215,riot,13
1787860609.175,gateway,1
1787860609.190,dns,13
1787860609.218,riot,13
1787860610.176,gateway,1
1787860610.189,dns,13
1787860610.215,riot,12
1787860611.177,gateway,1
1787860611.190,dns,17
1787860611.220,riot,13
1787860612.177,gateway,1
1787860612.190,dns,15
1787860612.216,riot,12
1787860613.178,gateway,1
1787860613.191,dns,14
1787860613.218,riot,11
1787860614.179,gateway,1
1787860614.191,dns,17
1787860614.222,riot,12
1787860615.179,gateway,2
1787860615.193,dns,14
1787860615.221,riot,13
1787860616.180,gateway,1
1787860616.193,dns,14
1787860616.219,riot,13
1787860617.181,gateway,1
1787860617.194,dns,14
1787860617.220,riot,13
1787860618.182,gateway,1
1787860618.194,dns,15
1787860618.221,riot,13
1787860619.183,gateway,1
1787860619.196,dns,14
1787860619.223,riot,12
1787860620.184,gateway,2
1787860620.199,dns,14
1787860620.226,riot,12
1787860621.185,gateway,1
1787860621.198,dns,14
1787860621.226,riot,12
1787860622.186,gateway,1
1787860622.199,dns,14
1787860622.226,riot,13
1787860623.186,gateway,1
1787860623.200,dns,14
1787860623.226,riot,12
1787860624.187,gateway,1
1787860624.201,dns,14
1787860624.229,riot,12
1787860625.188,gateway,1
1787860625.204,dns,14
1787860625.231,riot,11
1787860626.189,gateway,1
1787860626.203,dns,13
1787860626.228,riot,10
1787860627.191,gateway,1
1787860627.204,dns,13
1787860627.230,riot,13
1787860628.192,gateway,1
1787860628.206,dns,14
1787860628.233,riot,13
1787860629.193,gateway,1
1787860629.206,dns,14
1787860629.233,riot,12
1787860630.194,gateway,1
1787860630.207,dns,15
1787860630.235,riot,11
1787860631.195,gateway,1
1787860631.207,dns,14
1787860631.235,riot,12
1787860632.195,gateway,7
1787860632.216,dns,17
1787860632.247,riot,14
1787860633.196,gateway,1
1787860633.209,dns,13
1787860633.233,riot,13
1787860634.197,gateway,1
1787860634.211,dns,17
1787860634.241,riot,11
1787860635.197,gateway,3
1787860635.215,dns,13
1787860635.241,riot,13
1787860636.198,gateway,1
1787860636.212,dns,14
1787860636.240,riot,14
1787860637.199,gateway,1
1787860637.211,dns,13
1787860637.234,riot,13
1787860638.200,gateway,1
1787860638.217,dns,13
1787860638.243,riot,13
1787860639.201,gateway,1
1787860639.212,dns,15
1787860639.238,riot,13
1787860640.201,gateway,1
1787860640.215,dns,14
1787860640.241,riot,11
1787860641.203,gateway,1
1787860641.213,dns,14
1787860641.241,riot,11
1787860642.204,gateway,1
1787860642.215,dns,14
1787860642.241,riot,13
1787860643.205,gateway,1
1787860643.216,dns,13
1787860643.243,riot,14
1787860644.205,gateway,1
1787860644.217,dns,15
1787860644.243,riot,14
1787860645.206,gateway,1
1787860645.217,dns,16
1787860645.244,riot,13
1787860646.207,gateway,1
1787860646.218,dns,15
1787860646.244,riot,12
1787860647.207,gateway,1
1787860647.219,dns,14
1787860647.244,riot,12
1787860648.208,gateway,1
1787860648.219,dns,15
1787860648.244,riot,12
1787860649.208,gateway,1
1787860649.218,dns,14
1787860649.242,riot,12
1787860650.209,gateway,1
1787860650.218,dns,14
1787860650.242,riot,11
1787860651.209,gateway,1
1787860651.220,dns,15
1787860651.244,riot,13
1787860652.210,gateway,1
1787860652.220,dns,14
1787860652.243,riot,11
1787860653.211,gateway,1
1787860653.221,dns,14
1787860653.244,riot,11
1787860654.212,gateway,1
1787860654.223,dns,13
1787860654.246,riot,11
1787860655.213,gateway,1
1787860655.224,dns,14
1787860655.246,riot,11
1787860656.214,gateway,1
1787860656.225,dns,15
1787860656.250,riot,9
1787860657.216,gateway,1
1787860657.227,dns,16
1787860657.253,riot,13
1787860658.218,gateway,1
1787860658.228,dns,13
1787860658.250,riot,12
1787860659.218,gateway,1
1787860659.232,dns,15
1787860659.256,riot,13
1787860660.219,gateway,1
1787860660.231,dns,13
1787860660.253,riot,12
1787860661.220,gateway,1
1787860661.230,dns,13
1787860661.254,riot,14
1787860662.221,gateway,1
1787860662.232,dns,17
1787860662.258,riot,13
1787860663.222,gateway,1
1787860663.231,dns,14
1787860663.255,riot,11
1787860664.223,gateway,1
1787860664.233,dns,17
1787860664.259,riot,12
1787860665.224,gateway,1
1787860665.236,dns,15
1787860665.261,riot,13
1787860666.224,gateway,1
1787860666.234,dns,18
1787860666.262,riot,15
1787860667.225,gateway,1
1787860667.236,dns,15
1787860667.261,riot,12
1787860668.226,gateway,1
1787860668.238,dns,14
1787860668.262,riot,12
1787860669.227,gateway,6
1787860669.245,dns,16
1787860669.270,riot,13
1787860670.228,gateway,1
1787860670.238,dns,16
1787860670.263,riot,11
1787860671.229,gateway,1
1787860671.239,dns,15
1787860671.264,riot,12
1787860672.230,gateway,1
1787860672.240,dns,13
1787860672.264,riot,12
1787860673.230,gateway,1
1787860673.241,dns,14
1787860673.266,riot,12
1787860674.232,gateway,1
1787860674.246,dns,14
1787860674.269,riot,13
1787860675.233,gateway,4
1787860675.247,dns,15
1787860675.272,riot,24
1787860676.234,gateway,2
1787860676.246,dns,15
1787860676.272,riot,16
1787860677.235,gateway,1
1787860677.246,dns,14
1787860677.269,riot,12
1787860678.235,gateway,1
1787860678.247,dns,15
1787860678.272,riot,13
1787860679.236,gateway,1
1787860679.246,dns,45
1787860679.301,riot,40
1787860680.236,gateway,2
1787860680.249,dns,13
1787860680.273,riot,11
1787860681.237,gateway,1
1787860681.248,dns,14
1787860681.273,riot,13
1787860682.238,gateway,1
1787860682.249,dns,14
1787860682.274,riot,15
1787860683.239,gateway,1
1787860683.250,dns,14
1787860683.273,riot,12
1787860684.240,gateway,1
1787860684.251,dns,14
1787860684.274,riot,11
1787860685.240,gateway,1
1787860685.272,dns,15
1787860685.297,riot,13
1787860686.241,gateway,1
1787860686.251,dns,19
1787860686.279,riot,12
1787860687.242,gateway,1
1787860687.251,dns,15
1787860687.280,riot,17
1787860688.243,gateway,1
1787860688.252,dns,15
1787860688.278,riot,18
1787860689.244,gateway,1
1787860689.255,dns,13
1787860689.278,riot,12
1787860690.246,gateway,1
1787860690.256,dns,14
1787860690.281,riot,12
1787860691.247,gateway,1
1787860691.260,dns,14
1787860691.283,riot,15
1787860692.249,gateway,1
1787860692.260,dns,13
1787860692.283,riot,13
1787860693.250,gateway,1
1787860693.259,dns,14
1787860693.284,riot,13
1787860694.250,gateway,1
1787860694.259,dns,15
1787860694.286,riot,13
1787860695.250,gateway,1
1787860695.261,dns,14
1787860695.286,riot,12
1787860696.251,gateway,1
1787860696.263,dns,14
1787860696.285,riot,12
1787860697.253,gateway,1
1787860697.265,dns,13
1787860697.287,riot,16
1787860698.255,gateway,7
1787860698.273,dns,15
1787860698.297,riot,13
1787860699.256,gateway,1
1787860699.266,dns,18
1787860699.294,riot,12
1787860700.257,gateway,1
1787860700.270,dns,14
1787860700.293,riot,13
1787860701.257,gateway,1
1787860701.268,dns,13
1787860701.291,riot,12
1787860702.258,gateway,1
1787860702.269,dns,15
1787860702.293,riot,13
1787860703.259,gateway,1
1787860703.268,dns,13
1787860703.291,riot,13
1787860704.259,gateway,1
1787860704.271,dns,21
1787860704.301,riot,15
1787860705.261,gateway,1
1787860705.271,dns,14
1787860705.295,riot,13
1787860706.261,gateway,1
1787860706.271,dns,15
1787860706.295,riot,12
1787860707.262,gateway,1
1787860707.274,dns,14
1787860707.296,riot,12
1787860708.263,gateway,1
1787860708.274,dns,12
1787860708.296,riot,11
1787860709.264,gateway,5
1787860709.280,dns,14
1787860709.303,riot,11
1787860710.266,gateway,10
1787860710.287,dns,14
1787860710.311,riot,12
1787860711.267,gateway,1
1787860711.278,dns,22
1787860711.309,riot,13
1787860712.268,gateway,1
1787860712.280,dns,14
1787860712.304,riot,14
1787860713.268,gateway,1
1787860713.279,dns,21
1787860713.311,riot,12
1787860714.270,gateway,1
1787860714.282,dns,13
1787860714.305,riot,12
1787860715.271,gateway,1
1787860715.282,dns,13
1787860715.306,riot,18
1787860716.272,gateway,1
1787860716.283,dns,13
1787860716.305,riot,17
1787860717.273,gateway,1
1787860717.283,dns,16
1787860717.309,riot,20
1787860718.275,gateway,1
1787860718.285,dns,14
1787860718.309,riot,13
1787860719.276,gateway,1
1787860719.286,dns,15
1787860719.312,riot,13
1787860720.277,gateway,20
1787860720.308,dns,33
1787860720.352,riot,23
1787860721.278,gateway,1
1787860721.288,dns,15
1787860721.314,riot,12
1787860722.280,gateway,1
1787860722.291,dns,15
1787860722.316,riot,11
1787860723.281,gateway,1
1787860723.292,dns,11
1787860723.313,riot,14
1787860724.282,gateway,2
1787860724.293,dns,15
1787860724.319,riot,12
1787860725.284,gateway,1
1787860725.298,dns,15
1787860725.323,riot,12
1787860726.285,gateway,1
1787860726.300,dns,13
1787860726.323,riot,13
1787860727.285,gateway,1
1787860727.301,dns,14
1787860727.325,riot,13
1787860728.287,gateway,1
1787860728.305,dns,12
1787860728.327,riot,15
1787860729.289,gateway,1
1787860729.303,dns,16
1787860729.331,riot,16
1787860730.289,gateway,1
1787860730.302,dns,15
1787860730.328,riot,13
1787860731.290,gateway,1
1787860731.320,dns,14
1787860731.346,riot,12
1787860732.291,gateway,1
1787860732.314,dns,14
1787860732.344,riot,13
1787860733.291,gateway,1
1787860733.316,dns,15
1787860733.341,riot,16
1787860734.292,gateway,1
1787860734.309,dns,17
1787860734.338,riot,13
1787860735.293,gateway,1
1787860735.314,dns,14
1787860735.341,riot,14
1787860736.294,gateway,1
1787860736.305,dns,15
1787860736.331,riot,11
1787860737.295,gateway,1
1787860737.308,dns,13
1787860737.331,riot,11
1787860738.296,gateway,1
1787860738.308,dns,13
1787860738.330,riot,13
1787860739.296,gateway,1
1787860739.307,dns,13
1787860739.329,riot,13
1787860740.298,gateway,2
1787860740.309,dns,15
1787860740.334,riot,13
1787860741.299,gateway,8
1787860741.318,dns,14
1787860741.342,riot,13
1787860742.300,gateway,2
1787860742.313,dns,18
1787860742.341,riot,23
1787860743.301,gateway,1
1787860743.311,dns,14
1787860743.335,riot,13
1787860744.301,gateway,1
1787860744.318,dns,13
1787860744.341,riot,12
1787860745.302,gateway,1
1787860745.331,dns,14
1787860745.354,riot,12
1787860746.302,gateway,1
1787860746.319,dns,16
1787860746.347,riot,10
1787860747.302,gateway,1
1787860747.331,dns,13
1787860747.355,riot,13
1787860748.303,gateway,1
1787860748.317,dns,14
1787860748.342,riot,12
1787860749.303,gateway,1
1787860749.330,dns,14
1787860749.355,riot,12
1787860750.304,gateway,1
1787860750.326,dns,14
1787860750.355,riot,12
1787860751.305,gateway,1
1787860751.328,dns,14
1787860751.354,riot,13
1787860752.306,gateway,3
1787860752.328,dns,16
1787860752.357,riot,21
1787860753.307,gateway,1
1787860753.319,dns,14
1787860753.342,riot,13
1787860754.308,gateway,1
1787860754.317,dns,17
1787860754.344,riot,13
1787860755.308,gateway,1
1787860755.318,dns,15
1787860755.342,riot,12
1787860756.309,gateway,1
1787860756.322,dns,13
1787860756.345,riot,12
1787860757.310,gateway,1
1787860757.319,dns,13
1787860757.342,riot,12
1787860758.310,gateway,1
1787860758.322,dns,15
1787860758.347,riot,11
1787860759.312,gateway,1
1787860759.321,dns,15
1787860759.346,riot,12
1787860760.313,gateway,1
1787860760.323,dns,14
1787860760.347,riot,13
1787860761.314,gateway,1
1787860761.323,dns,14
1787860761.349,riot,12
1787860762.316,gateway,1
1787860762.325,dns,13
1787860762.349,riot,11
1787860763.316,gateway,1
1787860763.328,dns,15
1787860763.353,riot,13
1787860764.317,gateway,1
1787860764.329,dns,15
1787860764.352,riot,13
1787860765.319,gateway,1
1787860765.328,dns,20
1787860765.358,riot,13
1787860766.320,gateway,1
1787860766.331,dns,14
1787860766.354,riot,12
1787860767.320,gateway,1
1787860767.332,dns,14
1787860767.357,riot,13
1787860768.321,gateway,1
1787860768.331,dns,16
1787860768.358,riot,12
1787860769.322,gateway,1
1787860769.343,dns,14
1787860769.369,riot,13
1787860770.323,gateway,1
1787860770.333,dns,13
1787860770.356,riot,11
1787860771.323,gateway,1
1787860771.345,dns,15
1787860771.373,riot,13
1787860772.325,gateway,1
1787860772.347,dns,15
1787860772.373,riot,11
1787860773.325,gateway,1
1787860773.336,dns,19
1787860773.364,riot,17
1787860774.325,gateway,1
1787860774.341,dns,15
1787860774.367,riot,14
1787860775.327,gateway,3
1787860775.343,dns,17
1787860775.369,riot,13
1787860776.328,gateway,2
1787860776.347,dns,20
1787860776.377,riot,12
1787860777.330,gateway,1
1787860777.345,dns,14
1787860777.371,riot,13
1787860778.331,gateway,1
1787860778.352,dns,13
1787860778.378,riot,12
1787860779.332,gateway,1
1787860779.350,dns,15
1787860779.377,riot,15
1787860780.332,gateway,1
1787860780.349,dns,14
1787860780.374,riot,11
1787860781.333,gateway,1
1787860781.349,dns,15
1787860781.377,riot,12
1787860782.335,gateway,1
1787860782.359,dns,14
1787860782.387,riot,13
1787860783.336,gateway,1
1787860783.354,dns,17
1787860783.383,riot,16
1787860784.337,gateway,4
1787860784.352,dns,17
1787860784.378,riot,11
1787860785.338,gateway,1
1787860785.348,dns,14
1787860785.373,riot,13
1787860786.339,gateway,1
1787860786.349,dns,11
1787860786.369,riot,15
1787860787.339,gateway,1
1787860787.352,dns,15
1787860787.376,riot,13
1787860788.339,gateway,1
1787860788.351,dns,13
1787860788.373,riot,14
1787860789.341,gateway,1
1787860789.351,dns,15
1787860789.376,riot,13
1787860790.341,gateway,1
1787860790.353,dns,17
1787860790.379,riot,13
1787860791.343,gateway,1
1787860791.354,dns,15
1787860791.380,riot,11
1787860792.343,gateway,1
1787860792.355,dns,16
1787860792.381,riot,12
1787860793.344,gateway,1
1787860793.354,dns,15
1787860793.377,riot,15
1787860794.345,gateway,1
1787860794.356,dns,16
1787860794.382,riot,15
1787860795.346,gateway,1
1787860795.358,dns,16
1787860795.384,riot,13
1787860796.347,gateway,1
1787860796.371,dns,16
1787860796.395,riot,15
1787860797.348,gateway,1
1787860797.357,dns,15
1787860797.382,riot,14
1787860798.349,gateway,1
1787860798.359,dns,14
1787860798.384,riot,13
1787860799.350,gateway,1
1787860799.366,dns,15
1787860799.395,riot,14
1787860800.351,gateway,1
1787860800.380,dns,15
1787860800.406,riot,13
1787860801.352,gateway,1
1787860801.379,dns,13
1787860801.410,riot,11
1787860802.353,gateway,1
1787860802.372,dns,14
1787860802.396,riot,12
1787860803.353,gateway,1
1787860803.369,dns,16
1787860803.409,riot,13
1787860804.353,gateway,1
1787860804.377,dns,14
1787860804.403,riot,13
1787860805.355,gateway,1
1787860805.376,dns,13
1787860805.400,riot,12
1787860806.356,gateway,1
1787860806.377,dns,14
1787860806.402,riot,11
1787860807.357,gateway,1
1787860807.377,dns,14
1787860807.411,riot,12
1787860808.359,gateway,1
1787860808.381,dns,14
1787860808.413,riot,12
1787860809.360,gateway,1
1787860809.371,dns,17
1787860809.397,riot,11
1787860810.361,gateway,1
1787860810.376,dns,15
1787860810.400,riot,13
1787860811.362,gateway,2
1787860811.374,dns,14
1787860811.398,riot,13
1787860812.364,gateway,4
1787860812.378,dns,16
1787860812.403,riot,13
1787860813.365,gateway,1
1787860813.376,dns,15
1787860813.401,riot,12
1787860814.366,gateway,1
1787860814.376,dns,14
1787860814.399,riot,12
1787860815.368,gateway,1
1787860815.378,dns,14
1787860815.402,riot,12
1787860816.368,gateway,1
1787860816.379,dns,14
1787860816.403,riot,13
1787860817.369,gateway,1
1787860817.381,dns,14
1787860817.403,riot,12
1787860818.369,gateway,1
1787860818.381,dns,16
1787860818.407,riot,12
1787860819.370,gateway,1
1787860819.382,dns,15
1787860819.408,riot,13
1787860820.371,gateway,1
1787860820.381,dns,14
1787860820.406,riot,13
1787860821.372,gateway,1
1787860821.383,dns,14
1787860821.406,riot,12
1787860822.373,gateway,1
1787860822.383,dns,15
1787860822.407,riot,14
1787860823.374,gateway,1
1787860823.384,dns,16
1787860823.409,riot,16
1787860824.374,gateway,1
1787860824.388,dns,14
1787860824.411,riot,14
1787860825.375,gateway,7
1787860825.392,dns,38
1787860825.440,riot,23
1787860826.376,gateway,1
1787860826.390,dns,13
1787860826.414,riot,29
1787860827.377,gateway,1
1787860827.388,dns,15
1787860827.414,riot,12
1787860828.377,gateway,1
1787860828.390,dns,16
1787860828.416,riot,12
1787860829.378,gateway,1
1787860829.400,dns,14
1787860829.427,riot,13
1787860830.378,gateway,1
1787860830.391,dns,15
1787860830.416,riot,13
1787860831.380,gateway,1
1787860831.391,dns,17
1787860831.417,riot,15
1787860832.381,gateway,3
1787860832.394,dns,14
1787860832.419,riot,13
1787860833.383,gateway,1
1787860833.394,dns,15
1787860833.420,riot,17
1787860834.384,gateway,1
1787860834.395,dns,16
1787860834.422,riot,13
1787860835.385,gateway,1
1787860835.409,dns,18
1787860835.438,riot,11
1787860836.386,gateway,1
1787860836.406,dns,14
1787860836.431,riot,11
1787860837.387,gateway,1
1787860837.408,dns,15
1787860837.436,riot,13
1787860838.388,gateway,1
1787860838.399,dns,17
1787860838.430,riot,12
1787860839.389,gateway,1
1787860839.411,dns,13
1787860839.432,riot,11
1787860840.391,gateway,1
1787860840.409,dns,15
1787860840.436,riot,13
1787860841.392,gateway,1
1787860841.413,dns,15
1787860841.437,riot,12
1787860842.393,gateway,1
1787860842.411,dns,13
1787860842.442,riot,11
1787860843.395,gateway,1
1787860843.413,dns,14
1787860843.440,riot,13
1787860844.397,gateway,1
1787860844.411,dns,15
1787860844.440,riot,13
1787860845.397,gateway,1
1787860845.416,dns,13
1787860845.447,riot,11
1787860846.399,gateway,1
1787860846.416,dns,16
1787860846.443,riot,18
1787860847.400,gateway,5
1787860847.421,dns,15
1787860847.448,riot,13
1787860848.401,gateway,1
1787860848.422,dns,13
1787860848.446,riot,12
1787860849.402,gateway,1
1787860849.419,dns,15
1787860849.444,riot,14
1787860850.404,gateway,1
1787860850.417,dns,14
1787860850.442,riot,12
1787860851.406,gateway,1
1787860851.428,dns,16
1787860851.461,riot,14
1787860852.408,gateway,1
1787860852.423,dns,14
1787860852.448,riot,13
1787860853.409,gateway,2
1787860853.427,dns,15
1787860853.453,riot,12
1787860854.410,gateway,4
1787860854.431,dns,13
1787860854.458,riot,11
1787860855.411,gateway,9
1787860855.439,dns,16
1787860855.467,riot,13
1787860856.413,gateway,1
1787860856.433,dns,20
1787860856.463,riot,12
1787860857.413,gateway,1
1787860857.424,dns,20
1787860857.455,riot,12
1787860858.414,gateway,4
1787860858.442,dns,30
1787860858.484,riot,13
1787860859.414,gateway,1
1787860859.427,dns,15
1787860859.453,riot,17
1787860860.415,gateway,1
1787860860.434,dns,14
1787860860.465,riot,12
1787860861.415,gateway,1
1787860861.438,dns,14
1787860861.464,riot,21
1787860862.416,gateway,1
1787860862.445,dns,13
1787860862.469,riot,21
1787860863.416,gateway,1
1787860863.431,dns,15
1787860863.456,riot,11
1787860864.418,gateway,2
1787860864.447,dns,16
1787860864.477,riot,13
1787860865.418,gateway,1
1787860865.440,dns,13
1787860865.463,riot,12
1787860866.419,gateway,2
1787860866.437,dns,14
1787860866.461,riot,15
1787860867.419,gateway,2
1787860867.436,dns,14
1787860867.463,riot,12
1787860868.420,gateway,1
1787860868.443,dns,13
1787860868.467,riot,19
1787860869.421,gateway,1
1787860869.437,dns,13
1787860869.461,riot,16
1787860870.421,gateway,1
1787860870.437,dns,14
1787860870.462,riot,13
1787860871.423,gateway,1
1787860871.434,dns,14
1787860871.457,riot,12
1787860872.424,gateway,1
1787860872.435,dns,15
1787860872.467,riot,12
1787860873.425,gateway,1
1787860873.446,dns,13
1787860873.468,riot,11
1787860874.426,gateway,1
1787860874.444,dns,26
1787860874.481,riot,12
1787860875.427,gateway,1
1787860875.441,dns,13
1787860875.465,riot,12
1787860876.429,gateway,1
1787860876.446,dns,15
1787860876.471,riot,13
1787860877.430,gateway,1
1787860877.448,dns,16
1787860877.473,riot,14
1787860878.431,gateway,2
1787860878.450,dns,15
1787860878.475,riot,12
1787860879.432,gateway,1
1787860879.449,dns,13
1787860879.474,riot,12
1787860880.433,gateway,1
1787860880.452,dns,16
1787860880.484,riot,9
1787860881.434,gateway,1
1787860881.453,dns,15
1787860881.477,riot,11
1787860882.435,gateway,1
1787860882.446,dns,14
1787860882.469,riot,11
1787860883.436,gateway,1
1787860883.447,dns,15
1787860883.472,riot,12
1787860884.437,gateway,1
1787860884.447,dns,16
1787860884.473,riot,12
1787860885.438,gateway,1
1787860885.449,dns,14
1787860885.473,riot,13
1787860886.440,gateway,3
1787860886.455,dns,14
1787860886.479,riot,11
1787860887.441,gateway,1
1787860887.452,dns,14
1787860887.475,riot,13
1787860888.442,gateway,3
1787860888.454,dns,15
1787860888.480,riot,14
1787860889.442,gateway,1
1787860889.455,dns,13
1787860889.479,riot,13
1787860890.443,gateway,1
1787860890.462,dns,15
1787860890.488,riot,12
1787860891.444,gateway,1
1787860891.456,dns,13
1787860891.481,riot,10
1787860892.445,gateway,1
1787860892.468,dns,15
1787860892.493,riot,12
1787860893.446,gateway,1
1787860893.457,dns,14
1787860893.483,riot,15
1787860894.447,gateway,1
1787860894.461,dns,14
1787860894.487,riot,16
1787860895.448,gateway,1
1787860895.471,dns,13
1787860895.497,riot,12
1787860896.449,gateway,1
1787860896.461,dns,13
1787860896.486,riot,14
1787860897.450,gateway,1
1787860897.473,dns,15
1787860897.501,riot,11
1787860898.451,gateway,1
1787860898.476,dns,13
1787860898.507,riot,11
1787860899.452,gateway,1
1787860899.467,dns,14
1787860899.493,riot,12
1787860900.453,gateway,1
1787860900.471,dns,14
1787860900.496,riot,13
1787860901.455,gateway,1
1787860901.473,dns,18
1787860901.501,riot,12
1787860902.455,gateway,1
1787860902.466,dns,20
1787860902.496,riot,11
1787860903.456,gateway,1
1787860903.471,dns,14
1787860903.499,riot,12
1787860904.456,gateway,1
1787860904.469,dns,16
1787860904.496,riot,12
1787860905.457,gateway,1
1787860905.471,dns,14
1787860905.495,riot,13
1787860906.458,gateway,1
1787860906.474,dns,15
1787860906.499,riot,10
1787860907.459,gateway,1
1787860907.469,dns,18
1787860907.497,riot,11
1787860908.460,gateway,1
1787860908.471,dns,14
1787860908.495,riot,12
1787860909.461,gateway,1
1787860909.472,dns,13
1787860909.495,riot,13
1787860910.461,gateway,1
1787860910.472,dns,15
1787860910.497,riot,13
1787860911.462,gateway,1
1787860911.473,dns,22
1787860911.505,riot,16
1787860912.464,gateway,1
1787860912.474,dns,21
1787860912.505,riot,17
1787860913.465,gateway,7
1787860913.482,dns,16
1787860913.507,riot,14
1787860914.467,gateway,1
1787860914.478,dns,13
1787860914.500,riot,12
1787860915.467,gateway,1
1787860915.479,dns,14
1787860915.501,riot,11
1787860916.469,gateway,1
1787860916.481,dns,14
1787860916.505,riot,11
1787860917.469,gateway,1
1787860917.479,dns,14
1787860917.503,riot,12
1787860918.470,gateway,1
1787860918.481,dns,13
1787860918.503,riot,12
1787860919.471,gateway,1
1787860919.482,dns,14
1787860919.508,riot,17
1787860920.471,gateway,1
1787860920.481,dns,14
1787860920.504,riot,12
1787860921.471,gateway,1
1787860921.482,dns,13
1787860921.504,riot,13
1787860922.472,gateway,1
1787860922.483,dns,14
1787860922.506,riot,13
1787860923.474,gateway,1
1787860923.485,dns,15
1787860923.509,riot,11
1787860924.475,gateway,1
1787860924.486,dns,16
1787860924.511,riot,8
1787860925.477,gateway,1
1787860925.505,dns,15
1787860925.531,riot,13
1787860926.477,gateway,1
1787860926.492,dns,15
1787860926.517,riot,12
1787860927.479,gateway,1
1787860927.491,dns,15
1787860927.516,riot,13
1787860928.480,gateway,1
1787860928.508,dns,14
1787860928.539,riot,13
1787860929.481,gateway,1
1787860929.493,dns,18
1787860929.523,riot,12
1787860930.483,gateway,1
1787860930.493,dns,13
1787860930.516,riot,12
1787860931.484,gateway,1
1787860931.500,dns,13
1787860931.524,riot,16
1787860932.486,gateway,1
1787860932.510,dns,13
1787860932.532,riot,13
1787860933.486,gateway,8
1787860933.512,dns,15
1787860933.541,riot,13
1787860934.487,gateway,1
1787860934.511,dns,14
1787860934.535,riot,13
1787860935.487,gateway,1
1787860935.498,dns,14
1787860935.522,riot,11
1787860936.488,gateway,1
1787860936.509,dns,14
1787860936.532,riot,13
1787860937.490,gateway,1
1787860937.502,dns,14
1787860937.526,riot,21
1787860938.491,gateway,1
1787860938.507,dns,13
1787860938.530,riot,12
1787860939.493,gateway,1
1787860939.506,dns,13
1787860939.529,riot,12
1787860940.494,gateway,1
1787860940.506,dns,14
1787860940.530,riot,13
1787860941.495,gateway,1
1787860941.510,dns,17
1787860941.535,riot,12
1787860942.496,gateway,1
1787860942.518,dns,20
1787860942.556,riot,16
1787860943.496,gateway,5
1787860943.525,dns,17
1787860943.557,riot,13
1787860944.497,gateway,1
1787860944.511,dns,16
1787860944.537,riot,13
1787860945.499,gateway,1
1787860945.514,dns,14
1787860945.541,riot,12
1787860946.500,gateway,1
1787860946.520,dns,16
1787860946.546,riot,13
1787860947.501,gateway,1
1787860947.523,dns,13
1787860947.546,riot,12
1787860948.503,gateway,1
1787860948.516,dns,14
1787860948.540,riot,12
1787860949.504,gateway,1
1787860949.519,dns,13
1787860949.543,riot,12
1787860950.505,gateway,1
1787860950.518,dns,13
1787860950.542,riot,12
1787860951.506,gateway,1
1787860951.525,dns,14
1787860951.550,riot,11
1787860952.507,gateway,1
1787860952.521,dns,13
1787860952.544,riot,11
1787860953.507,gateway,1
1787860953.532,dns,13
1787860953.553,riot,11
1787860954.509,gateway,1
1787860954.523,dns,15
1787860954.548,riot,13
1787860955.510,gateway,2
1787860955.523,dns,18
1787860955.551,riot,19
1787860956.510,gateway,3
1787860956.532,dns,14
1787860956.559,riot,12
1787860957.511,gateway,1
1787860957.522,dns,14
1787860957.547,riot,12
1787860958.513,gateway,1
1787860958.541,dns,13
1787860958.566,riot,13
1787860959.515,gateway,1
1787860959.537,dns,11
1787860959.563,riot,12
1787860960.515,gateway,1
1787860960.526,dns,14
1787860960.549,riot,11
1787860961.516,gateway,3
1787860961.529,dns,12
1787860961.551,riot,13
1787860962.517,gateway,18
1787860962.544,dns,16
1787860962.571,riot,12
1787860963.518,gateway,1
1787860963.530,dns,14
1787860963.554,riot,12
1787860964.518,gateway,1
1787860964.530,dns,14
1787860964.553,riot,14
1787860965.520,gateway,1
1787860965.532,dns,15
1787860965.557,riot,13
1787860966.521,gateway,1
1787860966.532,dns,18
1787860966.559,riot,13
1787860967.523,gateway,1
1787860967.534,dns,17
1787860967.560,riot,13
1787860968.524,gateway,3
1787860968.537,dns,20
1787860968.566,riot,16
1787860969.525,gateway,1
1787860969.535,dns,13
1787860969.559,riot,13
1787860970.526,gateway,1
1787860970.537,dns,14
1787860970.561,riot,11
1787860971.526,gateway,1
1787860971.537,dns,15
1787860971.563,riot,13
1787860972.527,gateway,1
1787860972.538,dns,14
1787860972.561,riot,13
1787860973.528,gateway,2
1787860973.540,dns,18
1787860973.567,riot,10
1787860974.530,gateway,2
1787860974.541,dns,14
1787860974.564,riot,13
1787860975.530,gateway,1
1787860975.541,dns,14
1787860975.565,riot,22
1787860976.531,gateway,1
1787860976.542,dns,15
1787860976.566,riot,10
1787860977.531,gateway,1
1787860977.541,dns,15
1787860977.565,riot,11
1787860978.532,gateway,1
1787860978.542,dns,14
1787860978.567,riot,13
1787860979.532,gateway,1
1787860979.542,dns,14
1787860979.566,riot,12
1787860980.533,gateway,1
1787860980.542,dns,13
1787860980.565,riot,12
1787860981.533,gateway,1
1787860981.544,dns,14
1787860981.568,riot,13
1787860982.533,gateway,1
1787860982.542,dns,13
1787860982.566,riot,12
1787860983.534,gateway,1
1787860983.544,dns,13
1787860983.568,riot,11
1787860984.536,gateway,1
1787860984.547,dns,18
1787860984.574,riot,13
1787860985.537,gateway,1
1787860985.547,dns,15
1787860985.572,riot,13
1787860986.538,gateway,2
1787860986.549,dns,17
1787860986.576,riot,13
1787860987.538,gateway,1
1787860987.566,dns,18
1787860987.596,riot,11
1787860988.539,gateway,1
1787860988.556,dns,13
1787860988.581,riot,13
1787860989.540,gateway,1
1787860989.557,dns,13
1787860989.579,riot,13
1787860990.542,gateway,1
1787860990.552,dns,13
1787860990.576,riot,15
1787860991.543,gateway,1
1787860991.568,dns,14
1787860991.595,riot,20
1787860992.544,gateway,1
1787860992.574,dns,16
1787860992.601,riot,12
1787860993.546,gateway,1
1787860993.568,dns,15
1787860993.593,riot,14
1787860994.547,gateway,1
1787860994.558,dns,13
1787860994.581,riot,13
1787860995.548,gateway,1
1787860995.573,dns,14
1787860995.597,riot,11
1787860996.549,gateway,1
1787860996.573,dns,15
1787860996.600,riot,12
1787860997.551,gateway,1
1787860997.581,dns,14
1787860997.604,riot,12
1787860998.552,gateway,1
1787860998.579,dns,13
1787860998.603,riot,16
1787860999.554,gateway,9
1787860999.583,dns,14
1787860999.621,riot,13
1787861000.555,gateway,1
1787861000.574,dns,20
1787861000.603,riot,12
1787861001.556,gateway,1
1787861001.566,dns,23
1787861001.599,riot,12
1787861002.557,gateway,1
1787861002.573,dns,22
1787861002.607,riot,12
1787861003.558,gateway,1
1787861003.589,dns,23
1787861003.629,riot,12
1787861004.559,gateway,1
1787861004.570,dns,15
1787861004.595,riot,14
1787861005.559,gateway,1
1787861005.580,dns,13
1787861005.603,riot,12
1787861006.561,gateway,1
1787861006.571,dns,14
1787861006.595,riot,12
1787861007.562,gateway,7
1787861007.580,dns,15
1787861007.607,riot,11
1787861008.562,gateway,8
1787861008.580,dns,22
1787861008.612,riot,16
1787861009.564,gateway,1
1787861009.586,dns,13
1787861009.611,riot,12
1787861010.565,gateway,1
1787861010.592,dns,13
1787861010.615,riot,11
1787861011.566,gateway,1
1787861011.586,dns,13
1787861011.611,riot,12
1787861012.567,gateway,1
1787861012.577,dns,13
1787861012.611,riot,10
1787861013.568,gateway,1
1787861013.584,dns,13
1787861013.616,riot,13
1787861014.569,gateway,7
1787861014.606,dns,11
1787861014.629,riot,16
1787861015.570,gateway,1
1787861015.593,dns,17
1787861015.622,riot,13
1787861016.571,gateway,6
1787861016.601,dns,17
1787861016.635,riot,32
1787861017.571,gateway,1
1787861017.587,dns,14
1787861017.611,riot,13
1787861018.573,gateway,1
1787861018.582,dns,14
1787861018.608,riot,14
1787861019.574,gateway,1
1787861019.593,dns,15
1787861019.618,riot,13
1787861020.574,gateway,1
1787861020.596,dns,13
1787861020.627,riot,13
1787861021.575,gateway,1
1787861021.596,dns,14
1787861021.622,riot,12
1787861022.576,gateway,1
1787861022.593,dns,15
1787861022.619,riot,11
1787861023.576,gateway,1
1787861023.603,dns,13
1787861023.633,riot,12
1787861024.577,gateway,1
1787861024.588,dns,14
1787861024.614,riot,13
1787861025.578,gateway,1
1787861025.589,dns,13
1787861025.614,riot,14
1787861026.579,gateway,3
1787861026.591,dns,16
1787861026.617,riot,12
1787861027.579,gateway,1
1787861027.591,dns,15
1787861027.615,riot,10
1787861028.580,gateway,1
1787861028.591,dns,14
1787861028.616,riot,12
1787861029.582,gateway,2
1787861029.593,dns,14
1787861029.617,riot,13
1787861030.582,gateway,1
1787861030.593,dns,13
1787861030.615,riot,11
1787861031.583,gateway,6
1787861031.599,dns,16
1787861031.626,riot,13
1787861032.584,gateway,1
1787861032.596,dns,16
1787861032.626,riot,13
1787861033.584,gateway,2
1787861033.595,dns,14
1787861033.619,riot,12
1787861034.585,gateway,1
1787861034.596,dns,13
1787861034.619,riot,11
1787861035.586,gateway,1
1787861035.596,dns,13
1787861035.619,riot,12
1787861036.587,gateway,1
1787861036.610,dns,14
1787861036.635,riot,12
1787861037.588,gateway,3
1787861037.610,dns,14
1787861037.635,riot,14
1787861038.589,gateway,1
1787861038.609,dns,14
1787861038.637,riot,12
1787861039.590,gateway,1
1787861039.607,dns,14
1787861039.637,riot,13
1787861040.590,gateway,1
1787861040.603,dns,14
1787861040.633,riot,12
1787861041.591,gateway,1
1787861041.621,dns,13
1787861041.648,riot,13
1787861042.592,gateway,1
1787861042.614,dns,14
1787861042.639,riot,12
1787861043.592,gateway,1
1787861043.614,dns,14
1787861043.638,riot,12
1787861044.594,gateway,1
1787861044.610,dns,15
1787861044.637,riot,12
1787861045.594,gateway,1
1787861045.608,dns,9
1787861045.627,riot,13
1787861046.595,gateway,1
1787861046.608,dns,14
1787861046.636,riot,12
1787861047.596,gateway,2
1787861047.614,dns,14
1787861047.639,riot,13
1787861048.597,gateway,1
1787861048.611,dns,14
1787861048.635,riot,11
1787861049.598,gateway,1
1787861049.610,dns,15
1787861049.635,riot,19
1787861050.600,gateway,1
1787861050.616,dns,13
1787861050.641,riot,13
1787861051.601,gateway,1
1787861051.624,dns,15
1787861051.651,riot,11
1787861052.601,gateway,1
1787861052.616,dns,17
1787861052.643,riot,13
1787861053.602,gateway,1
1787861053.625,dns,16
1787861053.652,riot,12
1787861054.603,gateway,1
1787861054.620,dns,13
1787861054.643,riot,12
1787861055.603,gateway,2
1787861055.617,dns,14
1787861055.644,riot,12
1787861056.605,gateway,1
1787861056.619,dns,16
1787861056.644,riot,13
1787861057.606,gateway,1
1787861057.634,dns,14
1787861057.660,riot,13
1787861058.607,gateway,1
1787861058.636,dns,14
1787861058.667,riot,12
1787861059.608,gateway,1
1787861059.638,dns,14
1787861059.663,riot,13
1787861060.609,gateway,1
1787861060.637,dns,13
1787861060.660,riot,12
1787861061.610,gateway,3
1787861061.643,dns,17
1787861061.672,riot,12
1787861062.610,gateway,1
1787861062.638,dns,14
1787861062.663,riot,13
1787861063.611,gateway,1
1787861063.637,dns,14
1787861063.661,riot,13
1787861064.613,gateway,1
1787861064.641,dns,14
1787861064.667,riot,12
1787861065.614,gateway,1
1787861065.640,dns,13
1787861065.669,riot,11
1787861066.615,gateway,1
1787861066.628,dns,14
1787861066.654,riot,11
1787861067.616,gateway,2
1787861067.632,dns,16
1787861067.659,riot,11
1787861068.616,gateway,1
1787861068.631,dns,16
1787861068.659,riot,13
1787861069.617,gateway,1
1787861069.639,dns,13
1787861069.666,riot,13
1787861070.617,gateway,1
1787861070.641,dns,14
1787861070.664,riot,10
1787861071.618,gateway,1
1787861071.647,dns,14
1787861071.675,riot,12
1787861072.619,gateway,1
1787861072.631,dns,14
1787861072.655,riot,11
1787861073.620,gateway,2
1787861073.632,dns,13
1787861073.655,riot,11
1787861074.620,gateway,1
1787861074.630,dns,14
1787861074.654,riot,11
1787861075.622,gateway,1
1787861075.631,dns,13
1787861075.654,riot,12
1787861076.623,gateway,1
1787861076.633,dns,18
1787861076.661,riot,13
1787861077.624,gateway,1
1787861077.635,dns,15
1787861077.659,riot,12
1787861078.625,gateway,1
1787861078.636,dns,13
1787861078.659,riot,13
1787861079.625,gateway,1
1787861079.636,dns,14
1787861079.658,riot,11
1787861080.626,gateway,1
1787861080.636,dns,13
1787861080.659,riot,12
1787861081.627,gateway,1
1787861081.637,dns,15
1787861081.663,riot,13
1787861082.628,gateway,2
1787861082.641,dns,15
1787861082.664,riot,14
1787861083.629,gateway,2
1787861083.639,dns,17
1787861083.666,riot,13
1787861084.630,gateway,1
1787861084.640,dns,13
1787861084.662,riot,13
1787861085.630,gateway,1
1787861085.644,dns,14
1787861085.667,riot,12
1787861086.631,gateway,1
1787861086.642,dns,14
1787861086.665,riot,13
1787861087.632,gateway,1
1787861087.642,dns,13
1787861087.664,riot,15
1787861088.632,gateway,1
1787861088.643,dns,13
1787861088.666,riot,12
1787861089.633,gateway,1
1787861089.644,dns,14
1787861089.669,riot,12
1787861090.634,gateway,1
1787861090.645,dns,14
1787861090.668,riot,11
1787861091.635,gateway,1
1787861091.647,dns,14
1787861091.671,riot,11
1787861092.635,gateway,1
1787861092.645,dns,13
1787861092.668,riot,13
1787861093.635,gateway,1
1787861093.644,dns,13
1787861093.668,riot,13
1787861094.637,gateway,1
1787861094.647,dns,14
1787861094.671,riot,11
1787861095.638,gateway,1
1787861095.648,dns,13
1787861095.670,riot,11
1787861096.638,gateway,1
1787861096.649,dns,15
1787861096.674,riot,12
1787861097.639,gateway,1
1787861097.650,dns,14
1787861097.674,riot,12
1787861098.639,gateway,1
1787861098.650,dns,13
1787861098.672,riot,12
1787861099.640,gateway,1
1787861099.650,dns,15
1787861099.674,riot,11
1787861100.641,gateway,1
1787861100.652,dns,13
1787861100.674,riot,11
1787861101.643,gateway,1
1787861101.652,dns,14
1787861101.676,riot,13
1787861102.644,gateway,1
1787861102.654,dns,16
1787861102.679,riot,12
1787861103.645,gateway,3
1787861103.658,dns,14
1787861103.681,riot,12
1787861104.645,gateway,2
1787861104.657,dns,15
1787861104.680,riot,12
1787861105.646,gateway,1
1787861105.656,dns,15
1787861105.682,riot,11
1787861106.647,gateway,1
1787861106.657,dns,14
1787861106.683,riot,12
1787861107.648,gateway,3
1787861107.661,dns,14
1787861107.684,riot,11
1787861108.649,gateway,1
1787861108.658,dns,14
1787861108.683,riot,13
1787861109.649,gateway,1
1787861109.660,dns,16
1787861109.686,riot,12
1787861110.650,gateway,1
1787861110.661,dns,13
1787861110.685,riot,11
1787861111.651,gateway,1
1787861111.661,dns,14
1787861111.684,riot,11
1787861112.651,gateway,1
1787861112.661,dns,11
1787861112.682,riot,11
1787861113.652,gateway,1
1787861113.663,dns,14
1787861113.685,riot,12
1787861114.653,gateway,2
1787861114.663,dns,14
1787861114.688,riot,11
1787861115.653,gateway,1
1787861115.664,dns,13
1787861115.686,riot,13
1787861116.654,gateway,1
1787861116.663,dns,15
1787861116.688,riot,11
1787861117.655,gateway,16
1787861117.682,dns,15
1787861117.707,riot,15
1787861118.656,gateway,1
1787861118.667,dns,15
1787861118.692,riot,13
1787861119.658,gateway,1
1787861119.668,dns,14
1787861119.692,riot,20
1787861120.660,gateway,1
1787861120.670,dns,13
1787861120.692,riot,12
1787861121.661,gateway,1
1787861121.672,dns,13
1787861121.695,riot,13
1787861122.662,gateway,1
1787861122.672,dns,14
1787861122.696,riot,12
1787861123.663,gateway,2
1787861123.674,dns,16
1787861123.702,riot,14
1787861124.664,gateway,1
1787861124.677,dns,14
1787861124.701,riot,12
1787861125.666,gateway,1
1787861125.677,dns,13
1787861125.700,riot,12
1787861126.668,gateway,1
1787861126.686,dns,13
1787861126.709,riot,12
1787861127.668,gateway,1
1787861127.678,dns,14
1787861127.702,riot,12
1787861128.670,gateway,3
1787861128.686,dns,16
1787861128.711,riot,13
1787861129.672,gateway,2
1787861129.683,dns,16
1787861129.709,riot,11
1787861130.672,gateway,1
1787861130.683,dns,13
1787861130.706,riot,11
1787861131.674,gateway,1
1787861131.684,dns,14
1787861131.708,riot,13
1787861132.675,gateway,2
1787861132.688,dns,14
1787861132.711,riot,12
1787861133.675,gateway,1
1787861133.687,dns,13
1787861133.710,riot,11
1787861134.677,gateway,1
1787861134.698,dns,13
1787861134.722,riot,12
1787861135.677,gateway,1
1787861135.689,dns,14
1787861135.714,riot,14
1787861136.679,gateway,1
1787861136.689,dns,13
1787861136.712,riot,12
1787861137.680,gateway,1
1787861137.689,dns,15
1787861137.713,riot,12
1787861138.680,gateway,1
1787861138.692,dns,14
1787861138.715,riot,12
1787861139.682,gateway,4
1787861139.696,dns,15
1787861139.738,riot,13
1787861140.683,gateway,14
1787861140.708,dns,13
1787861140.732,riot,12
1787861141.684,gateway,1
1787861141.695,dns,22
1787861141.726,riot,13
1787861142.686,gateway,1
1787861142.696,dns,17
1787861142.723,riot,12
1787861143.687,gateway,1
1787861143.697,dns,21
1787861143.728,riot,12
1787861144.689,gateway,1
1787861144.699,dns,13
1787861144.721,riot,14
1787861145.690,gateway,1
1787861145.699,dns,15
1787861145.724,riot,19
1787861146.691,gateway,1
1787861146.702,dns,13
1787861146.726,riot,13
1787861147.692,gateway,1
1787861147.702,dns,15
1787861147.728,riot,20
1787861148.692,gateway,1
1787861148.703,dns,13
1787861148.725,riot,12
1787861149.694,gateway,1
1787861149.704,dns,13
1787861149.728,riot,11
1787861150.695,gateway,1
1787861150.707,dns,17
1787861150.734,riot,13
1787861151.696,gateway,1
1787861151.708,dns,14
1787861151.730,riot,12
1787861152.697,gateway,1
1787861152.708,dns,15
1787861152.733,riot,13
1787861153.697,gateway,2
1787861153.709,dns,16
1787861153.734,riot,13
1787861154.698,gateway,1
1787861154.709,dns,13
1787861154.733,riot,14
1787861155.698,gateway,1
1787861155.708,dns,13
1787861155.732,riot,13
1787861156.700,gateway,1
1787861156.711,dns,13
1787861156.734,riot,13
1787861157.701,gateway,1
1787861157.711,dns,13
1787861157.734,riot,11
1787861158.702,gateway,1
1787861158.716,dns,13
1787861158.741,riot,14
1787861159.703,gateway,1
1787861159.726,dns,13
1787861159.752,riot,17
1787861160.704,gateway,1
1787861160.719,dns,14
1787861160.744,riot,9
1787861161.704,gateway,1
1787861161.727,dns,13
1787861161.753,riot,13
1787861162.705,gateway,1
1787861162.721,dns,14
1787861162.750,riot,12
1787861163.706,gateway,1
1787861163.721,dns,13
1787861163.748,riot,11
1787861164.707,gateway,1
1787861164.736,dns,13
1787861164.761,riot,13
1787861165.708,gateway,4
1787861165.736,dns,20
1787861165.765,riot,12
1787861166.708,gateway,1
1787861166.736,dns,16
1787861166.764,riot,13
1787861167.709,gateway,1
1787861167.737,dns,13
1787861167.774,riot,12
1787861168.711,gateway,1
1787861168.732,dns,13
1787861168.755,riot,13
1787861169.712,gateway,1
1787861169.739,dns,14
1787861169.765,riot,13
1787861170.713,gateway,1
1787861170.738,dns,15
1787861170.763,riot,13
1787861171.715,gateway,1
1787861171.734,dns,14
1787861171.759,riot,17
1787861172.716,gateway,1
1787861172.733,dns,14
1787861172.757,riot,12
1787861173.717,gateway,1
1787861173.729,dns,14
1787861173.753,riot,12
1787861174.718,gateway,1
1787861174.741,dns,14
1787861174.764,riot,13
1787861175.720,gateway,1
1787861175.733,dns,14
1787861175.757,riot,11
1787861176.721,gateway,1
1787861176.735,dns,14
1787861176.762,riot,12
1787861177.722,gateway,1
1787861177.734,dns,14
1787861177.761,riot,11
1787861178.723,gateway,1
1787861178.735,dns,14
1787861178.761,riot,13
1787861179.723,gateway,1
1787861179.734,dns,14
1787861179.758,riot,11
1787861180.724,gateway,1
1787861180.735,dns,14
1787861180.758,riot,11
1787861181.724,gateway,1
1787861181.754,dns,14
1787861181.779,riot,11
1787861182.726,gateway,1
1787861182.737,dns,14
1787861182.761,riot,12
1787861183.726,gateway,2
1787861183.741,dns,13
1787861183.766,riot,11
1787861184.727,gateway,1
1787861184.738,dns,14
1787861184.765,riot,12
1787861185.728,gateway,1
1787861185.746,dns,13
1787861185.771,riot,13
1787861186.729,gateway,1
1787861186.742,dns,15
1787861186.771,riot,13
1787861187.730,gateway,2
1787861187.745,dns,15
1787861187.773,riot,13
1787861188.732,gateway,1
1787861188.744,dns,14
1787861188.771,riot,12
1787861189.734,gateway,1
1787861189.746,dns,14
1787861189.773,riot,12
1787861190.735,gateway,1
1787861190.745,dns,14
1787861190.769,riot,12
1787861191.736,gateway,1
1787861191.748,dns,15
1787861191.772,riot,12
1787861192.737,gateway,1
1787861192.755,dns,13
1787861192.779,riot,13
1787861193.738,gateway,1
1787861193.759,dns,14
1787861193.783,riot,11
1787861194.740,gateway,1
1787861194.751,dns,15
1787861194.775,riot,12
1787861195.741,gateway,1
1787861195.752,dns,15
1787861195.777,riot,13
1787861196.742,gateway,1
1787861196.752,dns,14
1787861196.776,riot,13
1787861197.743,gateway,2
1787861197.754,dns,15
1787861197.779,riot,13
1787861198.744,gateway,2
1787861198.757,dns,14
1787861198.781,riot,11
1787861199.745,gateway,1
1787861199.755,dns,16
1787861199.782,riot,12
1787861200.746,gateway,1
1787861200.759,dns,14
1787861200.782,riot,12
1787861201.747,gateway,1
1787861201.758,dns,13
1787861201.781,riot,13
1787861202.748,gateway,1
1787861202.760,dns,13
1787861202.783,riot,12
1787861203.749,gateway,1
1787861203.760,dns,13
1787861203.784,riot,15
1787861204.749,gateway,2
1787861204.763,dns,15
1787861204.787,riot,13
1787861205.750,gateway,3
1787861205.763,dns,16
1787861205.790,riot,13
1787861206.752,gateway,2
1787861206.763,dns,14
1787861206.787,riot,22
1787861207.752,gateway,1
1787861207.763,dns,14
1787861207.787,riot,11
1787861208.753,gateway,1
1787861208.764,dns,13
1787861208.786,riot,15
1787861209.753,gateway,1
1787861209.766,dns,14
1787861209.791,riot,10
1787861210.754,gateway,1
1787861210.764,dns,13
1787861210.787,riot,12
1787861211.754,gateway,1
1787861211.765,dns,15
1787861211.789,riot,13
1787861212.755,gateway,1
1787861212.767,dns,14
1787861212.791,riot,11
1787861213.757,gateway,1
1787861213.768,dns,15
1787861213.793,riot,13
1787861214.757,gateway,1
1787861214.768,dns,15
1787861214.792,riot,12
1787861215.759,gateway,1
1787861215.769,dns,14
1787861215.793,riot,11
1787861216.760,gateway,1
1787861216.770,dns,14
1787861216.794,riot,13
1787861217.761,gateway,1
1787861217.770,dns,14
1787861217.794,riot,12
1787861218.761,gateway,20
1787861218.794,dns,13
1787861218.816,riot,11
1787861219.762,gateway,1
1787861219.771,dns,16
1787861219.797,riot,12
1787861220.763,gateway,1
1787861220.774,dns,15
1787861220.799,riot,12
1787861221.764,gateway,1
1787861221.774,dns,13
1787861221.797,riot,11
1787861222.765,gateway,1
1787861222.777,dns,15
1787861222.801,riot,11
1787861223.766,gateway,1
1787861223.776,dns,13
1787861223.799,riot,14
1787861224.766,gateway,1
1787861224.775,dns,14
1787861224.799,riot,13
1787861225.766,gateway,1
1787861225.777,dns,15
1787861225.801,riot,11
1787861226.767,gateway,1
1787861226.777,dns,14
1787861226.801,riot,11
1787861227.768,gateway,1
1787861227.779,dns,15
1787861227.802,riot,12
1787861228.770,gateway,1
1787861228.780,dns,16
1787861228.805,riot,17
1787861229.771,gateway,1
1787861229.781,dns,14
1787861229.804,riot,12
1787861230.773,gateway,1
1787861230.785,dns,13
1787861230.808,riot,11
1787861231.773,gateway,2
1787861231.786,dns,14
1787861231.809,riot,11
1787861232.774,gateway,1
1787861232.785,dns,14
1787861232.818,riot,13
1787861233.774,gateway,1
1787861233.787,dns,14
1787861233.812,riot,12
1787861234.775,gateway,1
1787861234.787,dns,14
1787861234.813,riot,11
1787861235.775,gateway,1
1787861235.787,dns,14
1787861235.812,riot,13
1787861236.775,gateway,2
1787861236.789,dns,19
1787861236.821,riot,12
1787861237.776,gateway,2
1787861237.789,dns,16
1787861237.817,riot,12
1787861238.777,gateway,1
1787861238.789,dns,16
1787861238.817,riot,12
1787861239.778,gateway,1
1787861239.791,dns,16
1787861239.820,riot,14
1787861240.778,gateway,2
1787861240.794,dns,14
1787861240.821,riot,11
1787861241.779,gateway,1
1787861241.794,dns,18
1787861241.825,riot,12
1787861242.780,gateway,1
1787861242.794,dns,14
1787861242.821,riot,11
1787861243.782,gateway,1
1787861243.794,dns,14
1787861243.821,riot,12
1787861244.783,gateway,1
1787861244.797,dns,14
1787861244.823,riot,12
1787861245.785,gateway,1
1787861245.799,dns,15
1787861245.831,riot,12
1787861246.785,gateway,1
1787861246.798,dns,15
1787861246.829,riot,15
1787861247.785,gateway,1
1787861247.798,dns,15
1787861247.825,riot,12
1787861248.787,gateway,1
1787861248.801,dns,14
1787861248.826,riot,12
1787861249.787,gateway,1
1787861249.801,dns,16
1787861249.829,riot,14
1787861250.789,gateway,1
1787861250.803,dns,14
1787861250.829,riot,13
1787861251.790,gateway,1
1787861251.802,dns,14
1787861251.830,riot,13
1787861252.791,gateway,1
1787861252.804,dns,14
1787861252.828,riot,11
1787861253.791,gateway,13
1787861253.815,dns,14
1787861253.838,riot,12
1787861254.792,gateway,1
1787861254.803,dns,14
1787861254.825,riot,11
1787861255.792,gateway,2
1787861255.814,dns,14
1787861255.841,riot,12
1787861256.793,gateway,1
1787861256.804,dns,13
1787861256.828,riot,12
1787861257.794,gateway,1
1787861257.806,dns,13
1787861257.831,riot,12
1787861258.795,gateway,1
1787861258.805,dns,14
1787861258.831,riot,13
1787861259.796,gateway,2
1787861259.811,dns,15
1787861259.836,riot,12
1787861260.796,gateway,2
1787861260.813,dns,16
1787861260.840,riot,15
1787861261.797,gateway,2
1787861261.815,dns,15
1787861261.841,riot,13
1787861262.798,gateway,3
1787861262.815,dns,14
1787861262.842,riot,17
1787861263.798,gateway,2
1787861263.813,dns,15
1787861263.841,riot,11
1787861264.799,gateway,5
1787861264.818,dns,28
1787861264.858,riot,13
1787861265.800,gateway,1
1787861265.815,dns,14
1787861265.842,riot,13
1787861266.801,gateway,2
1787861266.817,dns,15
1787861266.846,riot,14
1787861267.803,gateway,2
1787861267.818,dns,15
1787861267.846,riot,12
1787861268.803,gateway,2
1787861268.819,dns,15
1787861268.847,riot,15
1787861269.804,gateway,1
1787861269.819,dns,15
1787861269.847,riot,13
1787861270.804,gateway,1
1787861270.819,dns,14
1787861270.845,riot,12
1787861271.807,gateway,2
1787861271.821,dns,15
1787861271.849,riot,13
1787861272.807,gateway,3
1787861272.824,dns,15
1787861272.852,riot,16
1787861273.808,gateway,1
1787861273.822,dns,17
1787861273.853,riot,12
1787861274.809,gateway,1
1787861274.822,dns,15
1787861274.851,riot,12
1787861275.810,gateway,2
1787861275.825,dns,15
1787861275.852,riot,14
1787861276.811,gateway,1
1787861276.824,dns,15
1787861276.851,riot,11
1787861277.812,gateway,3
1787861277.827,dns,14
1787861277.853,riot,12
1787861278.813,gateway,1
1787861278.827,dns,15
1787861278.854,riot,12
1787861279.815,gateway,1
1787861279.829,dns,16
1787861279.857,riot,14
1787861280.817,gateway,1
1787861280.831,dns,15
1787861280.858,riot,12
1787861281.818,gateway,1
1787861281.832,dns,15
1787861281.861,riot,17
1787861282.819,gateway,1
1787861282.833,dns,14
1787861282.860,riot,11
1787861283.820,gateway,8
1787861283.841,dns,18
1787861283.872,riot,12
1787861284.822,gateway,1
1787861284.836,dns,14
1787861284.863,riot,14
1787861285.822,gateway,1
1787861285.836,dns,21
1787861285.871,riot,12
1787861286.823,gateway,1
1787861286.837,dns,17
1787861286.866,riot,14
1787861287.823,gateway,1
1787861287.837,dns,22
1787861287.873,riot,13
1787861288.824,gateway,1
1787861288.835,dns,14
1787861288.862,riot,15
1787861289.824,gateway,1
1787861289.839,dns,15
1787861289.867,riot,17
1787861290.825,gateway,1
1787861290.838,dns,14
1787861290.864,riot,15
1787861291.825,gateway,1
1787861291.838,dns,17
1787861291.868,riot,19
1787861292.826,gateway,1
1787861292.839,dns,18
1787861292.870,riot,13
1787861293.826,gateway,1
1787861293.843,dns,16
1787861293.875,riot,13
1787861294.827,gateway,1
1787861294.841,dns,15
1787861294.868,riot,13
1787861295.827,gateway,1
1787861295.841,dns,42
1787861295.895,riot,44
1787861296.828,gateway,1
1787861296.844,dns,13
1787861296.872,riot,11
1787861297.830,gateway,1
1787861297.846,dns,17
1787861297.876,riot,19
1787861298.831,gateway,1
1787861298.846,dns,14
1787861298.874,riot,12
1787861299.832,gateway,1
1787861299.847,dns,14
1787861299.875,riot,12
1787861300.833,gateway,1
1787861300.846,dns,14
1787861300.874,riot,12
1787861301.834,gateway,2
1787861301.850,dns,15
1787861301.878,riot,12
1787861302.835,gateway,1
1787861302.851,dns,15
1787861302.880,riot,10
1787861303.837,gateway,1
1787861303.851,dns,16
1787861303.881,riot,12
1787861304.837,gateway,1
1787861304.851,dns,13
1787861304.878,riot,13
1787861305.838,gateway,3
1787861305.858,dns,14
1787861305.887,riot,14
1787861306.839,gateway,1
1787861306.851,dns,16
1787861306.881,riot,12
1787861307.840,gateway,1
1787861307.855,dns,13
1787861307.882,riot,12
1787861308.840,gateway,1
1787861308.854,dns,15
1787861308.883,riot,13
1787861309.841,gateway,1
1787861309.855,dns,14
1787861309.883,riot,10
1787861310.842,gateway,1
1787861310.856,dns,14
1787861310.885,riot,8
1787861311.843,gateway,1
1787861311.857,dns,14
1787861311.884,riot,11
1787861312.844,gateway,2
1787861312.861,dns,13
1787861312.888,riot,12
1787861313.846,gateway,1
1787861313.863,dns,13
1787861313.886,riot,12
1787861314.847,gateway,1
1787861314.860,dns,14
1787861314.883,riot,13
1787861315.849,gateway,1
1787861315.867,dns,14
1787861315.892,riot,12
1787861316.849,gateway,1
1787861316.865,dns,13
1787861316.887,riot,11
1787861317.849,gateway,1
1787861317.862,dns,13
1787861317.886,riot,13
1787861318.850,gateway,1
1787861318.864,dns,14
1787861318.889,riot,11
1787861319.851,gateway,1
1787861319.863,dns,14
1787861319.891,riot,13
1787861320.851,gateway,118
1787861320.983,dns,110
1787861321.106,riot,178
1787861321.852,gateway,2
1787861321.868,dns,14
1787861321.895,riot,13
1787861322.852,gateway,-1
1787861323.478,dns,223
1787861323.714,riot,-1
1787861324.473,gateway,737
1787861325.222,dns,13
1787861325.248,riot,13
1787861325.473,gateway,3
1787861325.489,dns,14
1787861325.516,riot,12
1787861326.473,gateway,2
1787861326.488,dns,14
1787861326.516,riot,13
1787861327.475,gateway,1
1787861327.487,dns,13
1787861327.513,riot,13
1787861328.476,gateway,1
1787861328.491,dns,13
1787861328.518,riot,13
1787861329.478,gateway,1
1787861329.491,dns,14
1787861329.517,riot,12
1787861330.478,gateway,1
1787861330.491,dns,14
1787861330.517,riot,11
1787861331.480,gateway,1
1787861331.493,dns,11
1787861331.517,riot,12
1787861332.481,gateway,1
1787861332.495,dns,14
1787861332.522,riot,13
1787861333.482,gateway,1
1787861333.495,dns,14
1787861333.521,riot,13
1787861334.483,gateway,1
1787861334.494,dns,16
1787861334.524,riot,11
1787861335.484,gateway,2
1787861335.499,dns,13
1787861335.526,riot,13
1787861336.486,gateway,1
1787861336.500,dns,14
1787861336.529,riot,13
1787861337.488,gateway,1
1787861337.502,dns,15
1787861337.531,riot,13
1787861338.489,gateway,1
1787861338.503,dns,14
1787861338.532,riot,12
1787861339.491,gateway,1
1787861339.505,dns,10
1787861339.529,riot,13
1787861340.491,gateway,1
1787861340.506,dns,123
1787861340.642,riot,35
1787861341.493,gateway,1
1787861341.507,dns,16
1787861341.536,riot,104
1787861342.494,gateway,1
1787861342.506,dns,13
1787861342.534,riot,12
1787861343.494,gateway,1
1787861343.508,dns,14
1787861343.535,riot,11
1787861344.495,gateway,1
1787861344.511,dns,14
1787861344.535,riot,12
1787861345.496,gateway,1
1787861345.507,dns,15
1787861345.531,riot,12
1787861346.497,gateway,1
1787861346.508,dns,17
1787861346.535,riot,14
1787861347.499,gateway,1
1787861347.519,dns,13
1787861347.543,riot,12
1787861348.501,gateway,1
1787861348.516,dns,13
1787861348.539,riot,13
1787861349.502,gateway,1
1787861349.513,dns,14
1787861349.537,riot,12
1787861350.502,gateway,1
1787861350.520,dns,16
1787861350.547,riot,12
1787861351.504,gateway,1
1787861351.517,dns,21
1787861351.552,riot,11
1787861352.504,gateway,1
1787861352.516,dns,12
1787861352.542,riot,15
1787861353.506,gateway,3
1787861353.522,dns,14
1787861353.550,riot,12
1787861354.507,gateway,1
1787861354.521,dns,14
1787861354.550,riot,12
1787861355.509,gateway,1
1787861355.521,dns,13
1787861355.548,riot,14
1787861356.509,gateway,1
1787861356.521,dns,15
1787861356.549,riot,12
1787861357.511,gateway,1
1787861357.524,dns,13
1787861357.548,riot,13
1787861358.511,gateway,1
1787861358.524,dns,14
1787861358.552,riot,13
1787861359.512,gateway,1
1787861359.525,dns,16
1787861359.554,riot,12
1787861360.512,gateway,1
1787861360.526,dns,14
1787861360.552,riot,11
1787861361.514,gateway,1
1787861361.528,dns,14
1787861361.555,riot,12
1787861362.515,gateway,1
1787861362.529,dns,15
1787861362.558,riot,13
1787861363.516,gateway,1
1787861363.531,dns,14
1787861363.558,riot,12
1787861364.517,gateway,1
1787861364.531,dns,14
1787861364.558,riot,13
1787861365.518,gateway,1
1787861365.531,dns,13
1787861365.557,riot,15
1787861366.519,gateway,1
1787861366.531,dns,14
1787861366.559,riot,16
1787861367.520,gateway,5
1787861367.537,dns,13
1787861367.562,riot,13
1787861368.521,gateway,1
1787861368.534,dns,14
1787861368.561,riot,11
1787861369.522,gateway,1
1787861369.537,dns,14
1787861369.564,riot,12
1787861370.523,gateway,1
1787861370.538,dns,14
1787861370.566,riot,13
1787861371.524,gateway,1
1787861371.536,dns,13
1787861371.563,riot,12
1787861372.525,gateway,6
1787861372.544,dns,13
1787861372.571,riot,11
1787861373.526,gateway,1
1787861373.540,dns,18
1787861373.571,riot,12
1787861374.528,gateway,1
1787861374.541,dns,19
1787861374.573,riot,13
1787861375.529,gateway,1
1787861375.544,dns,23
1787861375.581,riot,12
1787861376.530,gateway,1
1787861376.546,dns,21
1787861376.580,riot,12
1787861377.532,gateway,1
1787861377.545,dns,14
1787861377.572,riot,13
1787861378.534,gateway,2
1787861378.549,dns,14
1787861378.575,riot,12
1787861379.534,gateway,1
1787861379.548,dns,15
1787861379.576,riot,19
1787861380.535,gateway,1
1787861380.549,dns,13
1787861380.575,riot,15
1787861381.536,gateway,1
1787861381.550,dns,13
1787861381.575,riot,23
1787861382.538,gateway,1
1787861382.552,dns,15
1787861382.582,riot,25
1787861383.538,gateway,1
1787861383.553,dns,13
1787861383.581,riot,13
1787861384.539,gateway,1
1787861384.552,dns,14
1787861384.581,riot,12
1787861385.540,gateway,1
1787861385.554,dns,14
1787861385.582,riot,12
1787861386.541,gateway,1
1787861386.554,dns,13
1787861386.582,riot,12
1787861387.542,gateway,1
1787861387.557,dns,15
1787861387.584,riot,12
1787861388.543,gateway,1
1787861388.557,dns,14
1787861388.584,riot,13
1787861389.543,gateway,1
1787861389.558,dns,14
1787861389.585,riot,12
1787861390.544,gateway,1
1787861390.557,dns,14
1787861390.584,riot,12
1787861391.546,gateway,1
1787861391.560,dns,14
1787861391.588,riot,12
1787861392.547,gateway,1
1787861392.582,dns,15
1787861392.611,riot,11
1787861393.547,gateway,1
1787861393.563,dns,13
1787861393.589,riot,12
1787861394.549,gateway,1
1787861394.563,dns,13
1787861394.591,riot,14
1787861395.550,gateway,1
1787861395.564,dns,16
1787861395.592,riot,12
1787861396.550,gateway,1
1787861396.564,dns,15
1787861396.592,riot,12
1787861397.552,gateway,1
1787861397.566,dns,13
1787861397.591,riot,12
1787861398.553,gateway,1
1787861398.568,dns,15
1787861398.595,riot,12
1787861399.554,gateway,1
1787861399.568,dns,16
1787861399.598,riot,12
1787861400.555,gateway,1
1787861400.566,dns,17
1787861400.593,riot,11
1787861401.557,gateway,1
1787861401.569,dns,15
1787861401.596,riot,12
1787861402.558,gateway,1
1787861402.568,dns,14
1787861402.592,riot,11
1787861403.559,gateway,2
1787861403.575,dns,15
1787861403.601,riot,12
1787861404.560,gateway,1
1787861404.574,dns,14
1787861404.601,riot,13
1787861405.562,gateway,1
1787861405.574,dns,15
1787861405.602,riot,12
1787861406.563,gateway,2
1787861406.577,dns,15
1787861406.605,riot,11
1787861407.564,gateway,5
1787861407.581,dns,15
1787861407.608,riot,13
1787861408.564,gateway,4
1787861408.584,dns,13
1787861408.611,riot,12
1787861409.566,gateway,1
1787861409.580,dns,15
1787861409.607,riot,14
1787861410.566,gateway,1
1787861410.581,dns,14
1787861410.608,riot,13
1787861411.567,gateway,1
1787861411.581,dns,16
1787861411.611,riot,13
1787861412.568,gateway,3
1787861412.584,dns,15
1787861412.613,riot,14
1787861413.569,gateway,1
1787861413.584,dns,14
1787861413.612,riot,12
1787861414.570,gateway,2
1787861414.586,dns,15
1787861414.614,riot,11
1787861415.571,gateway,1
1787861415.586,dns,15
1787861415.615,riot,12
1787861416.572,gateway,1
1787861416.587,dns,14
1787861416.615,riot,12
1787861417.574,gateway,1
1787861417.589,dns,14
1787861417.617,riot,13
1787861418.575,gateway,1
1787861418.588,dns,12
1787861418.615,riot,12
1787861419.576,gateway,1
1787861419.589,dns,14
1787861419.619,riot,13
1787861420.577,gateway,1
1787861420.591,dns,14
1787861420.620,riot,13
1787861421.578,gateway,1
1787861421.591,dns,14
1787861421.618,riot,12
1787861422.579,gateway,1
1787861422.591,dns,13
1787861422.618,riot,10
1787861423.580,gateway,1
1787861423.594,dns,13
1787861423.621,riot,13
1787861424.580,gateway,1
1787861424.594,dns,15
1787861424.623,riot,11
1787861425.582,gateway,1
1787861425.596,dns,15
1787861425.625,riot,13
1787861426.582,gateway,1
1787861426.596,dns,14
1787861426.624,riot,11
1787861427.583,gateway,1
1787861427.598,dns,13
1787861427.625,riot,14
1787861428.584,gateway,1
1787861428.599,dns,14
1787861428.627,riot,14
1787861429.585,gateway,1
1787861429.599,dns,14
1787861429.627,riot,13
1787861430.586,gateway,1
1787861430.602,dns,14
1787861430.631,riot,13
1787861431.587,gateway,1
1787861431.602,dns,14
1787861431.630,riot,12
1787861432.588,gateway,1
1787861432.602,dns,13
1787861432.628,riot,12
1787861433.589,gateway,1
1787861433.603,dns,14
1787861433.631,riot,13
1787861434.591,gateway,1
1787861434.604,dns,14
1787861434.631,riot,8
1787861435.591,gateway,1
1787861435.606,dns,13
1787861435.632,riot,11
1787861436.593,gateway,1
1787861436.610,dns,13
1787861436.636,riot,11
1787861437.593,gateway,2
1787861437.611,dns,13
1787861437.639,riot,13
1787861438.595,gateway,1
1787861438.609,dns,14
1787861438.638,riot,13
1787861439.596,gateway,1
1787861439.611,dns,14
1787861439.639,riot,13
1787861440.598,gateway,1
1787861440.614,dns,14
1787861440.642,riot,12
1787861441.598,gateway,1
1787861441.613,dns,14
1787861441.641,riot,13
1787861442.599,gateway,1
1787861442.612,dns,13
1787861442.639,riot,14
1787861443.599,gateway,1
1787861443.614,dns,14
1787861443.642,riot,13
1787861444.600,gateway,1
1787861444.614,dns,13
1787861444.641,riot,12
1787861445.600,gateway,1
1787861445.614,dns,14
1787861445.643,riot,11
1787861446.602,gateway,1
1787861446.616,dns,15
1787861446.644,riot,13
1787861447.602,gateway,1
1787861447.617,dns,16
1787861447.646,riot,13
1787861448.603,gateway,1
1787861448.617,dns,15
1787861448.646,riot,12
1787861449.604,gateway,1
1787861449.617,dns,13
1787861449.645,riot,12
1787861450.604,gateway,1
1787861450.617,dns,13
1787861450.644,riot,12
1787861451.605,gateway,1
1787861451.621,dns,14
1787861451.649,riot,13
1787861452.607,gateway,1
1787861452.622,dns,15
1787861452.649,riot,12
1787861453.607,gateway,1
1787861453.621,dns,14
1787861453.648,riot,11
1787861454.608,gateway,1
1787861454.622,dns,14
1787861454.650,riot,11
1787861455.609,gateway,1
1787861455.623,dns,14
1787861455.651,riot,12
1787861456.609,gateway,1
1787861456.623,dns,14
1787861456.653,riot,13
1787861457.611,gateway,1
1787861457.625,dns,15
1787861457.654,riot,19
1787861458.612,gateway,1
1787861458.626,dns,15
1787861458.653,riot,12
1787861459.612,gateway,1
1787861459.626,dns,14
1787861459.654,riot,12
1787861460.613,gateway,1
1787861460.627,dns,14
1787861460.654,riot,16
1787861461.615,gateway,1
1787861461.628,dns,17
1787861461.659,riot,13
1787861462.617,gateway,1
1787861462.630,dns,15
1787861462.659,riot,12
1787861463.617,gateway,1
1787861463.632,dns,12
1787861463.658,riot,13
1787861464.617,gateway,1
1787861464.631,dns,46
1787861464.691,riot,13
1787861465.619,gateway,17
1787861465.649,dns,47
1787861465.712,riot,39
1787861466.621,gateway,28
1787861466.661,dns,15
1787861466.691,riot,27
1787861467.622,gateway,1
1787861467.636,dns,14
1787861467.664,riot,14
1787861468.622,gateway,1
1787861468.635,dns,13
1787861468.662,riot,11
1787861469.623,gateway,1
1787861469.636,dns,14
1787861469.664,riot,12
1787861470.624,gateway,1
1787861470.638,dns,14
1787861470.666,riot,12
1787861471.625,gateway,1
1787861471.639,dns,14
1787861471.666,riot,12
1787861472.626,gateway,1
1787861472.639,dns,15
1787861472.668,riot,13
1787861473.626,gateway,1
1787861473.641,dns,13
1787861473.668,riot,11
1787861474.627,gateway,1
1787861474.643,dns,13
1787861474.670,riot,12
1787861475.628,gateway,1
1787861475.641,dns,14
1787861475.669,riot,12
1787861476.628,gateway,1
1787861476.643,dns,12
1787861476.668,riot,13
1787861477.629,gateway,1
1787861477.643,dns,13
1787861477.671,riot,13
1787861478.629,gateway,3
1787861478.646,dns,14
1787861478.675,riot,13
1787861479.631,gateway,1
1787861479.645,dns,14
1787861479.674,riot,13
1787861480.632,gateway,1
1787861480.647,dns,16
1787861480.677,riot,12
1787861481.633,gateway,1
1787861481.648,dns,14
1787861481.675,riot,12
1787861482.634,gateway,1
1787861482.649,dns,13
1787861482.676,riot,12
1787861483.634,gateway,1
1787861483.651,dns,14
1787861483.679,riot,11
1787861484.635,gateway,1
1787861484.651,dns,14
1787861484.677,riot,13
1787861485.636,gateway,1
1787861485.650,dns,14
1787861485.677,riot,15
1787861486.637,gateway,1
1787861486.651,dns,15
1787861486.681,riot,13
1787861487.638,gateway,1
1787861487.653,dns,14
1787861487.680,riot,13
1787861488.639,gateway,1
1787861488.653,dns,15
1787861488.682,riot,12
1787861489.639,gateway,1
1787861489.653,dns,15
1787861489.681,riot,13
1787861490.640,gateway,1
1787861490.654,dns,14
1787861490.682,riot,12
1787861491.640,gateway,1
1787861491.654,dns,15
1787861491.681,riot,13
1787861492.642,gateway,1
1787861492.657,dns,13
1787861492.684,riot,11
1787861493.643,gateway,1
1787861493.657,dns,14
1787861493.684,riot,11
1787861494.643,gateway,1
1787861494.657,dns,14
1787861494.685,riot,13
1787861495.643,gateway,1
1787861495.657,dns,14
1787861495.685,riot,12
1787861496.645,gateway,1
1787861496.659,dns,17
1787861496.690,riot,13
1787861497.645,gateway,1
1787861497.658,dns,14
1787861497.687,riot,13
1787861498.646,gateway,1
1787861498.661,dns,16
1787861498.691,riot,13
1787861499.646,gateway,1
1787861499.661,dns,15
1787861499.690,riot,12
1787861500.647,gateway,1
1787861500.660,dns,14
1787861500.687,riot,11
1787861501.649,gateway,1
1787861501.662,dns,14
1787861501.688,riot,11
1787861502.650,gateway,1
1787861502.664,dns,16
1787861502.693,riot,13
1787861503.651,gateway,1
1787861503.666,dns,17
1787861503.697,riot,11
1787861504.652,gateway,2
1787861504.668,dns,13
1787861504.694,riot,12
1787861505.653,gateway,1
1787861505.669,dns,14
1787861505.697,riot,12
1787861506.654,gateway,1
1787861506.666,dns,13
1787861506.693,riot,13
1787861507.655,gateway,1
1787861507.669,dns,13
1787861507.696,riot,11
1787861508.656,gateway,1
1787861508.670,dns,18
1787861508.701,riot,14
1787861509.657,gateway,1
1787861509.671,dns,14
1787861509.700,riot,12
1787861510.657,gateway,1
1787861510.671,dns,14
1787861510.697,riot,12
1787861511.658,gateway,1
1787861511.672,dns,14
1787861511.700,riot,13
1787861512.659,gateway,1
1787861512.673,dns,13
1787861512.700,riot,12
1787861513.659,gateway,1
1787861513.674,dns,14
1787861513.702,riot,12
1787861514.660,gateway,2
1787861514.675,dns,16
1787861514.704,riot,12
1787861515.661,gateway,6
1787861515.681,dns,15
1787861515.709,riot,12
1787861516.662,gateway,1
1787861516.676,dns,14
1787861516.703,riot,11
1787861517.663,gateway,1
1787861517.677,dns,19
1787861517.709,riot,12
1787861518.663,gateway,1
1787861518.678,dns,19
1787861518.709,riot,9
1787861519.664,gateway,1
1787861519.677,dns,23
1787861519.714,riot,13
1787861520.665,gateway,1
1787861520.679,dns,14
1787861520.707,riot,12
1787861521.666,gateway,1
1787861521.681,dns,13
1787861521.707,riot,14
1787861522.667,gateway,1
1787861522.681,dns,15
1787861522.709,riot,20
1787861523.669,gateway,1
1787861523.683,dns,17
1787861523.714,riot,14
1787861524.670,gateway,1
1787861524.685,dns,14
1787861524.712,riot,23
1787861525.671,gateway,1
1787861525.685,dns,18
1787861525.717,riot,11
1787861526.672,gateway,1
1787861526.685,dns,14
1787861526.714,riot,10
1787861527.673,gateway,1
1787861527.687,dns,13
1787861527.713,riot,12
1787861528.675,gateway,1
1787861528.688,dns,14
1787861528.714,riot,13
1787861529.676,gateway,1
1787861529.689,dns,15
1787861529.717,riot,12
1787861530.677,gateway,1
1787861530.690,dns,14
1787861530.717,riot,11
1787861531.679,gateway,1
1787861531.693,dns,15
1787861531.721,riot,14
1787861532.680,gateway,1
1787861532.694,dns,18
1787861532.725,riot,10
1787861533.681,gateway,1
1787861533.694,dns,15
1787861533.721,riot,11
1787861534.682,gateway,1
1787861534.696,dns,13
1787861534.723,riot,12
1787861535.683,gateway,1
1787861535.699,dns,13
1787861535.726,riot,12
1787861536.684,gateway,1
1787861536.699,dns,14
1787861536.727,riot,14
1787861537.686,gateway,3
1787861537.703,dns,15
1787861537.733,riot,13
1787861538.687,gateway,1
1787861538.702,dns,14
1787861538.729,riot,13
1787861539.688,gateway,1
1787861539.702,dns,15
1787861539.731,riot,12
1787861540.689,gateway,1
1787861540.703,dns,14
1787861540.731,riot,12
1787861541.691,gateway,1
1787861541.704,dns,16
1787861541.734,riot,12
1787861542.691,gateway,2
1787861542.705,dns,14
1787861542.734,riot,11
1787861543.692,gateway,1
1787861543.705,dns,14
1787861543.733,riot,14
1787861544.692,gateway,1
1787861544.706,dns,14
1787861544.733,riot,13
1787861545.693,gateway,1
1787861545.708,dns,13
1787861545.734,riot,13
1787861546.695,gateway,1
1787861546.711,dns,14
1787861546.739,riot,12
1787861547.696,gateway,1
1787861547.711,dns,15
1787861547.739,riot,13
1787861548.697,gateway,1
1787861548.711,dns,13
1787861548.740,riot,12
1787861549.698,gateway,1
1787861549.712,dns,14
1787861549.743,riot,12
1787861550.699,gateway,1
1787861550.712,dns,14
1787861550.741,riot,10
1787861551.700,gateway,1
1787861551.716,dns,14
1787861551.743,riot,13
1787861552.701,gateway,2
1787861552.718,dns,14
1787861552.745,riot,12
1787861553.702,gateway,1
1787861553.718,dns,14
1787861553.745,riot,12
1787861554.702,gateway,1
1787861554.716,dns,14
1787861554.743,riot,11
1787861555.703,gateway,1
1787861555.717,dns,14
1787861555.745,riot,12
1787861556.705,gateway,1
1787861556.719,dns,10
1787861556.744,riot,12
1787861557.706,gateway,1
1787861557.720,dns,13
1787861557.747,riot,11
1787861558.707,gateway,1
1787861558.719,dns,14
1787861558.744,riot,11
1787861559.708,gateway,1
1787861559.719,dns,18
1787861559.749,riot,11
1787861560.709,gateway,1
1787861560.719,dns,14
1787861560.745,riot,11
1787861561.710,gateway,1
1787861561.721,dns,15
1787861561.747,riot,13
1787861562.711,gateway,1
1787861562.723,dns,16
1787861562.749,riot,12
1787861563.712,gateway,1
1787861563.724,dns,13
1787861563.747,riot,12
1787861564.713,gateway,1
1787861564.725,dns,14
1787861564.748,riot,13
1787861565.714,gateway,1
1787861565.725,dns,14
1787861565.748,riot,13
1787861566.716,gateway,1
1787861566.727,dns,14
1787861566.750,riot,11
1787861567.717,gateway,1
1787861567.728,dns,16
1787861567.752,riot,12
1787861568.718,gateway,1
1787861568.729,dns,14
1787861568.752,riot,12
1787861569.720,gateway,1
1787861569.741,dns,15
1787861569.766,riot,11
1787861570.721,gateway,1
1787861570.732,dns,13
1787861570.754,riot,11
1787861571.721,gateway,1
1787861571.734,dns,14
1787861571.759,riot,11
1787861572.723,gateway,1
1787861572.733,dns,13
1787861572.757,riot,12
1787861573.724,gateway,1
1787861573.734,dns,15
1787861573.759,riot,12
1787861574.725,gateway,1
1787861574.735,dns,13
1787861574.760,riot,12
1787861575.726,gateway,1
1787861575.737,dns,15
1787861575.762,riot,13
1787861576.728,gateway,1
1787861576.739,dns,11
1787861576.761,riot,12
1787861577.729,gateway,1
1787861577.739,dns,15
1787861577.765,riot,12
1787861578.731,gateway,1
1787861578.742,dns,16
1787861578.768,riot,15
1787861579.732,gateway,1
1787861579.742,dns,14
1787861579.768,riot,12
1787861580.734,gateway,1
1787861580.747,dns,15
1787861580.775,riot,9
1787861581.734,gateway,1
1787861581.753,dns,14
1787861581.782,riot,12
1787861582.735,gateway,1
1787861582.747,dns,14
1787861582.774,riot,11
1787861583.737,gateway,1
1787861583.751,dns,14
1787861583.778,riot,12
1787861584.737,gateway,1
1787861584.751,dns,14
1787861584.777,riot,11
1787861585.737,gateway,1
1787861585.750,dns,14
1787861585.776,riot,13
1787861586.738,gateway,1
1787861586.750,dns,14
1787861586.776,riot,14
1787861587.738,gateway,1
1787861587.751,dns,13
1787861587.779,riot,13
1787861588.739,gateway,1
1787861588.752,dns,15
1787861588.781,riot,11
1787861589.740,gateway,1
1787861589.753,dns,14
1787861589.779,riot,12
1787861590.741,gateway,1
1787861590.753,dns,14
1787861590.781,riot,13
1787861591.742,gateway,1
1787861591.755,dns,14
1787861591.782,riot,11
1787861592.743,gateway,1
1787861592.755,dns,13
1787861592.781,riot,14
1787861593.744,gateway,1
1787861593.757,dns,14
1787861593.784,riot,12
1787861594.744,gateway,1
1787861594.757,dns,13
1787861594.783,riot,12
1787861595.745,gateway,1
1787861595.757,dns,17
1787861595.787,riot,16
1787861596.745,gateway,1
1787861596.759,dns,13
1787861596.784,riot,11
1787861597.746,gateway,1
1787861597.761,dns,13
1787861597.787,riot,12
1787861598.747,gateway,1
1787861598.762,dns,14
1787861598.789,riot,12
1787861599.748,gateway,1
1787861599.759,dns,13
1787861599.787,riot,13
1787861600.749,gateway,1
1787861600.761,dns,14
1787861600.788,riot,11
1787861601.749,gateway,1
1787861601.763,dns,13
1787861601.789,riot,13
1787861602.750,gateway,1
1787861602.764,dns,14
1787861602.791,riot,12
1787861603.751,gateway,1
1787861603.764,dns,15
1787861603.795,riot,13
1787861604.752,gateway,1
1787861604.763,dns,13
1787861604.790,riot,15
1787861605.753,gateway,1
1787861605.767,dns,13
1787861605.792,riot,12
1787861606.754,gateway,1
1787861606.768,dns,14
1787861606.794,riot,12
1787861607.754,gateway,1
1787861607.767,dns,14
1787861607.794,riot,11
1787861608.755,gateway,1
1787861608.770,dns,14
1787861608.796,riot,14
1787861609.757,gateway,1
1787861609.771,dns,14
1787861609.799,riot,12
1787861610.758,gateway,1
1787861610.771,dns,14
1787861610.798,riot,14
1787861611.758,gateway,3
1787861611.775,dns,54
1787861611.842,riot,37
1787861612.759,gateway,1
1787861612.772,dns,14
1787861612.798,riot,13
1787861613.760,gateway,1
1787861613.773,dns,15
1787861613.801,riot,12
1787861614.760,gateway,1
1787861614.774,dns,13
1787861614.798,riot,11
1787861615.762,gateway,1
1787861615.773,dns,14
1787861615.800,riot,12
1787861616.763,gateway,1
1787861616.776,dns,17
1787861616.806,riot,11
1787861617.763,gateway,1
1787861617.776,dns,14
1787861617.802,riot,14
1787861618.764,gateway,1
1787861618.777,dns,14
1787861618.805,riot,12
1787861619.766,gateway,1
1787861619.779,dns,16
1787861619.808,riot,13
1787861620.766,gateway,1
1787861620.780,dns,13
1787861620.806,riot,12
1787861621.768,gateway,1
1787861621.781,dns,14
1787861621.808,riot,12
1787861622.769,gateway,1
1787861622.783,dns,17
1787861622.814,riot,13
1787861623.770,gateway,2
1787861623.785,dns,14
1787861623.812,riot,12
1787861624.772,gateway,1
1787861624.784,dns,14
1787861624.810,riot,12
1787861625.772,gateway,1
1787861625.784,dns,14
1787861625.811,riot,13
1787861626.773,gateway,1
1787861626.787,dns,14
1787861626.815,riot,12
1787861627.775,gateway,1
1787861627.790,dns,14
1787861627.818,riot,14
1787861628.775,gateway,1
1787861628.788,dns,15
1787861628.817,riot,14
1787861629.776,gateway,1
1787861629.788,dns,14
1787861629.817,riot,12
1787861630.776,gateway,1
1787861630.789,dns,14
1787861630.816,riot,12
1787861631.777,gateway,1
1787861631.790,dns,13
1787861631.816,riot,12
1787861632.777,gateway,1
1787861632.792,dns,13
1787861632.817,riot,13
1787861633.779,gateway,1
1787861633.794,dns,14
1787861633.823,riot,12
1787861634.780,gateway,1
1787861634.794,dns,15
1787861634.823,riot,11
1787861635.781,gateway,1
1787861635.796,dns,14
1787861635.824,riot,12
1787861636.782,gateway,1
1787861636.796,dns,14
1787861636.825,riot,11
1787861637.783,gateway,1
1787861637.795,dns,15
1787861637.824,riot,13
1787861638.783,gateway,1
1787861638.796,dns,13
1787861638.824,riot,12
1787861639.784,gateway,1
1787861639.796,dns,13
1787861639.824,riot,13
1787861640.785,gateway,1
1787861640.799,dns,14
1787861640.826,riot,13
1787861641.786,gateway,1
1787861641.799,dns,13
1787861641.826,riot,12
1787861642.787,gateway,1
1787861642.803,dns,15
1787861642.832,riot,11
1787861643.787,gateway,1
1787861643.802,dns,15
1787861643.829,riot,11
1787861644.788,gateway,14
1787861644.812,dns,13
1787861644.836,riot,54
1787861645.789,gateway,55
1787861645.855,dns,14
1787861645.881,riot,118
1787861646.789,gateway,1
1787861646.799,dns,11
1787861646.822,riot,16
1787861647.790,gateway,7
1787861647.807,dns,15
1787861647.831,riot,11
1787861648.790,gateway,1
1787861648.801,dns,14
1787861648.826,riot,13
1787861649.791,gateway,1
1787861649.802,dns,16
1787861649.830,riot,12
1787861650.793,gateway,2
1787861650.807,dns,18
1787861650.834,riot,11
1787861651.794,gateway,1
1787861651.806,dns,14
1787861651.829,riot,12
1787861652.795,gateway,1
1787861652.808,dns,14
1787861652.832,riot,13
1787861653.795,gateway,1
1787861653.812,dns,15
1787861653.836,riot,16
1787861654.797,gateway,1
1787861654.809,dns,14
1787861654.834,riot,12
1787861655.797,gateway,1
1787861655.809,dns,14
1787861655.833,riot,11
1787861656.798,gateway,1
1787861656.809,dns,14
1787861656.833,riot,12
1787861657.799,gateway,1
1787861657.811,dns,14
1787861657.837,riot,12
1787861658.800,gateway,5
1787861658.816,dns,15
1787861658.842,riot,12
1787861659.801,gateway,1
1787861659.812,dns,15
1787861659.838,riot,13
1787861660.803,gateway,9
1787861660.832,dns,13
1787861660.857,riot,14
1787861661.804,gateway,1
1787861661.817,dns,28
1787861661.858,riot,21
1787861662.805,gateway,1
1787861662.819,dns,15
1787861662.849,riot,11
1787861663.808,gateway,1
1787861663.821,dns,23
1787861663.857,riot,12
1787861664.809,gateway,2
1787861664.824,dns,14
1787861664.852,riot,11
1787861665.810,gateway,1
1787861665.824,dns,14
1787861665.874,riot,11
1787861666.812,gateway,1
1787861666.824,dns,15
1787861666.852,riot,13
1787861667.813,gateway,1
1787861667.827,dns,15
1787861667.853,riot,21
1787861668.814,gateway,1
1787861668.827,dns,14
1787861668.853,riot,14
1787861669.814,gateway,1
1787861669.827,dns,13
1787861669.854,riot,12
1787861670.815,gateway,1
1787861670.827,dns,14
1787861670.854,riot,13
1787861671.817,gateway,2
1787861671.831,dns,13
1787861671.858,riot,14
1787861672.818,gateway,1
1787861672.831,dns,14
1787861672.860,riot,13
1787861673.819,gateway,1
1787861673.832,dns,15
1787861673.860,riot,12
1787861674.819,gateway,1
1787861674.833,dns,11
1787861674.855,riot,12
1787861675.820,gateway,1
1787861675.834,dns,14
1787861675.860,riot,12
1787861676.822,gateway,1
1787861676.834,dns,14
1787861676.861,riot,11
1787861677.822,gateway,1
1787861677.835,dns,14
1787861677.861,riot,13
1787861678.823,gateway,1
1787861678.836,dns,10
1787861678.860,riot,12
1787861679.824,gateway,1
1787861679.837,dns,16
1787861679.865,riot,11
1787861680.825,gateway,1
1787861680.837,dns,13
1787861680.863,riot,12
1787861681.825,gateway,1
1787861681.839,dns,13
1787861681.866,riot,11
1787861682.826,gateway,1
1787861682.839,dns,13
1787861682.865,riot,14
1787861683.828,gateway,1
1787861683.841,dns,13
1787861683.868,riot,12
1787861684.829,gateway,1
1787861684.841,dns,13
1787861684.867,riot,12
1787861685.829,gateway,1
1787861685.842,dns,13
1787861685.867,riot,13
1787861686.830,gateway,1
1787861686.842,dns,13
1787861686.869,riot,11
1787861687.832,gateway,1
1787861687.846,dns,15
1787861687.873,riot,14
1787861688.832,gateway,1
1787861688.846,dns,14
1787861688.872,riot,12
1787861689.833,gateway,1
1787861689.847,dns,14
1787861689.873,riot,12
1787861690.834,gateway,1
1787861690.846,dns,14
1787861690.873,riot,12
1787861691.835,gateway,1
1787861691.848,dns,14
1787861691.874,riot,12
1787861692.836,gateway,2
1787861692.850,dns,14
1787861692.877,riot,11
1787861693.837,gateway,1
1787861693.851,dns,14
1787861693.876,riot,12
1787861694.837,gateway,1
1787861694.850,dns,14
1787861694.877,riot,11
1787861695.838,gateway,1
1787861695.853,dns,14
1787861695.878,riot,12
1787861696.839,gateway,1
1787861696.852,dns,14
1787861696.879,riot,13
1787861697.839,gateway,1
1787861697.852,dns,40
1787861697.907,riot,12
1787861698.840,gateway,1
1787861698.854,dns,15
1787861698.882,riot,12
1787861699.841,gateway,1
1787861699.854,dns,14
1787861699.881,riot,11
1787861700.841,gateway,1
1787861700.854,dns,14
1787861700.881,riot,11
1787861701.843,gateway,2
1787861701.858,dns,14
1787861701.887,riot,12
1787861702.844,gateway,1
1787861702.859,dns,14
1787861702.887,riot,11
1787861703.845,gateway,1
1787861703.861,dns,13
1787861703.887,riot,14
1787861704.847,gateway,1
1787861704.862,dns,16
1787861704.892,riot,15
1787861705.847,gateway,1
1787861705.862,dns,12
1787861705.890,riot,13
1787861706.848,gateway,1
1787861706.862,dns,17
1787861706.892,riot,14
1787861707.849,gateway,1
1787861707.862,dns,14
1787861707.892,riot,15
1787861708.850,gateway,1
1787861708.865,dns,13
1787861708.891,riot,11
1787861709.852,gateway,1
1787861709.867,dns,15
1787861709.895,riot,12
1787861710.852,gateway,1
1787861710.867,dns,14
1787861710.897,riot,13
1787861711.854,gateway,1
1787861711.867,dns,14
1787861711.892,riot,12
1787861712.854,gateway,1
1787861712.869,dns,16
1787861712.900,riot,13
1787861713.855,gateway,1
1787861713.869,dns,15
1787861713.897,riot,12
1787861714.856,gateway,1
1787861714.869,dns,14
1787861714.897,riot,12
1787861715.857,gateway,1
1787861715.872,dns,13
1787861715.899,riot,12
1787861716.859,gateway,1
1787861716.872,dns,15
1787861716.901,riot,13
1787861717.860,gateway,1
1787861717.873,dns,13
1787861717.901,riot,14
1787861718.861,gateway,1
1787861718.875,dns,11
1787861718.899,riot,13
1787861719.863,gateway,2
1787861719.877,dns,15
1787861719.907,riot,13
1787861720.864,gateway,1
1787861720.877,dns,10
1787861720.900,riot,11
1787861721.864,gateway,2
1787861721.877,dns,13
1787861721.902,riot,11
1787861722.865,gateway,1
1787861722.878,dns,14
1787861722.904,riot,12
1787861723.866,gateway,1
1787861723.879,dns,14
1787861723.905,riot,9
1787861724.866,gateway,1
1787861724.878,dns,16
1787861724.906,riot,16
1787861725.866,gateway,1
1787861725.880,dns,14
1787861725.907,riot,11
1787861726.867,gateway,1
1787861726.881,dns,13
1787861726.907,riot,12
1787861727.869,gateway,1
1787861727.882,dns,15
1787861727.908,riot,13
1787861728.870,gateway,1
1787861728.883,dns,13
1787861728.908,riot,12
1787861729.871,gateway,1
1787861729.883,dns,13
1787861729.909,riot,13
1787861730.871,gateway,1
1787861730.885,dns,14
1787861730.911,riot,10
1787861731.872,gateway,1
1787861731.886,dns,15
1787861731.914,riot,10
1787861732.873,gateway,1
1787861732.887,dns,14
1787861732.912,riot,11
1787861733.875,gateway,1
1787861733.887,dns,16
1787861733.916,riot,12
1787861734.877,gateway,1
1787861734.890,dns,14
1787861734.919,riot,14
1787861735.877,gateway,1
1787861735.891,dns,14
1787861735.919,riot,12
1787861736.878,gateway,1
1787861736.892,dns,11
1787861736.915,riot,14
1787861737.880,gateway,1
1787861737.894,dns,13
1787861737.920,riot,13
1787861738.881,gateway,1
1787861738.894,dns,14
1787861738.921,riot,11
1787861739.882,gateway,1
1787861739.896,dns,14
1787861739.922,riot,11
1787861740.882,gateway,1
1787861740.894,dns,14
1787861740.921,riot,12
1787861741.883,gateway,1
1787861741.895,dns,13
1787861741.921,riot,12
1787861742.884,gateway,1
1787861742.897,dns,16
1787861742.926,riot,13
1787861743.885,gateway,1
1787861743.898,dns,14
1787861743.926,riot,12
1787861744.886,gateway,1
1787861744.899,dns,13
1787861744.924,riot,13
1787861745.888,gateway,1
1787861745.901,dns,16
1787861745.930,riot,11
1787861746.889,gateway,1
1787861746.902,dns,13
1787861746.928,riot,13
1787861747.891,gateway,2
1787861747.905,dns,13
1787861747.931,riot,9
1787861748.892,gateway,1
1787861748.905,dns,14
1787861748.931,riot,12
1787861749.893,gateway,1
1787861749.907,dns,13
1787861749.933,riot,13
1787861750.894,gateway,2
1787861750.911,dns,15
1787861750.938,riot,14
1787861751.895,gateway,1
1787861751.918,dns,17
1787861751.948,riot,12
1787861752.895,gateway,1
1787861752.909,dns,14
1787861752.936,riot,11
1787861753.896,gateway,1
1787861753.909,dns,14
1787861753.936,riot,14
1787861754.898,gateway,1
1787861754.911,dns,14
1787861754.940,riot,12
1787861755.899,gateway,1
1787861755.912,dns,14
1787861755.941,riot,13
1787861756.901,gateway,1
1787861756.916,dns,13
1787861756.945,riot,12
1787861757.902,gateway,1
1787861757.915,dns,14
1787861757.943,riot,12
1787861758.903,gateway,1
1787861758.917,dns,16
1787861758.946,riot,11
1787861759.903,gateway,1
1787861759.917,dns,14
1787861759.944,riot,12
1787861760.903,gateway,1
1787861760.917,dns,17
1787861760.948,riot,12
1787861761.905,gateway,1
1787861761.918,dns,18
1787861761.951,riot,13
1787861762.907,gateway,1
1787861762.921,dns,15
1787861762.948,riot,11
1787861763.907,gateway,1
1787861763.922,dns,14
1787861763.950,riot,14
1787861764.908,gateway,1
1787861764.922,dns,14
1787861764.951,riot,12
1787861765.909,gateway,1
1787861765.922,dns,14
1787861765.951,riot,11
1787861766.909,gateway,1
1787861766.922,dns,14
1787861766.951,riot,15
1787861767.910,gateway,1
1787861767.924,dns,14
1787861767.952,riot,12
1787861768.911,gateway,2
1787861768.927,dns,14
1787861768.954,riot,14
1787861769.912,gateway,1
1787861769.926,dns,14
1787861769.954,riot,13
1787861770.913,gateway,1
1787861770.927,dns,14
1787861770.955,riot,12
1787861771.914,gateway,1
1787861771.928,dns,14
1787861771.956,riot,12
1787861772.915,gateway,1
1787861772.929,dns,14
1787861772.957,riot,12
1787861773.916,gateway,1
1787861773.932,dns,14
1787861773.961,riot,12
1787861774.916,gateway,1
1787861774.931,dns,15
1787861774.959,riot,13
1787861775.917,gateway,1
1787861775.931,dns,14
1787861775.958,riot,12
1787861776.919,gateway,1
1787861776.932,dns,15
1787861776.960,riot,12
1787861777.919,gateway,1
1787861777.933,dns,14
1787861777.962,riot,12
1787861778.921,gateway,1
1787861778.934,dns,14
1787861778.962,riot,12
1787861779.921,gateway,1
1787861779.934,dns,13
1787861779.961,riot,12
1787861780.923,gateway,1
1787861780.937,dns,15
1787861780.966,riot,12
1787861781.923,gateway,1
1787861781.936,dns,14
1787861781.964,riot,11
1787861782.924,gateway,1
1787861782.937,dns,14
1787861782.964,riot,15
1787861783.924,gateway,1
1787861783.937,dns,14
1787861783.966,riot,12
1787861784.926,gateway,1
1787861784.941,dns,14
1787861784.969,riot,12
1787861785.927,gateway,1
1787861785.941,dns,14
1787861785.968,riot,12
1787861786.928,gateway,2
1787861786.943,dns,15
1787861786.972,riot,12
1787861787.928,gateway,1
1787861787.943,dns,14
1787861787.972,riot,12
1787861788.929,gateway,1
1787861788.943,dns,14
1787861788.969,riot,12
1787861789.929,gateway,1
1787861789.944,dns,13
1787861789.970,riot,12
1787861790.930,gateway,1
1787861790.943,dns,14
1787861790.971,riot,12
1787861791.931,gateway,2
1787861791.945,dns,12
1787861791.972,riot,13
1787861792.932,gateway,1
1787861792.947,dns,15
1787861792.976,riot,12
1787861793.934,gateway,1
1787861793.948,dns,14
1787861793.976,riot,12
1787861794.936,gateway,1
1787861794.949,dns,13
1787861794.976,riot,12
1787861795.936,gateway,2
1787861795.952,dns,13
1787861795.978,riot,12
1787861796.937,gateway,1
1787861796.952,dns,13
1787861796.979,riot,12
1787861797.938,gateway,1
1787861797.952,dns,16
1787861797.983,riot,12
1787861798.938,gateway,1
1787861798.952,dns,15
1787861798.977,riot,13
1787861799.939,gateway,1
1787861799.950,dns,13
1787861799.974,riot,12
1787861800.941,gateway,1
1787861800.952,dns,14
1787861800.976,riot,21
1787861801.941,gateway,2
1787861801.952,dns,14
1787861801.977,riot,12
1787861802.942,gateway,10
1787861802.962,dns,18
1787861802.990,riot,11
1787861803.942,gateway,1
1787861803.958,dns,16
1787861803.987,riot,13
1787861804.944,gateway,1
1787861804.957,dns,20
1787861804.990,riot,14
1787861805.945,gateway,1
1787861805.960,dns,24
1787861805.998,riot,12
1787861806.947,gateway,4
1787861806.962,dns,19
1787861806.994,riot,12
1787861807.947,gateway,1
1787861807.961,dns,15
1787861807.988,riot,14
1787861808.948,gateway,1
1787861808.962,dns,13
1787861808.987,riot,16
1787861809.949,gateway,1
1787861809.962,dns,13
1787861809.988,riot,15
1787861810.950,gateway,1
1787861810.964,dns,14
1787861810.991,riot,16
1787861811.951,gateway,1
1787861811.965,dns,14
1787861811.992,riot,11
1787861812.952,gateway,1
1787861812.965,dns,13
1787861812.990,riot,12
1787861813.954,gateway,1
1787861813.967,dns,13
1787861813.993,riot,13
1787861814.954,gateway,1
1787861814.968,dns,14
1787861814.996,riot,12
1787861815.956,gateway,1
1787861815.970,dns,14
1787861815.998,riot,11
1787861816.957,gateway,1
1787861816.971,dns,14
1787861817.000,riot,12
1787861817.957,gateway,1
1787861817.970,dns,13
1787861817.997,riot,12
1787861818.959,gateway,1
1787861818.972,dns,14
1787861819.000,riot,11
1787861819.959,gateway,3
1787861819.975,dns,13
1787861820.001,riot,12
1787861820.960,gateway,1
1787861820.973,dns,13
1787861820.999,riot,11
1787861821.962,gateway,1
1787861821.975,dns,17
1787861822.005,riot,12
1787861822.963,gateway,1
1787861822.976,dns,16
1787861823.005,riot,17
1787861823.964,gateway,1
1787861823.977,dns,14
1787861824.004,riot,12
1787861824.965,gateway,1
1787861824.978,dns,14
1787861825.006,riot,13
1787861825.965,gateway,1
1787861825.979,dns,15
1787861826.007,riot,13
1787861826.966,gateway,1
1787861826.980,dns,18
1787861827.011,riot,15
1787861827.967,gateway,8
1787861827.987,dns,43
1787861828.043,riot,-1
1787861828.986,gateway,1
1787861829.001,dns,16
1787861829.029,riot,11
1787861829.988,gateway,1
1787861830.000,dns,16
1787861830.029,riot,12
1787861830.989,gateway,1
1787861831.004,dns,13
1787861831.030,riot,11
1787861831.990,gateway,1
1787861832.002,dns,15
1787861832.031,riot,14
1787861832.991,gateway,1
1787861833.004,dns,14
1787861833.031,riot,12
1787861833.991,gateway,1
1787861834.006,dns,14
1787861834.033,riot,12
1787861834.992,gateway,1
1787861835.006,dns,13
1787861835.032,riot,11
1787861835.994,gateway,1
1787861836.008,dns,15
1787861836.036,riot,13
1787861836.994,gateway,1
1787861837.009,dns,14
1787861837.036,riot,15
1787861837.994,gateway,1
1787861838.009,dns,15
1787861838.038,riot,11
1787861838.995,gateway,1
1787861839.009,dns,10
1787861839.033,riot,14
1787861839.995,gateway,1
1787861840.009,dns,15
1787861840.037,riot,15
1787861840.997,gateway,2
1787861841.010,dns,14
1787861841.038,riot,14
1787861841.998,gateway,1
1787861842.011,dns,14
1787861842.038,riot,12
1787861842.999,gateway,1
1787861843.043,dns,14
1787861843.069,riot,12
1787861844.001,gateway,1
1787861844.014,dns,13
1787861844.041,riot,8
1787861845.001,gateway,4
1787861845.018,dns,13
1787861845.043,riot,12
1787861846.002,gateway,1
1787861846.015,dns,14
1787861846.041,riot,13
1787861847.002,gateway,1
1787861847.015,dns,14
1787861847.041,riot,13
1787861848.003,gateway,1
1787861848.016,dns,14
1787861848.044,riot,12
1787861849.005,gateway,1
1787861849.018,dns,14
1787861849.045,riot,11
1787861850.007,gateway,1
1787861850.020,dns,14
1787861850.046,riot,12
1787861851.008,gateway,1
1787861851.021,dns,14
1787861851.049,riot,13
1787861852.009,gateway,1
1787861852.023,dns,18
1787861852.054,riot,11
1787861853.010,gateway,1
1787861853.023,dns,15
1787861853.052,riot,14
1787861854.010,gateway,1
1787861854.024,dns,13
1787861854.051,riot,13
1787861855.012,gateway,4
1787861855.030,dns,15
1787861855.059,riot,13
1787861856.012,gateway,1
1787861856.025,dns,14
1787861856.050,riot,15
1787861857.013,gateway,1
1787861857.026,dns,13
1787861857.053,riot,11
1787861858.014,gateway,1
1787861858.027,dns,14
1787861858.054,riot,13
1787861859.015,gateway,1
1787861859.028,dns,14
1787861859.054,riot,12
1787861860.016,gateway,1
1787861860.028,dns,14
1787861860.055,riot,12
1787861861.016,gateway,1
1787861861.029,dns,13
1787861861.054,riot,12
1787861862.017,gateway,1
1787861862.031,dns,15
1787861862.058,riot,12
1787861863.019,gateway,1
1787861863.032,dns,19
1787861863.065,riot,11
1787861864.019,gateway,1
1787861864.032,dns,13
1787861864.059,riot,9
1787861865.021,gateway,1
1787861865.035,dns,13
1787861865.061,riot,13
1787861866.022,gateway,2
1787861866.037,dns,14
1787861866.065,riot,11
1787861867.023,gateway,1
1787861867.037,dns,14
1787861867.064,riot,12
1787861868.024,gateway,1
1787861868.039,dns,15
1787861868.067,riot,12
1787861869.026,gateway,1
1787861869.039,dns,11
1787861869.063,riot,8
1787861870.027,gateway,1
1787861870.041,dns,13
1787861870.067,riot,13
1787861871.028,gateway,1
1787861871.041,dns,16
1787861871.072,riot,12
1787861872.029,gateway,1
1787861872.043,dns,15
1787861872.072,riot,14
1787861873.031,gateway,1
1787861873.045,dns,14
1787861873.071,riot,14
1787861874.033,gateway,1
1787861874.046,dns,15
1787861874.074,riot,11
1787861875.033,gateway,1
1787861875.048,dns,15
1787861875.075,riot,13
1787861876.034,gateway,1
1787861876.047,dns,14
1787861876.077,riot,12
1787861877.036,gateway,1
1787861877.050,dns,14
1787861877.078,riot,12
1787861878.037,gateway,1
1787861878.052,dns,13
1787861878.078,riot,12
1787861879.038,gateway,1
1787861879.052,dns,14
1787861879.079,riot,13
1787861880.039,gateway,1
1787861880.053,dns,14
1787861880.080,riot,12
1787861881.040,gateway,1
1787861881.053,dns,14
1787861881.080,riot,12
1787861882.042,gateway,1
1787861882.057,dns,14
1787861882.084,riot,13
1787861883.043,gateway,1
1787861883.057,dns,15
1787861883.086,riot,11
1787861884.044,gateway,1
1787861884.058,dns,14
1787861884.085,riot,12
1787861885.045,gateway,1
1787861885.060,dns,14
1787861885.086,riot,12
1787861886.047,gateway,1
1787861886.061,dns,15
1787861886.089,riot,13
1787861887.048,gateway,1
1787861887.061,dns,14
1787861887.089,riot,13
1787861888.050,gateway,1
1787861888.063,dns,14
1787861888.091,riot,12
1787861889.051,gateway,1
1787861889.064,dns,13
1787861889.091,riot,12
1787861890.052,gateway,1
1787861890.065,dns,14
1787861890.092,riot,12
1787861891.053,gateway,2
1787861891.068,dns,13
1787861891.095,riot,12
1787861892.055,gateway,1
1787861892.070,dns,16
1787861892.098,riot,13
1787861893.056,gateway,2
1787861893.070,dns,15
1787861893.099,riot,12
1787861894.058,gateway,1
1787861894.073,dns,14
1787861894.101,riot,12
1787861895.058,gateway,1
1787861895.072,dns,13
1787861895.098,riot,12
1787861896.059,gateway,1
1787861896.072,dns,13
1787861896.101,riot,12
1787861897.060,gateway,1
1787861897.075,dns,14
1787861897.103,riot,12
1787861898.060,gateway,1
1787861898.074,dns,14
1787861898.101,riot,12
1787861899.061,gateway,1
1787861899.074,dns,14
1787861899.102,riot,11
1787861900.062,gateway,1
1787861900.072,dns,13
1787861900.096,riot,13
1787861901.062,gateway,1
1787861901.072,dns,14
1787861901.098,riot,12
1787861902.064,gateway,1
1787861902.075,dns,15
1787861902.101,riot,12
1787861903.065,gateway,1
1787861903.084,dns,16
1787861903.112,riot,11
1787861904.066,gateway,1
1787861904.080,dns,14
1787861904.106,riot,9
1787861905.067,gateway,1
1787861905.081,dns,14
1787861905.108,riot,12
1787861906.068,gateway,1
1787861906.081,dns,14
1787861906.107,riot,11
1787861907.069,gateway,1
1787861907.083,dns,14
1787861907.110,riot,13
1787861908.071,gateway,1
1787861908.084,dns,14
1787861908.111,riot,12
1787861909.071,gateway,1
1787861909.085,dns,14
1787861909.112,riot,14
1787861910.073,gateway,1
1787861910.085,dns,14
1787861910.112,riot,12
1787861911.073,gateway,1
1787861911.086,dns,15
1787861911.113,riot,12
1787861912.074,gateway,1
1787861912.086,dns,14
1787861912.114,riot,12
1787861913.075,gateway,1
1787861913.089,dns,17
1787861913.118,riot,12
1787861914.076,gateway,1
1787861914.088,dns,13
1787861914.115,riot,11
1787861915.076,gateway,1
1787861915.089,dns,15
1787861915.116,riot,13
1787861916.078,gateway,1
1787861916.091,dns,14
1787861916.115,riot,12
1787861917.079,gateway,1
1787861917.093,dns,15
1787861917.120,riot,10
1787861918.080,gateway,1
1787861918.093,dns,13
1787861918.118,riot,12
1787861919.081,gateway,1
1787861919.094,dns,14
1787861919.120,riot,12
1787861920.082,gateway,1
1787861920.095,dns,15
1787861920.122,riot,12
1787861921.083,gateway,1
1787861921.096,dns,15
1787861921.123,riot,12
1787861922.084,gateway,1
1787861922.096,dns,14
1787861922.124,riot,12
1787861923.085,gateway,2
1787861923.100,dns,15
1787861923.127,riot,14
1787861924.087,gateway,1
1787861924.099,dns,12
1787861924.125,riot,11
1787861925.087,gateway,1
1787861925.100,dns,14
1787861925.125,riot,12
1787861926.088,gateway,1
1787861926.101,dns,13
1787861926.125,riot,11
1787861927.088,gateway,2
1787861927.102,dns,14
1787861927.129,riot,12
1787861928.089,gateway,2
1787861928.104,dns,14
1787861928.131,riot,13
1787861929.089,gateway,2
1787861929.119,dns,14
1787861929.147,riot,13
1787861930.090,gateway,1
1787861930.102,dns,14
1787861930.128,riot,12
1787861931.091,gateway,2
1787861931.106,dns,13
1787861931.134,riot,13
1787861932.091,gateway,2
1787861932.106,dns,14
1787861932.133,riot,13
1787861933.092,gateway,1
1787861933.106,dns,15
1787861933.134,riot,13
1787861934.094,gateway,1
1787861934.108,dns,14
1787861934.135,riot,12
1787861935.095,gateway,1
1787861935.109,dns,13
1787861935.136,riot,13
1787861936.096,gateway,1
1787861936.112,dns,9
1787861936.135,riot,13
1787861937.097,gateway,1
1787861937.110,dns,15
1787861937.139,riot,11
1787861938.098,gateway,1
1787861938.112,dns,13
1787861938.138,riot,13
1787861939.099,gateway,1
1787861939.112,dns,13
1787861939.140,riot,13
1787861940.099,gateway,1
1787861940.112,dns,15
1787861940.142,riot,13
1787861941.100,gateway,1
1787861941.114,dns,13
1787861941.141,riot,10
1787861942.101,gateway,1
1787861942.115,dns,15
1787861942.145,riot,12
1787861943.103,gateway,1
1787861943.118,dns,13
1787861943.144,riot,12
1787861944.103,gateway,2
1787861944.121,dns,15
1787861944.150,riot,13
1787861945.103,gateway,1
1787861945.118,dns,14
1787861945.146,riot,12
1787861946.104,gateway,1
1787861946.119,dns,13
1787861946.145,riot,11
1787861947.104,gateway,1
1787861947.118,dns,16
1787861947.148,riot,13
1787861948.106,gateway,1
1787861948.120,dns,13
1787861948.148,riot,13
1787861949.107,gateway,3
1787861949.124,dns,15
1787861949.151,riot,12
1787861950.108,gateway,8
1787861950.130,dns,13
1787861950.156,riot,12
1787861951.109,gateway,2
1787861951.125,dns,14
1787861951.151,riot,11
1787861952.110,gateway,1
1787861952.124,dns,23
1787861952.160,riot,16
1787861953.112,gateway,1
1787861953.125,dns,16
1787861953.154,riot,12
1787861954.113,gateway,1
1787861954.126,dns,23
1787861954.162,riot,12
1787861955.114,gateway,1
1787861955.126,dns,14
1787861955.154,riot,13
1787861956.115,gateway,1
1787861956.128,dns,14
1787861956.156,riot,15
1787861957.116,gateway,1
1787861957.130,dns,14
1787861957.158,riot,22
1787861958.117,gateway,1
1787861958.132,dns,17
1787861958.160,riot,16
1787861959.118,gateway,1
1787861959.132,dns,19
1787861959.164,riot,23
1787861960.119,gateway,2
1787861960.134,dns,14
1787861960.162,riot,13
1787861961.121,gateway,1
1787861961.133,dns,14
1787861961.161,riot,15
1787861962.122,gateway,1
1787861962.136,dns,19
1787861962.166,riot,13
1787861963.123,gateway,1
1787861963.137,dns,14
1787861963.163,riot,11
1787861964.124,gateway,1
1787861964.138,dns,15
1787861964.165,riot,11
1787861965.125,gateway,1
1787861965.138,dns,11
1787861965.163,riot,9
1787861966.126,gateway,1
1787861966.140,dns,11
1787861966.165,riot,11
1787861967.127,gateway,1
1787861967.140,dns,11
1787861967.166,riot,12
1787861968.128,gateway,1
1787861968.143,dns,13
1787861968.168,riot,12
1787861969.129,gateway,1
1787861969.142,dns,14
1787861969.169,riot,11
1787861970.130,gateway,1
1787861970.143,dns,13
1787861970.169,riot,8
1787861971.131,gateway,1
1787861971.146,dns,15
1787861971.174,riot,12
1787861972.132,gateway,1
1787861972.146,dns,15
1787861972.175,riot,12
1787861973.134,gateway,1
1787861973.146,dns,15
1787861973.176,riot,13
1787861974.135,gateway,1
1787861974.149,dns,19
1787861974.183,riot,12
1787861975.136,gateway,1
1787861975.152,dns,15
1787861975.183,riot,11
1787861976.137,gateway,1
1787861976.150,dns,14
1787861976.177,riot,14
1787861977.137,gateway,1
1787861977.151,dns,14
1787861977.179,riot,13
1787861978.138,gateway,1
1787861978.152,dns,14
1787861978.180,riot,12
1787861979.139,gateway,1
1787861979.153,dns,14
1787861979.181,riot,14
1787861980.140,gateway,2
1787861980.155,dns,14
1787861980.184,riot,20
1787861981.142,gateway,1
1787861981.155,dns,15
1787861981.183,riot,12
1787861982.143,gateway,1
1787861982.159,dns,14
1787861982.185,riot,12
1787861983.143,gateway,1
1787861983.157,dns,15
1787861983.186,riot,13
1787861984.144,gateway,1
1787861984.159,dns,14
1787861984.187,riot,11
1787861985.146,gateway,1
1787861985.159,dns,15
1787861985.188,riot,11
1787861986.147,gateway,1
1787861986.162,dns,14
1787861986.190,riot,12
1787861987.148,gateway,1
1787861987.161,dns,15
1787861987.192,riot,12
1787861988.148,gateway,1
1787861988.163,dns,17
1787861988.195,riot,10
1787861989.149,gateway,1
1787861989.162,dns,13
1787861989.188,riot,11
1787861990.151,gateway,1
1787861990.164,dns,14
1787861990.190,riot,13
1787861991.151,gateway,1
1787861991.165,dns,15
1787861991.191,riot,13
1787861992.152,gateway,1
1787861992.166,dns,15
1787861992.194,riot,12
1787861993.152,gateway,1
1787861993.168,dns,13
1787861993.194,riot,12
1787861994.153,gateway,1
1787861994.168,dns,15
1787861994.196,riot,12
1787861995.155,gateway,1
1787861995.166,dns,16
1787861995.195,riot,13
1787861996.156,gateway,1
1787861996.169,dns,13
1787861996.195,riot,14
1787861997.157,gateway,1
1787861997.170,dns,11
1787861997.194,riot,11
1787861998.157,gateway,1
1787861998.171,dns,14
1787861998.199,riot,14
1787861999.159,gateway,1
1787861999.174,dns,13
1787861999.199,riot,11
1787862000.160,gateway,1
1787862000.173,dns,16
1787862000.202,riot,11
1787862001.160,gateway,1
1787862001.174,dns,13
1787862001.198,riot,13
1787862002.163,gateway,1
1787862002.176,dns,15
1787862002.204,riot,9
1787862003.163,gateway,1
1787862003.177,dns,14
1787862003.204,riot,10
1787862004.164,gateway,1
1787862004.178,dns,11
1787862004.202,riot,9
1787862005.165,gateway,3
1787862005.180,dns,15
1787862005.208,riot,18
1787862006.167,gateway,1
1787862006.179,dns,15
1787862006.207,riot,12
1787862007.168,gateway,1
1787862007.181,dns,14
1787862007.208,riot,14
1787862008.171,gateway,1
1787862008.185,dns,14
1787862008.212,riot,13
1787862009.172,gateway,2
1787862009.188,dns,13
1787862009.212,riot,12
1787862010.174,gateway,1
1787862010.186,dns,15
1787862010.213,riot,13
1787862011.174,gateway,7
1787862011.193,dns,10
1787862011.215,riot,10
1787862012.174,gateway,1
1787862012.187,dns,18
1787862012.217,riot,13
1787862013.175,gateway,1
1787862013.189,dns,15
1787862013.217,riot,11
1787862014.175,gateway,1
1787862014.188,dns,13
1787862014.215,riot,13
1787862015.176,gateway,1
1787862015.189,dns,13
1787862015.215,riot,11
1787862016.177,gateway,1
1787862016.190,dns,14
1787862016.216,riot,13
1787862017.178,gateway,1
1787862017.190,dns,14
1787862017.218,riot,15
1787862018.178,gateway,1
1787862018.193,dns,12
1787862018.217,riot,12
1787862019.180,gateway,1
1787862019.193,dns,18
1787862019.222,riot,13
1787862020.181,gateway,2
1787862020.196,dns,13
1787862020.227,riot,13
1787862021.182,gateway,1
1787862021.195,dns,13
1787862021.219,riot,11
1787862022.183,gateway,1
1787862022.197,dns,15
1787862022.225,riot,12
1787862023.184,gateway,1
1787862023.199,dns,14
1787862023.227,riot,14
1787862024.185,gateway,1
1787862024.198,dns,15
1787862024.225,riot,18
1787862025.186,gateway,1
1787862025.199,dns,17
1787862025.229,riot,13
1787862026.187,gateway,1
1787862026.200,dns,15
1787862026.228,riot,13
1787862027.188,gateway,4
1787862027.204,dns,14
1787862027.230,riot,16
1787862028.188,gateway,1
1787862028.201,dns,14
1787862028.229,riot,12
1787862029.189,gateway,1
1787862029.202,dns,11
1787862029.227,riot,11
1787862030.190,gateway,1
1787862030.203,dns,13
1787862030.230,riot,12
1787862031.192,gateway,1
1787862031.207,dns,11
1787862031.231,riot,10
1787862032.194,gateway,1
1787862032.207,dns,14
1787862032.235,riot,13
1787862033.194,gateway,1
1787862033.207,dns,13
1787862033.234,riot,8
1787862034.195,gateway,1
1787862034.208,dns,13
1787862034.234,riot,9
1787862035.195,gateway,1
1787862035.208,dns,13
1787862035.235,riot,15
1787862036.197,gateway,1
1787862036.209,dns,13
1787862036.235,riot,14
1787862037.198,gateway,2
1787862037.212,dns,16
1787862037.242,riot,11
1787862038.198,gateway,1
1787862038.212,dns,14
1787862038.241,riot,12
1787862039.200,gateway,1
1787862039.212,dns,14
1787862039.240,riot,14
1787862040.200,gateway,1
1787862040.213,dns,13
1787862040.241,riot,13
1787862041.201,gateway,1
1787862041.216,dns,13
1787862041.243,riot,12
1787862042.202,gateway,1
1787862042.216,dns,20
1787862042.249,riot,14
1787862043.202,gateway,1
1787862043.216,dns,16
1787862043.245,riot,13
1787862044.203,gateway,1
1787862044.216,dns,16
1787862044.244,riot,11
1787862045.205,gateway,1
1787862045.218,dns,14
1787862045.244,riot,11
1787862046.205,gateway,1
1787862046.218,dns,15
1787862046.244,riot,12
1787862047.206,gateway,1
1787862047.218,dns,16
1787862047.247,riot,13
1787862048.207,gateway,1
1787862048.221,dns,16
1787862048.248,riot,14
1787862049.208,gateway,1
1787862049.222,dns,14
1787862049.247,riot,12
1787862050.209,gateway,1
1787862050.221,dns,13
1787862050.246,riot,12
1787862051.210,gateway,1
1787862051.222,dns,13
1787862051.251,riot,11
1787862052.211,gateway,1
1787862052.225,dns,14
1787862052.254,riot,12
1787862053.212,gateway,1
1787862053.226,dns,14
1787862053.252,riot,12
1787862054.212,gateway,1
1787862054.227,dns,13
1787862054.252,riot,11
1787862055.213,gateway,1
1787862055.227,dns,14
1787862055.255,riot,12
1787862056.215,gateway,1
1787862056.228,dns,16
1787862056.256,riot,14
1787862057.215,gateway,1
1787862057.229,dns,14
1787862057.256,riot,12
1787862058.217,gateway,1
1787862058.230,dns,28
1787862058.273,riot,12
1787862059.218,gateway,1
1787862059.230,dns,13
1787862059.256,riot,13
1787862060.219,gateway,1
1787862060.232,dns,15
1787862060.261,riot,19
1787862061.219,gateway,1
1787862061.232,dns,15
1787862061.260,riot,14
1787862062.221,gateway,1
1787862062.236,dns,13
1787862062.263,riot,12
1787862063.222,gateway,1
1787862063.236,dns,14
1787862063.264,riot,12
1787862064.223,gateway,1
1787862064.236,dns,11
1787862064.263,riot,12
1787862065.225,gateway,1
1787862065.241,dns,14
1787862065.273,riot,12
1787862066.226,gateway,1
1787862066.240,dns,15
1787862066.268,riot,11
1787862067.226,gateway,2
1787862067.241,dns,11
1787862067.267,riot,9
1787862068.226,gateway,1
1787862068.242,dns,10
1787862068.266,riot,12
1787862069.228,gateway,1
1787862069.245,dns,14
1787862069.275,riot,11
1787862070.229,gateway,1
1787862070.243,dns,14
1787862070.271,riot,12
1787862071.229,gateway,1
1787862071.245,dns,14
1787862071.273,riot,14
1787862072.230,gateway,1
1787862072.244,dns,14
1787862072.272,riot,12
1787862073.230,gateway,1
1787862073.245,dns,15
1787862073.273,riot,14
1787862074.232,gateway,1
1787862074.246,dns,12
1787862074.273,riot,15
1787862075.233,gateway,1
1787862075.247,dns,14
1787862075.273,riot,11
1787862076.233,gateway,1
1787862076.246,dns,15
1787862076.276,riot,13
1787862077.234,gateway,1
1787862077.248,dns,15
1787862077.277,riot,13
1787862078.235,gateway,1
1787862078.248,dns,15
1787862078.278,riot,12
1787862079.236,gateway,1
1787862079.250,dns,13
1787862079.276,riot,11
1787862080.236,gateway,1
1787862080.251,dns,14
1787862080.279,riot,12
1787862081.237,gateway,1
1787862081.250,dns,14
1787862081.279,riot,12
1787862082.238,gateway,1
1787862082.252,dns,14
1787862082.281,riot,10
1787862083.240,gateway,1
1787862083.254,dns,15
1787862083.282,riot,12
1787862084.240,gateway,1
1787862084.254,dns,15
1787862084.284,riot,12
1787862085.242,gateway,1
1787862085.255,dns,14
1787862085.283,riot,13
1787862086.242,gateway,2
1787862086.257,dns,13
1787862086.285,riot,13
1787862087.243,gateway,1
1787862087.255,dns,14
1787862087.283,riot,12
1787862088.243,gateway,1
1787862088.257,dns,14
1787862088.284,riot,12
1787862089.244,gateway,1
1787862089.258,dns,13
1787862089.284,riot,11
1787862090.244,gateway,1
1787862090.258,dns,15
1787862090.284,riot,12
1787862091.245,gateway,1
1787862091.259,dns,15
1787862091.286,riot,12
1787862092.247,gateway,3
1787862092.261,dns,13
1787862092.287,riot,12
1787862093.248,gateway,3
1787862093.265,dns,16
1787862093.294,riot,14
1787862094.248,gateway,1
1787862094.261,dns,15
1787862094.289,riot,11
1787862095.249,gateway,1
1787862095.262,dns,22
1787862095.297,riot,14
1787862096.249,gateway,1
1787862096.263,dns,16
1787862096.290,riot,12
1787862097.250,gateway,1
1787862097.262,dns,24
1787862097.298,riot,11
1787862098.250,gateway,1
1787862098.265,dns,18
1787862098.297,riot,9
1787862099.251,gateway,1
1787862099.265,dns,15
1787862099.295,riot,13
1787862100.252,gateway,2
1787862100.267,dns,14
1787862100.294,riot,26
1787862101.253,gateway,1
1787862101.268,dns,15
1787862101.296,riot,17
1787862102.254,gateway,1
1787862102.268,dns,15
1787862102.296,riot,11
1787862103.256,gateway,1
1787862103.270,dns,14
1787862103.299,riot,11
1787862104.257,gateway,1
1787862104.271,dns,14
1787862104.299,riot,9
1787862105.258,gateway,1
1787862105.273,dns,14
1787862105.300,riot,13
1787862106.258,gateway,1
1787862106.286,dns,11
1787862106.311,riot,13
1787862107.259,gateway,1
1787862107.272,dns,10
1787862107.294,riot,15
1787862108.260,gateway,1
1787862108.275,dns,14
1787862108.302,riot,8
1787862109.260,gateway,1
1787862109.273,dns,15
1787862109.301,riot,12
1787862110.261,gateway,1
1787862110.274,dns,13
1787862110.300,riot,12
1787862111.261,gateway,1
1787862111.275,dns,14
1787862111.302,riot,11
1787862112.261,gateway,1
1787862112.276,dns,13
1787862112.302,riot,12
1787862113.263,gateway,1
1787862113.276,dns,16
1787862113.306,riot,13
1787862114.264,gateway,1
1787862114.276,dns,14
1787862114.304,riot,14
1787862115.265,gateway,1
1787862115.277,dns,14
1787862115.304,riot,12
1787862116.266,gateway,1
1787862116.280,dns,13
1787862116.306,riot,12
1787862117.267,gateway,1
1787862117.281,dns,14
1787862117.310,riot,12
1787862118.268,gateway,1
1787862118.281,dns,14
1787862118.309,riot,12
1787862119.268,gateway,1
1787862119.281,dns,13
1787862119.307,riot,13
1787862120.268,gateway,1
1787862120.283,dns,14
1787862120.310,riot,12
1787862121.269,gateway,1
1787862121.282,dns,14
1787862121.310,riot,13
1787862122.270,gateway,1
1787862122.284,dns,13
1787862122.311,riot,12
1787862123.270,gateway,1
1787862123.285,dns,14
1787862123.314,riot,8
1787862124.271,gateway,1
1787862124.285,dns,14
1787862124.314,riot,13
1787862125.273,gateway,1
1787862125.286,dns,13
1787862125.312,riot,12
1787862126.274,gateway,1
1787862126.286,dns,16
1787862126.316,riot,10
1787862127.276,gateway,1
1787862127.288,dns,14
1787862127.316,riot,12
1787862128.277,gateway,29
1787862128.318,dns,52
1787862128.385,riot,51
1787862129.277,gateway,1
1787862129.290,dns,46
1787862129.350,riot,48
1787862130.278,gateway,1
1787862130.290,dns,40
1787862130.344,riot,10
1787862131.278,gateway,1
1787862131.292,dns,13
1787862131.317,riot,12
1787862132.280,gateway,1
1787862132.295,dns,14
1787862132.322,riot,13
1787862133.281,gateway,1
1787862133.296,dns,15
1787862133.328,riot,13
1787862134.282,gateway,1
1787862134.299,dns,13
1787862134.328,riot,13
1787862135.283,gateway,1
1787862135.296,dns,15
1787862135.324,riot,10
1787862136.284,gateway,2
1787862136.299,dns,16
1787862136.328,riot,13
1787862137.285,gateway,1
1787862137.299,dns,16
1787862137.329,riot,14
1787862138.287,gateway,1
1787862138.301,dns,13
1787862138.327,riot,15
1787862139.287,gateway,1
1787862139.299,dns,17
1787862139.330,riot,14
1787862140.287,gateway,1
1787862140.301,dns,19
1787862140.334,riot,14
1787862141.288,gateway,1
1787862141.302,dns,14
1787862141.330,riot,12
1787862142.289,gateway,1
1787862142.302,dns,13
1787862142.327,riot,12
1787862143.289,gateway,1
1787862143.305,dns,12
1787862143.330,riot,14
1787862144.290,gateway,1
1787862144.305,dns,13
1787862144.330,riot,12
1787862145.291,gateway,1
1787862145.304,dns,13
1787862145.331,riot,12
1787862146.292,gateway,1
1787862146.305,dns,12
1787862146.332,riot,9
1787862147.294,gateway,1
1787862147.309,dns,10
1787862147.333,riot,11
1787862148.296,gateway,1
1787862148.308,dns,10
1787862148.332,riot,12
1787862149.296,gateway,1
1787862149.312,dns,14
1787862149.339,riot,11
1787862150.298,gateway,1
1787862150.312,dns,13
1787862150.338,riot,13
1787862151.299,gateway,1
1787862151.312,dns,12
1787862151.338,riot,12
1787862152.299,gateway,1
1787862152.312,dns,15
1787862152.342,riot,10
1787862153.301,gateway,1
1787862153.315,dns,15
1787862153.343,riot,12
1787862154.301,gateway,1
1787862154.315,dns,14
1787862154.343,riot,12
1787862155.302,gateway,1
1787862155.316,dns,11
1787862155.342,riot,12
1787862156.303,gateway,1
1787862156.317,dns,14
1787862156.343,riot,12
1787862157.304,gateway,1
1787862157.317,dns,16
1787862157.346,riot,12
1787862158.304,gateway,1
1787862158.317,dns,14
1787862158.345,riot,14
1787862159.304,gateway,1
1787862159.318,dns,13
1787862159.345,riot,15
1787862160.305,gateway,1
1787862160.320,dns,15
1787862160.347,riot,12
1787862161.306,gateway,1
1787862161.320,dns,14
1787862161.347,riot,16
1787862162.308,gateway,1
1787862162.321,dns,14
1787862162.348,riot,13
1787862163.309,gateway,1
1787862163.322,dns,15
1787862163.350,riot,11
1787862164.309,gateway,1
1787862164.321,dns,14
1787862164.351,riot,12
1787862165.309,gateway,1
1787862165.322,dns,15
1787862165.351,riot,12
1787862166.310,gateway,1
1787862166.325,dns,17
1787862166.355,riot,12
1787862167.311,gateway,1
1787862167.324,dns,13
1787862167.351,riot,12
1787862168.312,gateway,1
1787862168.325,dns,14
1787862168.351,riot,12
1787862169.313,gateway,1
1787862169.326,dns,13
1787862169.354,riot,12
1787862170.314,gateway,1
1787862170.326,dns,14
1787862170.353,riot,12
1787862171.315,gateway,2
1787862171.329,dns,14
1787862171.357,riot,12
1787862172.316,gateway,1
1787862172.330,dns,17
1787862172.362,riot,11
1787862173.317,gateway,1
1787862173.330,dns,14
1787862173.357,riot,12
1787862174.318,gateway,1
1787862174.331,dns,15
1787862174.360,riot,15
1787862175.319,gateway,1
1787862175.333,dns,14
1787862175.361,riot,13
1787862176.320,gateway,1
1787862176.334,dns,13
1787862176.361,riot,15
1787862177.320,gateway,1
1787862177.334,dns,14
1787862177.361,riot,16
1787862178.321,gateway,1
1787862178.333,dns,18
1787862178.363,riot,18
1787862179.322,gateway,1
1787862179.335,dns,14
1787862179.360,riot,15
1787862180.323,gateway,1
1787862180.336,dns,15
1787862180.363,riot,12
1787862181.324,gateway,1
1787862181.337,dns,12
1787862181.360,riot,13
1787862182.326,gateway,1
1787862182.340,dns,14
1787862182.367,riot,9
1787862183.326,gateway,1
1787862183.339,dns,15
1787862183.367,riot,10
1787862184.327,gateway,1
1787862184.341,dns,15
1787862184.370,riot,12
1787862185.328,gateway,1
1787862185.343,dns,13
1787862185.369,riot,12
1787862186.328,gateway,2
1787862186.343,dns,14
1787862186.368,riot,13
1787862187.328,gateway,1
1787862187.342,dns,15
1787862187.368,riot,12
1787862188.329,gateway,1
1787862188.342,dns,19
1787862188.376,riot,10
1787862189.331,gateway,1
1787862189.345,dns,14
1787862189.374,riot,15
1787862190.332,gateway,1
1787862190.345,dns,13
1787862190.372,riot,13
1787862191.333,gateway,1
1787862191.345,dns,14
1787862191.373,riot,12
1787862192.334,gateway,1
1787862192.351,dns,15
1787862192.380,riot,12
1787862193.335,gateway,1
1787862193.347,dns,13
1787862193.375,riot,11
1787862194.336,gateway,1
1787862194.349,dns,14
1787862194.376,riot,12
1787862195.336,gateway,1
1787862195.350,dns,14
1787862195.378,riot,13
1787862196.337,gateway,1
1787862196.352,dns,14
1787862196.380,riot,12
1787862197.339,gateway,1
1787862197.353,dns,13
1787862197.380,riot,12
1787862198.340,gateway,1
1787862198.355,dns,13
1787862198.381,riot,12
1787862199.341,gateway,1
1787862199.354,dns,15
1787862199.382,riot,13
1787862200.342,gateway,1
1787862200.356,dns,15
1787862200.384,riot,12
1787862201.343,gateway,2
1787862201.357,dns,14
1787862201.383,riot,14
1787862202.344,gateway,1
1787862202.357,dns,13
1787862202.385,riot,12
1787862203.346,gateway,1
1787862203.360,dns,14
1787862203.388,riot,13
1787862204.347,gateway,1
1787862204.360,dns,14
1787862204.388,riot,12
1787862205.348,gateway,2
1787862205.363,dns,14
1787862205.390,riot,13
1787862206.350,gateway,1
1787862206.364,dns,14
1787862206.393,riot,13
1787862207.351,gateway,1
1787862207.364,dns,13
1787862207.390,riot,12
1787862208.353,gateway,1
1787862208.367,dns,15
1787862208.395,riot,13
1787862209.353,gateway,2
1787862209.368,dns,12
1787862209.395,riot,14
1787862210.354,gateway,1
1787862210.367,dns,13
1787862210.394,riot,13
1787862211.354,gateway,1
1787862211.367,dns,13
1787862211.395,riot,13
1787862212.354,gateway,1
1787862212.368,dns,13
1787862212.398,riot,13
1787862213.356,gateway,1
1787862213.368,dns,15
1787862213.395,riot,11
1787862214.357,gateway,1
1787862214.371,dns,16
1787862214.401,riot,9
1787862215.358,gateway,1
1787862215.372,dns,14
1787862215.400,riot,16
1787862216.359,gateway,1
1787862216.372,dns,14
1787862216.400,riot,9
1787862217.359,gateway,1
1787862217.374,dns,13
1787862217.401,riot,12
1787862218.360,gateway,1
1787862218.374,dns,14
1787862218.402,riot,9
1787862219.361,gateway,1
1787862219.376,dns,13
1787862219.405,riot,15
1787862220.361,gateway,1
1787862220.376,dns,11
1787862220.400,riot,10
1787862221.363,gateway,2
1787862221.377,dns,14
1787862221.404,riot,9
1787862222.363,gateway,1
1787862222.378,dns,14
1787862222.405,riot,13
1787862223.365,gateway,1
1787862223.381,dns,14
1787862223.407,riot,13
1787862224.365,gateway,1
1787862224.380,dns,12
1787862224.403,riot,12
1787862225.366,gateway,1
1787862225.381,dns,14
1787862225.410,riot,12
1787862226.367,gateway,1
1787862226.382,dns,14
1787862226.409,riot,12
1787862227.368,gateway,1
1787862227.383,dns,15
1787862227.411,riot,12
1787862228.369,gateway,1
1787862228.382,dns,15
1787862228.412,riot,12
1787862229.370,gateway,1
1787862229.385,dns,15
1787862229.413,riot,13
1787862230.371,gateway,1
1787862230.385,dns,13
1787862230.411,riot,12
1787862231.372,gateway,1
1787862231.386,dns,14
1787862231.414,riot,12
1787862232.374,gateway,2
1787862232.388,dns,13
1787862232.417,riot,12
1787862233.375,gateway,1
1787862233.389,dns,15
1787862233.417,riot,12
1787862234.377,gateway,1
1787862234.391,dns,13
1787862234.416,riot,12
1787862235.378,gateway,4
1787862235.394,dns,13
1787862235.420,riot,12
1787862236.378,gateway,11
1787862236.401,dns,15
1787862236.430,riot,10
1787862237.378,gateway,1
1787862237.392,dns,20
1787862237.423,riot,11
1787862238.380,gateway,2
1787862238.394,dns,23
1787862238.430,riot,13
1787862239.380,gateway,1
1787862239.394,dns,17
1787862239.425,riot,14
1787862240.382,gateway,1
1787862240.394,dns,14
1787862240.420,riot,11
1787862241.383,gateway,1
1787862241.396,dns,15
1787862241.424,riot,11
1787862242.385,gateway,2
1787862242.400,dns,14
1787862242.428,riot,20
1787862243.386,gateway,1
1787862243.400,dns,15
1787862243.427,riot,14
1787862244.386,gateway,1
1787862244.399,dns,15
1787862244.428,riot,19
1787862245.387,gateway,1
1787862245.400,dns,15
1787862245.427,riot,9
1787862246.387,gateway,1
1787862246.401,dns,15
1787862246.428,riot,11
1787862247.388,gateway,1
1787862247.400,dns,16
1787862247.428,riot,15
1787862248.388,gateway,1
1787862248.401,dns,16
1787862248.429,riot,11
1787862249.389,gateway,1
1787862249.401,dns,16
1787862249.430,riot,11
1787862250.390,gateway,1
1787862250.404,dns,12
1787862250.427,riot,14
1787862251.390,gateway,1
1787862251.404,dns,12
1787862251.430,riot,16
1787862252.390,gateway,1
1787862252.403,dns,13
1787862252.430,riot,15
1787862253.391,gateway,1
1787862253.403,dns,13
1787862253.429,riot,12
1787862254.391,gateway,1
1787862254.404,dns,13
1787862254.432,riot,13
1787862255.392,gateway,1
1787862255.406,dns,12
1787862255.430,riot,14
1787862256.393,gateway,1
1787862256.407,dns,17
1787862256.437,riot,17
1787862257.394,gateway,1
1787862257.407,dns,14
1787862257.434,riot,8
1787862258.395,gateway,1
1787862258.408,dns,12
1787862258.433,riot,12
1787862259.396,gateway,1
1787862259.410,dns,14
1787862259.437,riot,14
1787862260.397,gateway,1
1787862260.409,dns,13
1787862260.435,riot,14
1787862261.398,gateway,3
1787862261.415,dns,21
1787862261.449,riot,16
1787862262.399,gateway,2
1787862262.411,dns,14
1787862262.437,riot,14
1787862263.399,gateway,1
1787862263.413,dns,13
1787862263.437,riot,11
1787862264.400,gateway,1
1787862264.414,dns,14
1787862264.442,riot,13
1787862265.401,gateway,1
1787862265.415,dns,15
1787862265.443,riot,11
1787862266.403,gateway,2
1787862266.419,dns,15
1787862266.447,riot,17
1787862267.404,gateway,1
1787862267.419,dns,16
1787862267.446,riot,13
1787862268.405,gateway,3
1787862268.422,dns,11
1787862268.446,riot,14
1787862269.406,gateway,1
1787862269.420,dns,15
1787862269.450,riot,14
1787862270.406,gateway,1
1787862270.420,dns,15
1787862270.448,riot,14
1787862271.407,gateway,1
1787862271.421,dns,15
1787862271.448,riot,13
1787862272.407,gateway,1
1787862272.422,dns,18
1787862272.455,riot,15
1787862273.408,gateway,1
1787862273.422,dns,16
1787862273.452,riot,16
1787862274.409,gateway,1
1787862274.423,dns,16
1787862274.454,riot,17
1787862275.409,gateway,1
1787862275.424,dns,16
1787862275.454,riot,15
1787862276.410,gateway,1
1787862276.424,dns,15
1787862276.453,riot,14
1787862277.410,gateway,2
1787862277.426,dns,19
1787862277.460,riot,14
1787862278.410,gateway,1
1787862278.424,dns,14
1787862278.452,riot,14
1787862279.412,gateway,1
1787862279.424,dns,14
1787862279.452,riot,11
1787862280.412,gateway,1
1787862280.427,dns,14
1787862280.456,riot,11
1787862281.413,gateway,1
1787862281.425,dns,15
1787862281.454,riot,13
1787862282.415,gateway,1
1787862282.427,dns,13
1787862282.452,riot,12
1787862283.415,gateway,1
1787862283.428,dns,15
1787862283.463,riot,9
1787862284.417,gateway,1
1787862284.432,dns,16
1787862284.461,riot,12
1787862285.419,gateway,1
1787862285.431,dns,14
1787862285.458,riot,16
1787862286.420,gateway,1
1787862286.433,dns,14
1787862286.462,riot,12
1787862287.421,gateway,1
1787862287.434,dns,13
1787862287.462,riot,11
1787862288.423,gateway,1
1787862288.436,dns,13
1787862288.464,riot,11
1787862289.424,gateway,1
1787862289.437,dns,14
1787862289.465,riot,10
1787862290.425,gateway,1
1787862290.440,dns,13
1787862290.467,riot,12
1787862291.425,gateway,1
1787862291.439,dns,13
1787862291.466,riot,8
1787862292.427,gateway,1
1787862292.441,dns,14
1787862292.470,riot,12
1787862293.427,gateway,1
1787862293.442,dns,16
1787862293.473,riot,9
1787862294.428,gateway,2
1787862294.444,dns,14
1787862294.472,riot,15
1787862295.429,gateway,1
1787862295.444,dns,13
1787862295.472,riot,12
1787862296.429,gateway,1
1787862296.441,dns,14
1787862296.466,riot,12
1787862297.430,gateway,1
1787862297.441,dns,14
1787862297.468,riot,11
1787862298.431,gateway,1
1787862298.442,dns,16
1787862298.469,riot,11
1787862299.431,gateway,1
1787862299.443,dns,13
1787862299.468,riot,13
1787862300.432,gateway,1
1787862300.444,dns,14
1787862300.468,riot,10
1787862301.434,gateway,4
1787862301.450,dns,19
1787862301.480,riot,10
1787862302.434,gateway,1
1787862302.445,dns,14
1787862302.470,riot,12
1787862303.435,gateway,2
1787862303.451,dns,16
1787862303.480,riot,11
1787862304.436,gateway,1
1787862304.450,dns,14
1787862304.477,riot,9
1787862305.436,gateway,1
1787862305.450,dns,15
1787862305.479,riot,14
1787862306.437,gateway,1
1787862306.452,dns,14
1787862306.480,riot,8
1787862307.438,gateway,3
1787862307.455,dns,15
1787862307.481,riot,14
1787862308.440,gateway,1
1787862308.453,dns,12
1787862308.479,riot,13
1787862309.441,gateway,1
1787862309.455,dns,14
1787862309.483,riot,12
1787862310.443,gateway,1
1787862310.457,dns,13
1787862310.484,riot,16
1787862311.444,gateway,1
1787862311.457,dns,15
1787862311.486,riot,12
1787862312.444,gateway,1
1787862312.458,dns,15
1787862312.487,riot,12
1787862313.445,gateway,2
1787862313.462,dns,15
1787862313.492,riot,12
1787862314.446,gateway,1
1787862314.460,dns,13
1787862314.487,riot,11
1787862315.447,gateway,1
1787862315.461,dns,14
1787862315.489,riot,11
1787862316.449,gateway,1
1787862316.464,dns,15
1787862316.492,riot,12
1787862317.450,gateway,1
1787862317.465,dns,19
1787862317.497,riot,13
1787862318.451,gateway,1
1787862318.464,dns,14
1787862318.493,riot,14
1787862319.451,gateway,1
1787862319.466,dns,17
1787862319.496,riot,11
1787862320.453,gateway,1
1787862320.468,dns,15
1787862320.500,riot,10
1787862321.453,gateway,1
1787862321.468,dns,13
1787862321.495,riot,13
1787862322.455,gateway,1
1787862322.468,dns,14
1787862322.496,riot,11
1787862323.456,gateway,1
1787862323.471,dns,14
1787862323.500,riot,15
1787862324.456,gateway,1
1787862324.470,dns,12
1787862324.494,riot,12
1787862325.457,gateway,1
1787862325.470,dns,15
1787862325.498,riot,13
1787862326.459,gateway,1
1787862326.473,dns,15
1787862326.502,riot,11
1787862327.459,gateway,1
1787862327.473,dns,14
1787862327.501,riot,11
1787862328.461,gateway,1
1787862328.475,dns,11
1787862328.498,riot,8
1787862329.462,gateway,1
1787862329.477,dns,16
1787862329.506,riot,12
1787862330.464,gateway,1
1787862330.477,dns,14
1787862330.505,riot,13
1787862331.465,gateway,1
1787862331.479,dns,15
1787862331.507,riot,11
1787862332.467,gateway,4
1787862332.483,dns,14
1787862332.511,riot,13
1787862333.468,gateway,1
1787862333.483,dns,13
1787862333.508,riot,12
1787862334.469,gateway,1
1787862334.481,dns,13
1787862334.509,riot,12
1787862335.469,gateway,1
1787862335.482,dns,13
1787862335.509,riot,14
1787862336.470,gateway,1
1787862336.483,dns,15
1787862336.514,riot,12
1787862337.471,gateway,1
1787862337.487,dns,14
1787862337.516,riot,13
1787862338.473,gateway,1
1787862338.486,dns,14
1787862338.515,riot,12
1787862339.473,gateway,1
1787862339.487,dns,14
1787862339.515,riot,12
1787862340.474,gateway,1
1787862340.495,dns,16
1787862340.527,riot,14
1787862341.474,gateway,1
1787862341.487,dns,14
1787862341.514,riot,13
1787862342.475,gateway,1
1787862342.489,dns,15
1787862342.519,riot,11
1787862343.477,gateway,1
1787862343.490,dns,17
1787862343.520,riot,12
1787862344.478,gateway,1
1787862344.491,dns,14
1787862344.520,riot,13
1787862345.479,gateway,1
1787862345.492,dns,14
1787862345.521,riot,12
1787862346.480,gateway,1
1787862346.494,dns,16
1787862346.525,riot,13
1787862347.481,gateway,1
1787862347.495,dns,16
1787862347.523,riot,13
1787862348.482,gateway,141
1787862348.637,dns,70
1787862348.724,riot,40
1787862349.483,gateway,761
1787862350.257,dns,49
1787862350.321,riot,15
1787862350.484,gateway,1
1787862350.497,dns,21
1787862350.532,riot,88
1787862351.485,gateway,37
1787862351.536,dns,21
1787862351.571,riot,29
1787862352.485,gateway,57
1787862352.556,dns,93
1787862352.663,riot,57
1787862353.486,gateway,1
1787862353.499,dns,16
1787862353.530,riot,15
1787862354.486,gateway,1
1787862354.500,dns,11
1787862354.526,riot,14
1787862355.487,gateway,1
1787862355.502,dns,13
1787862355.529,riot,11
1787862356.489,gateway,1
1787862356.502,dns,15
1787862356.531,riot,12
1787862357.489,gateway,1
1787862357.504,dns,15
1787862357.532,riot,13
1787862358.490,gateway,1
1787862358.506,dns,14
1787862358.534,riot,12
1787862359.491,gateway,17
1787862359.523,dns,13
1787862359.548,riot,16
1787862360.492,gateway,1
1787862360.506,dns,15
1787862360.535,riot,13
1787862361.493,gateway,1
1787862361.507,dns,14
1787862361.535,riot,12
1787862362.494,gateway,1
1787862362.509,dns,13
1787862362.535,riot,11
1787862363.496,gateway,1
1787862363.510,dns,15
1787862363.540,riot,15
1787862364.496,gateway,1
1787862364.510,dns,14
1787862364.539,riot,13
1787862365.498,gateway,1
1787862365.513,dns,11
1787862365.539,riot,17
1787862366.499,gateway,2
1787862366.515,dns,14
1787862366.543,riot,12
1787862367.500,gateway,1
1787862367.513,dns,14
1787862367.542,riot,18
1787862368.501,gateway,1
1787862368.515,dns,14
1787862368.540,riot,11
1787862369.502,gateway,1
1787862369.519,dns,15
1787862369.546,riot,13
1787862370.503,gateway,1
1787862370.517,dns,15
1787862370.545,riot,26
1787862371.505,gateway,1
1787862371.517,dns,29
1787862371.560,riot,14
1787862372.505,gateway,1
1787862372.520,dns,14
1787862372.549,riot,12
1787862373.506,gateway,1
1787862373.520,dns,13
1787862373.548,riot,11
1787862374.506,gateway,1
1787862374.522,dns,14
1787862374.575,riot,11
1787862375.507,gateway,1
1787862375.522,dns,14
1787862375.550,riot,12
1787862376.509,gateway,1
1787862376.523,dns,14
1787862376.551,riot,13
1787862377.511,gateway,1
1787862377.526,dns,14
1787862377.553,riot,12
1787862378.512,gateway,4
1787862378.530,dns,17
1787862378.561,riot,13
1787862379.513,gateway,1
1787862379.527,dns,14
1787862379.555,riot,15
1787862380.513,gateway,1
1787862380.528,dns,17
1787862380.558,riot,11
1787862381.514,gateway,1
1787862381.528,dns,15
1787862381.557,riot,13
1787862382.514,gateway,1
1787862382.529,dns,18
1787862382.562,riot,11
1787862383.516,gateway,1
1787862383.530,dns,14
1787862383.559,riot,12
1787862384.516,gateway,1
1787862384.529,dns,15
1787862384.558,riot,16
1787862385.517,gateway,1
1787862385.533,dns,15
1787862385.562,riot,19
1787862386.519,gateway,1
1787862386.533,dns,14
1787862386.560,riot,16
1787862387.519,gateway,1
1787862387.534,dns,14
1787862387.563,riot,17
1787862388.520,gateway,4
1787862388.537,dns,14
1787862388.565,riot,12
1787862389.521,gateway,1
1787862389.535,dns,11
1787862389.561,riot,14
1787862390.523,gateway,1
1787862390.537,dns,14
1787862390.565,riot,10
1787862391.523,gateway,1
1787862391.537,dns,14
1787862391.564,riot,10
1787862392.524,gateway,1
1787862392.538,dns,12
1787862392.564,riot,12
1787862393.525,gateway,1
1787862393.539,dns,14
1787862393.567,riot,13
1787862394.527,gateway,1
1787862394.541,dns,14
1787862394.568,riot,10
1787862395.527,gateway,1
1787862395.542,dns,14
1787862395.570,riot,13
1787862396.529,gateway,1
1787862396.543,dns,11
1787862396.568,riot,8
1787862397.529,gateway,1
1787862397.545,dns,14
1787862397.572,riot,12
1787862398.531,gateway,1
1787862398.546,dns,14
1787862398.574,riot,11
1787862399.532,gateway,1
1787862399.546,dns,14
1787862399.574,riot,12
1787862400.533,gateway,1
1787862400.547,dns,16
1787862400.578,riot,11
1787862401.534,gateway,1
1787862401.548,dns,13
1787862401.574,riot,12
1787862402.535,gateway,1
1787862402.549,dns,14
1787862402.576,riot,11
1787862403.535,gateway,1
1787862403.549,dns,16
1787862403.578,riot,12
1787862404.537,gateway,1
1787862404.550,dns,14
1787862404.578,riot,12
1787862405.538,gateway,1
1787862405.553,dns,14
1787862405.580,riot,12
1787862406.538,gateway,1
1787862406.552,dns,14
1787862406.580,riot,11
1787862407.539,gateway,1
1787862407.554,dns,11
1787862407.578,riot,14
1787862408.540,gateway,1
1787862408.554,dns,15
1787862408.583,riot,17
1787862409.541,gateway,1
1787862409.553,dns,15
1787862409.582,riot,14
1787862410.542,gateway,1
1787862410.555,dns,13
1787862410.580,riot,12
1787862411.544,gateway,1
1787862411.557,dns,13
1787862411.584,riot,11
1787862412.546,gateway,1
1787862412.558,dns,15
1787862412.588,riot,12
1787862413.546,gateway,1
1787862413.559,dns,40
1787862413.612,riot,8
1787862414.547,gateway,1
1787862414.560,dns,15
1787862414.589,riot,11
1787862415.547,gateway,1
1787862415.562,dns,13
1787862415.588,riot,11
1787862416.548,gateway,1
1787862416.563,dns,14
1787862416.589,riot,12
1787862417.549,gateway,1
1787862417.564,dns,15
1787862417.592,riot,15
1787862418.549,gateway,1
1787862418.562,dns,14
1787862418.590,riot,13
1787862419.551,gateway,1
1787862419.564,dns,15
1787862419.592,riot,10
1787862420.551,gateway,1
1787862420.565,dns,14
1787862420.592,riot,11
1787862421.552,gateway,1
1787862421.566,dns,14
1787862421.594,riot,14
1787862422.553,gateway,1
1787862422.568,dns,11
1787862422.594,riot,12
1787862423.553,gateway,1
1787862423.567,dns,12
1787862423.594,riot,14
1787862424.554,gateway,1
1787862424.568,dns,15
1787862424.597,riot,12
1787862425.555,gateway,1
1787862425.569,dns,12
1787862425.595,riot,11
1787862426.556,gateway,1
1787862426.570,dns,10
1787862426.594,riot,13
1787862427.557,gateway,1
1787862427.570,dns,13
1787862427.598,riot,10
1787862428.558,gateway,1
1787862428.571,dns,16
1787862428.602,riot,9
1787862429.559,gateway,1
1787862429.573,dns,14
1787862429.602,riot,9
1787862430.560,gateway,1
1787862430.575,dns,13
1787862430.601,riot,8
1787862431.562,gateway,1
1787862431.575,dns,15
1787862431.604,riot,11
1787862432.563,gateway,1
1787862432.582,dns,14
1787862432.610,riot,13
1787862433.565,gateway,1
1787862433.580,dns,14
1787862433.608,riot,13
1787862434.565,gateway,1
1787862434.579,dns,14
1787862434.608,riot,11
1787862435.565,gateway,1
1787862435.581,dns,14
1787862435.609,riot,12
1787862436.566,gateway,1
1787862436.580,dns,16
1787862436.610,riot,12
1787862437.567,gateway,1
1787862437.583,dns,13
1787862437.610,riot,12
1787862438.569,gateway,2
1787862438.586,dns,13
1787862438.614,riot,12
1787862439.571,gateway,1
1787862439.586,dns,14
1787862439.612,riot,9
1787862440.571,gateway,1
1787862440.586,dns,14
1787862440.613,riot,12
1787862441.572,gateway,1
1787862441.586,dns,15
1787862441.617,riot,14
1787862442.574,gateway,1
1787862442.588,dns,14
1787862442.615,riot,12
1787862443.575,gateway,1
1787862443.590,dns,16
1787862443.620,riot,16
1787862444.576,gateway,1
1787862444.592,dns,14
1787862444.620,riot,11
1787862445.577,gateway,1
1787862445.593,dns,13
1787862445.622,riot,12
1787862446.578,gateway,1
1787862446.592,dns,15
1787862446.621,riot,13
1787862447.579,gateway,3
1787862447.595,dns,15
1787862447.625,riot,14
1787862448.580,gateway,1
1787862448.595,dns,14
1787862448.623,riot,14
1787862449.581,gateway,2
1787862449.596,dns,16
1787862449.628,riot,14
1787862450.582,gateway,1
1787862450.596,dns,15
1787862450.627,riot,12
1787862451.582,gateway,1
1787862451.598,dns,15
1787862451.628,riot,13
1787862452.584,gateway,1
1787862452.598,dns,15
1787862452.627,riot,8
1787862453.584,gateway,1
1787862453.598,dns,14
1787862453.626,riot,13
1787862454.585,gateway,1
1787862454.600,dns,14
1787862454.628,riot,14
1787862455.586,gateway,1
1787862455.600,dns,13
1787862455.627,riot,14
1787862456.586,gateway,1
1787862456.600,dns,14
1787862456.626,riot,14
1787862457.587,gateway,1
1787862457.602,dns,15
1787862457.632,riot,11
1787862458.588,gateway,1
1787862458.603,dns,13
1787862458.634,riot,11
1787862459.589,gateway,1
1787862459.604,dns,12
1787862459.629,riot,12
1787862460.590,gateway,1
1787862460.626,dns,14
1787862460.655,riot,12
1787862461.591,gateway,1
1787862461.604,dns,14
1787862461.633,riot,11
1787862462.592,gateway,2
1787862462.607,dns,14
1787862462.636,riot,12
1787862463.593,gateway,1
1787862463.606,dns,17
1787862463.636,riot,8
1787862464.593,gateway,1
1787862464.609,dns,15
1787862464.637,riot,15
1787862465.594,gateway,1
1787862465.607,dns,13
1787862465.635,riot,12
1787862466.595,gateway,1
1787862466.609,dns,14
1787862466.636,riot,11
1787862467.595,gateway,1
1787862467.610,dns,13
1787862467.636,riot,12
1787862468.597,gateway,1
1787862468.610,dns,14
1787862468.640,riot,13
1787862469.599,gateway,1
1787862469.612,dns,15
1787862469.642,riot,13
1787862470.599,gateway,2
1787862470.614,dns,13
1787862470.641,riot,14
1787862471.600,gateway,1
1787862471.615,dns,15
1787862471.643,riot,12
1787862472.602,gateway,1
1787862472.615,dns,12
1787862472.641,riot,12
1787862473.603,gateway,1
1787862473.617,dns,14
1787862473.643,riot,12
1787862474.604,gateway,1
1787862474.619,dns,14
1787862474.645,riot,12
1787862475.605,gateway,1
1787862475.618,dns,13
1787862475.645,riot,12
1787862476.607,gateway,1
1787862476.621,dns,14
1787862476.650,riot,13
1787862477.608,gateway,1
1787862477.623,dns,13
1787862477.650,riot,12
1787862478.609,gateway,1
1787862478.624,dns,15
1787862478.652,riot,13
1787862479.610,gateway,2
1787862479.625,dns,13
1787862479.653,riot,14
1787862480.611,gateway,1
1787862480.626,dns,15
1787862480.655,riot,12
1787862481.613,gateway,1
1787862481.626,dns,13
1787862481.655,riot,13
1787862482.614,gateway,1
1787862482.630,dns,14
1787862482.658,riot,13
1787862483.615,gateway,1
1787862483.627,dns,13
1787862483.655,riot,12
1787862484.615,gateway,1
1787862484.629,dns,14
1787862484.656,riot,11
1787862485.616,gateway,1
1787862485.630,dns,17
1787862485.661,riot,19
1787862486.616,gateway,1
1787862486.630,dns,17
1787862486.661,riot,13
1787862487.616,gateway,1
1787862487.630,dns,17
1787862487.663,riot,14
1787862488.618,gateway,1
1787862488.631,dns,17
1787862488.661,riot,12
1787862489.620,gateway,1
1787862489.634,dns,14
1787862489.663,riot,13
1787862490.622,gateway,1
1787862490.635,dns,13
1787862490.663,riot,15
1787862491.623,gateway,1
1787862491.636,dns,15
1787862491.664,riot,13
1787862492.624,gateway,1
1787862492.638,dns,12
1787862492.663,riot,11
1787862493.624,gateway,1
1787862493.639,dns,10
1787862493.663,riot,11
1787862494.625,gateway,1
1787862494.639,dns,10
1787862494.663,riot,16
1787862495.625,gateway,2
1787862495.641,dns,15
1787862495.669,riot,13
1787862496.626,gateway,1
1787862496.640,dns,15
1787862496.669,riot,13
1787862497.627,gateway,1
1787862497.643,dns,12
1787862497.667,riot,13
1787862498.628,gateway,1
1787862498.644,dns,14
1787862498.673,riot,13
1787862499.629,gateway,1
1787862499.643,dns,13
1787862499.671,riot,11
1787862500.630,gateway,1
1787862500.645,dns,14
1787862500.673,riot,11
1787862501.631,gateway,1
1787862501.645,dns,17
1787862501.677,riot,14
1787862502.632,gateway,1
1787862502.647,dns,14
1787862502.675,riot,12
1787862503.632,gateway,1
1787862503.647,dns,17
1787862503.677,riot,11
1787862504.633,gateway,1
1787862504.648,dns,15
1787862504.676,riot,12
1787862505.634,gateway,1
1787862505.648,dns,14
1787862505.674,riot,12
1787862506.635,gateway,1
1787862506.649,dns,13
1787862506.675,riot,11
1787862507.635,gateway,1
1787862507.648,dns,14
1787862507.674,riot,12
1787862508.636,gateway,1
1787862508.650,dns,14
1787862508.677,riot,11
1787862509.637,gateway,1
1787862509.652,dns,16
1787862509.683,riot,12
1787862510.638,gateway,1
1787862510.653,dns,14
1787862510.680,riot,12
1787862511.639,gateway,1
1787862511.652,dns,14
1787862511.681,riot,11
1787862512.639,gateway,1
1787862512.654,dns,13
1787862512.680,riot,12
1787862513.640,gateway,1
1787862513.655,dns,14
1787862513.683,riot,12
1787862514.641,gateway,1
1787862514.654,dns,14
1787862514.682,riot,12
1787862515.641,gateway,1
1787862515.656,dns,17
1787862515.686,riot,14
1787862516.642,gateway,1
1787862516.656,dns,14
1787862516.682,riot,12
1787862517.643,gateway,1
1787862517.656,dns,13
1787862517.683,riot,12
1787862518.644,gateway,1
1787862518.658,dns,13
1787862518.685,riot,12
1787862519.645,gateway,1
1787862519.659,dns,14
1787862519.686,riot,12
1787862520.646,gateway,1
1787862520.660,dns,15
1787862520.689,riot,12
1787862521.647,gateway,2
1787862521.668,dns,15
1787862521.697,riot,12
1787862522.648,gateway,1
1787862522.661,dns,16
1787862522.691,riot,11
1787862523.649,gateway,1
1787862523.663,dns,18
1787862523.694,riot,19
1787862524.649,gateway,1
1787862524.663,dns,15
1787862524.690,riot,14
1787862525.650,gateway,1
1787862525.665,dns,19
1787862525.697,riot,9
1787862526.650,gateway,1
1787862526.664,dns,16
1787862526.694,riot,12
1787862527.652,gateway,1
1787862527.665,dns,15
1787862527.695,riot,14
1787862528.652,gateway,1
1787862528.665,dns,16
1787862528.695,riot,21
1787862529.653,gateway,1
1787862529.666,dns,14
1787862529.694,riot,18
1787862530.654,gateway,1
1787862530.668,dns,13
1787862530.696,riot,11
1787862531.655,gateway,1
1787862531.669,dns,13
1787862531.696,riot,12
1787862532.655,gateway,1
1787862532.670,dns,10
1787862532.695,riot,13
1787862533.656,gateway,1
1787862533.671,dns,14
1787862533.698,riot,14
1787862534.657,gateway,1
1787862534.672,dns,14
1787862534.700,riot,10
1787862535.659,gateway,1
1787862535.674,dns,13
1787862535.700,riot,12
1787862536.660,gateway,1
1787862536.674,dns,13
1787862536.701,riot,12
1787862537.660,gateway,1
1787862537.675,dns,14
1787862537.702,riot,12
1787862538.660,gateway,1
1787862538.675,dns,14
1787862538.701,riot,12
1787862539.661,gateway,1
1787862539.674,dns,14
1787862539.703,riot,13
1787862540.662,gateway,1
1787862540.677,dns,13
1787862540.703,riot,14
1787862541.662,gateway,1
1787862541.676,dns,12
1787862541.701,riot,13
1787862542.664,gateway,1
1787862542.679,dns,14
1787862542.707,riot,12
1787862543.665,gateway,1
1787862543.680,dns,15
1787862543.709,riot,13
1787862544.666,gateway,1
1787862544.680,dns,14
1787862544.708,riot,13
1787862545.666,gateway,1
1787862545.681,dns,15
1787862545.710,riot,13
1787862546.667,gateway,1
1787862546.681,dns,14
1787862546.710,riot,12
1787862547.668,gateway,1
1787862547.681,dns,14
1787862547.711,riot,12
1787862548.669,gateway,1
1787862548.682,dns,14
1787862548.710,riot,12
1787862549.670,gateway,1
1787862549.685,dns,15
1787862549.713,riot,12
1787862550.671,gateway,1
1787862550.683,dns,14
1787862550.710,riot,12
1787862551.671,gateway,1
1787862551.687,dns,15
1787862551.723,riot,13
1787862552.672,gateway,1
1787862552.685,dns,14
1787862552.713,riot,11
1787862553.674,gateway,2
1787862553.689,dns,14
1787862553.715,riot,11
1787862554.674,gateway,1
1787862554.688,dns,16
1787862554.717,riot,12
1787862555.675,gateway,1
1787862555.689,dns,13
1787862555.716,riot,12
1787862556.675,gateway,1
1787862556.688,dns,14
1787862556.717,riot,13
1787862557.677,gateway,1
1787862557.692,dns,13
1787862557.717,riot,12
1787862558.678,gateway,1
1787862558.692,dns,14
1787862558.720,riot,12
1787862559.679,gateway,1
1787862559.691,dns,15
1787862559.720,riot,12
1787862560.680,gateway,2
1787862560.695,dns,15
1787862560.723,riot,11
1787862561.681,gateway,1
1787862561.694,dns,13
1787862561.721,riot,11
1787862562.682,gateway,1
1787862562.697,dns,14
1787862562.723,riot,12
1787862563.684,gateway,1
1787862563.696,dns,14
1787862563.724,riot,14
1787862564.684,gateway,1
1787862564.698,dns,17
1787862564.730,riot,14
1787862565.686,gateway,1
1787862565.700,dns,14
1787862565.728,riot,14
1787862566.686,gateway,1
1787862566.700,dns,14
1787862566.728,riot,18
1787862567.686,gateway,1
1787862567.700,dns,14
1787862567.730,riot,12
1787862568.688,gateway,1
1787862568.703,dns,13
1787862568.730,riot,12
1787862569.689,gateway,1
1787862569.702,dns,15
1787862569.731,riot,12
1787862570.690,gateway,1
1787862570.704,dns,13
1787862570.730,riot,12
1787862571.691,gateway,1
1787862571.704,dns,12
1787862571.730,riot,10
1787862572.691,gateway,1
1787862572.706,dns,13
1787862572.732,riot,8
1787862573.693,gateway,1
1787862573.708,dns,15
1787862573.737,riot,10
1787862574.694,gateway,1
1787862574.708,dns,15
1787862574.736,riot,11
1787862575.694,gateway,1
1787862575.708,dns,11
1787862575.733,riot,8
1787862576.696,gateway,1
1787862576.710,dns,13
1787862576.738,riot,13
1787862577.698,gateway,5
1787862577.717,dns,15
1787862577.746,riot,11
1787862578.699,gateway,1
1787862578.713,dns,14
1787862578.742,riot,11
1787862579.699,gateway,1
1787862579.714,dns,14
1787862579.742,riot,12
1787862580.700,gateway,1
1787862580.714,dns,15
1787862580.742,riot,11
1787862581.700,gateway,1
1787862581.715,dns,13
1787862581.741,riot,12
1787862582.701,gateway,1
1787862582.715,dns,14
1787862582.743,riot,11
1787862583.702,gateway,1
1787862583.717,dns,16
1787862583.746,riot,9
1787862584.703,gateway,1
1787862584.717,dns,14
1787862584.745,riot,14
1787862585.704,gateway,1
1787862585.719,dns,14
1787862585.746,riot,13
1787862586.705,gateway,1
1787862586.718,dns,14
1787862586.746,riot,13
1787862587.706,gateway,1
1787862587.720,dns,14
1787862587.749,riot,12
1787862588.707,gateway,1
1787862588.722,dns,13
1787862588.747,riot,12
1787862589.708,gateway,1
1787862589.722,dns,13
1787862589.748,riot,12
1787862590.709,gateway,1
1787862590.722,dns,13
1787862590.747,riot,8
1787862591.710,gateway,1
1787862591.724,dns,13
1787862591.750,riot,12
1787862592.712,gateway,2
1787862592.725,dns,12
1787862592.750,riot,13
1787862593.712,gateway,1
1787862593.726,dns,16
1787862593.756,riot,12
1787862594.712,gateway,1
1787862594.727,dns,14
1787862594.755,riot,13
1787862595.714,gateway,1
1787862595.729,dns,16
1787862595.758,riot,12
1787862596.714,gateway,1
1787862596.729,dns,14
1787862596.758,riot,12
1787862597.715,gateway,1
1787862597.730,dns,14
1787862597.757,riot,12
1787862598.717,gateway,1
1787862598.728,dns,16
1787862598.756,riot,12
1787862599.718,gateway,1
1787862599.731,dns,18
1787862599.765,riot,12
1787862600.719,gateway,1
1787862600.733,dns,14
1787862600.761,riot,14
1787862601.720,gateway,1
1787862601.734,dns,13
1787862601.760,riot,14
1787862602.722,gateway,1
1787862602.735,dns,12
1787862602.762,riot,19
1787862603.723,gateway,1
1787862603.737,dns,12
1787862603.763,riot,14
1787862604.724,gateway,1
1787862604.739,dns,10
1787862604.764,riot,11
1787862605.724,gateway,1
1787862605.739,dns,14
1787862605.766,riot,11
1787862606.725,gateway,1
1787862606.739,dns,11
1787862606.764,riot,13
1787862607.726,gateway,1
1787862607.742,dns,13
1787862607.770,riot,12
1787862608.726,gateway,1
1787862608.741,dns,13
1787862608.770,riot,12
1787862609.727,gateway,2
1787862609.745,dns,14
1787862609.773,riot,13
1787862610.727,gateway,1
1787862610.742,dns,15
1787862610.771,riot,12
1787862611.729,gateway,1
1787862611.743,dns,14
1787862611.771,riot,14
1787862612.730,gateway,1
1787862612.744,dns,14
1787862612.772,riot,12
1787862613.731,gateway,1
1787862613.746,dns,14
1787862613.774,riot,13
1787862614.732,gateway,1
1787862614.748,dns,14
1787862614.775,riot,11
1787862615.732,gateway,1
1787862615.746,dns,14
1787862615.774,riot,11
1787862616.733,gateway,1
1787862616.748,dns,13
1787862616.774,riot,12
1787862617.734,gateway,1
1787862617.748,dns,14
1787862617.777,riot,13
1787862618.735,gateway,1
1787862618.750,dns,13
1787862618.777,riot,13
1787862619.736,gateway,1
1787862619.750,dns,14
1787862619.780,riot,12
1787862620.737,gateway,1
1787862620.751,dns,13
1787862620.779,riot,11
1787862621.737,gateway,1
1787862621.753,dns,13
1787862621.780,riot,12
1787862622.738,gateway,1
1787862622.751,dns,13
1787862622.780,riot,11
1787862623.739,gateway,2
1787862623.755,dns,14
1787862623.783,riot,12
1787862624.740,gateway,1
1787862624.754,dns,13
1787862624.784,riot,12
1787862625.741,gateway,1
1787862625.755,dns,15
1787862625.785,riot,14
1787862626.742,gateway,1
1787862626.759,dns,14
1787862626.787,riot,12
1787862627.743,gateway,1
1787862627.756,dns,14
1787862627.785,riot,12
1787862628.744,gateway,1
1787862628.759,dns,14
1787862628.788,riot,11
1787862629.745,gateway,1
1787862629.757,dns,14
1787862629.785,riot,13
1787862630.746,gateway,1
1787862630.760,dns,13
1787862630.785,riot,12
1787862631.747,gateway,1
1787862631.762,dns,15
1787862631.792,riot,12
1787862632.748,gateway,1
1787862632.762,dns,14
1787862632.788,riot,15
1787862633.749,gateway,2
1787862633.765,dns,16
1787862633.795,riot,13
1787862634.750,gateway,1
1787862634.763,dns,14
1787862634.790,riot,11
1787862635.751,gateway,1
1787862635.765,dns,16
1787862635.795,riot,14
1787862636.753,gateway,1
1787862636.768,dns,15
1787862636.797,riot,11
1787862637.753,gateway,1
1787862637.775,dns,14
1787862637.803,riot,12
1787862638.754,gateway,1
1787862638.766,dns,20
1787862638.801,riot,13
1787862639.754,gateway,1
1787862639.769,dns,15
1787862639.797,riot,11
1787862640.755,gateway,1
1787862640.770,dns,14
1787862640.797,riot,13
1787862641.756,gateway,1
1787862641.770,dns,14
1787862641.799,riot,11
1787862642.756,gateway,1
1787862642.769,dns,13
1787862642.794,riot,12
1787862643.757,gateway,1
1787862643.772,dns,14
1787862643.799,riot,10
1787862644.759,gateway,1
1787862644.773,dns,15
1787862644.803,riot,12
1787862645.760,gateway,1
1787862645.772,dns,14
1787862645.801,riot,12
1787862646.761,gateway,1
1787862646.774,dns,15
1787862646.804,riot,12
1787862647.762,gateway,4
1787862647.780,dns,15
1787862647.810,riot,16
1787862648.764,gateway,1
1787862648.777,dns,14
1787862648.804,riot,13
1787862649.765,gateway,2
1787862649.787,dns,15
1787862649.820,riot,13
1787862650.767,gateway,1
1787862650.781,dns,15
1787862650.810,riot,13
1787862651.767,gateway,1
1787862651.782,dns,11
1787862651.807,riot,12
1787862652.769,gateway,1
1787862652.783,dns,19
1787862652.813,riot,12
1787862653.769,gateway,1
1787862653.783,dns,13
1787862653.810,riot,12
1787862654.770,gateway,1
1787862654.785,dns,13
1787862654.813,riot,14
1787862655.770,gateway,1
1787862655.783,dns,14
1787862655.812,riot,12
1787862656.770,gateway,2
1787862656.786,dns,13
1787862656.813,riot,12
1787862657.771,gateway,1
1787862657.784,dns,15
1787862657.813,riot,12
1787862658.772,gateway,1
1787862658.786,dns,13
1787862658.813,riot,12
1787862659.773,gateway,1
1787862659.788,dns,13
1787862659.814,riot,12
1787862660.774,gateway,1
1787862660.787,dns,15
1787862660.814,riot,12
1787862661.774,gateway,1
1787862661.789,dns,13
1787862661.816,riot,13
1787862662.776,gateway,1
1787862662.790,dns,16
1787862662.822,riot,12
1787862663.777,gateway,4
1787862663.793,dns,14
1787862663.821,riot,11
1787862664.778,gateway,11
1787862664.803,dns,12
1787862664.829,riot,12
1787862665.778,gateway,1
1787862665.793,dns,16
1787862665.823,riot,11
1787862666.779,gateway,1
1787862666.794,dns,23
1787862666.830,riot,10
1787862667.781,gateway,1
1787862667.795,dns,18
1787862667.827,riot,12
1787862668.782,gateway,1
1787862668.794,dns,28
1787862668.835,riot,10
1787862669.784,gateway,1
1787862669.797,dns,15
1787862669.824,riot,12
1787862670.785,gateway,1
1787862670.798,dns,15
1787862670.827,riot,18
1787862671.785,gateway,2
1787862671.800,dns,14
1787862671.827,riot,14
1787862672.787,gateway,1
1787862672.801,dns,13
1787862672.828,riot,20
1787862673.788,gateway,1
1787862673.803,dns,14
1787862673.830,riot,12
1787862674.790,gateway,1
1787862674.803,dns,17
1787862674.834,riot,11
1787862675.791,gateway,1
1787862675.805,dns,11
1787862675.829,riot,14
1787862676.792,gateway,1
1787862676.807,dns,12
1787862676.833,riot,12
1787862677.793,gateway,1
1787862677.809,dns,14
1787862677.836,riot,12
1787862678.794,gateway,1
1787862678.808,dns,14
1787862678.838,riot,12
1787862679.795,gateway,2
1787862679.810,dns,15
1787862679.838,riot,9
1787862680.797,gateway,2
1787862680.813,dns,15
1787862680.841,riot,12
1787862681.797,gateway,1
1787862681.811,dns,14
1787862681.840,riot,12
1787862682.798,gateway,1
1787862682.812,dns,14
1787862682.841,riot,13
1787862683.799,gateway,1
1787862683.812,dns,16
1787862683.842,riot,13
1787862684.800,gateway,1
1787862684.812,dns,14
1787862684.841,riot,13
1787862685.800,gateway,1
1787862685.814,dns,14
1787862685.842,riot,12
1787862686.801,gateway,1
1787862686.820,dns,15
1787862686.851,riot,12
1787862687.803,gateway,82
1787862687.897,dns,80
1787862687.987,riot,37
1787862688.803,gateway,22
1787862688.840,dns,13
1787862688.865,riot,14
1787862689.804,gateway,45
1787862689.862,dns,22
1787862689.897,riot,12
1787862690.805,gateway,1
1787862690.820,dns,29
1787862690.863,riot,12
1787862691.806,gateway,1
1787862691.822,dns,14
1787862691.848,riot,12
1787862692.807,gateway,1
1787862692.821,dns,14
1787862692.848,riot,11
1787862693.808,gateway,1
1787862693.823,dns,14
1787862693.850,riot,14
1787862694.810,gateway,1
1787862694.823,dns,15
1787862694.853,riot,13
1787862695.811,gateway,1
1787862695.825,dns,17
1787862695.857,riot,22
1787862696.812,gateway,1
1787862696.825,dns,14
1787862696.854,riot,21
1787862697.812,gateway,1
1787862697.825,dns,13
1787862697.852,riot,12
1787862698.813,gateway,1
1787862698.826,dns,13
1787862698.854,riot,12
1787862699.814,gateway,1
1787862699.828,dns,14
1787862699.857,riot,9
1787862700.815,gateway,2
1787862700.833,dns,14
1787862700.862,riot,13
1787862701.816,gateway,1
1787862701.830,dns,15
1787862701.858,riot,13
1787862702.816,gateway,1
1787862702.830,dns,16
1787862702.860,riot,16
1787862703.817,gateway,1
1787862703.832,dns,16
1787862703.862,riot,12
1787862704.819,gateway,1
1787862704.832,dns,14
1787862704.861,riot,13
1787862705.819,gateway,1
1787862705.833,dns,14
1787862705.860,riot,13
1787862706.821,gateway,1
1787862706.833,dns,17
1787862706.864,riot,13
1787862707.821,gateway,1
1787862707.833,dns,14
1787862707.860,riot,12
1787862708.822,gateway,1
1787862708.835,dns,13
1787862708.860,riot,16
1787862709.824,gateway,1
1787862709.836,dns,13
1787862709.864,riot,12
1787862710.824,gateway,2
1787862710.839,dns,14
1787862710.866,riot,9
1787862711.825,gateway,1
1787862711.839,dns,16
1787862711.868,riot,11
1787862712.827,gateway,1
1787862712.841,dns,14
1787862712.867,riot,11
1787862713.828,gateway,1
1787862713.841,dns,14
1787862713.868,riot,10
1787862714.830,gateway,1
1787862714.845,dns,14
1787862714.876,riot,16
1787862715.831,gateway,1
1787862715.845,dns,15
1787862715.874,riot,13
1787862716.833,gateway,1
1787862716.847,dns,15
1787862716.876,riot,13
1787862717.833,gateway,1
1787862717.846,dns,15
1787862717.874,riot,11
1787862718.834,gateway,1
1787862718.846,dns,14
1787862718.873,riot,13
1787862719.835,gateway,1
1787862719.850,dns,13
1787862719.876,riot,12
1787862720.836,gateway,1
1787862720.850,dns,16
1787862720.879,riot,15
1787862721.836,gateway,1
1787862721.850,dns,16
1787862721.877,riot,13
1787862722.836,gateway,1
1787862722.850,dns,13
1787862722.876,riot,12
1787862723.837,gateway,1
1787862723.853,dns,14
1787862723.880,riot,14
1787862724.838,gateway,1
1787862724.852,dns,16
1787862724.881,riot,13
1787862725.838,gateway,1
1787862725.853,dns,14
1787862725.880,riot,13
1787862726.839,gateway,1
1787862726.852,dns,14
1787862726.880,riot,14
1787862727.840,gateway,1
1787862727.854,dns,13
1787862727.882,riot,13
1787862728.841,gateway,1
1787862728.854,dns,14
1787862728.893,riot,15
1787862729.842,gateway,1
1787862729.855,dns,14
1787862729.882,riot,12
1787862730.843,gateway,1
1787862730.856,dns,13
1787862730.884,riot,12
1787862731.845,gateway,1
1787862731.859,dns,13
1787862731.886,riot,14
1787862732.845,gateway,1
1787862732.859,dns,13
1787862732.886,riot,13
1787862733.846,gateway,1
1787862733.859,dns,14
1787862733.888,riot,13
1787862734.847,gateway,3
1787862734.863,dns,14
1787862734.889,riot,12
1787862735.850,gateway,1
1787862735.862,dns,15
1787862735.890,riot,13
1787862736.850,gateway,1
1787862736.864,dns,15
1787862736.892,riot,11
1787862737.851,gateway,1
1787862737.865,dns,21
1787862737.898,riot,10
1787862738.852,gateway,1
1787862738.867,dns,14
1787862738.893,riot,14
1787862739.852,gateway,1
1787862739.866,dns,15
1787862739.895,riot,12
1787862740.854,gateway,2
1787862740.869,dns,12
1787862740.895,riot,12
1787862741.855,gateway,1
1787862741.869,dns,11
1787862741.894,riot,12
1787862742.857,gateway,1
1787862742.870,dns,14
1787862742.897,riot,12
1787862743.857,gateway,1
1787862743.870,dns,14
1787862743.898,riot,10
1787862744.859,gateway,1
1787862744.873,dns,13
1787862744.900,riot,12
1787862745.859,gateway,1
1787862745.873,dns,13
1787862745.902,riot,12
1787862746.860,gateway,1
1787862746.874,dns,13
1787862746.901,riot,12
1787862747.860,gateway,1
1787862747.875,dns,14
1787862747.903,riot,12
1787862748.861,gateway,1
1787862748.876,dns,13
1787862748.901,riot,11
1787862749.862,gateway,1
1787862749.876,dns,13
1787862749.903,riot,13
1787862750.863,gateway,27
1787862750.904,dns,10
1787862750.926,riot,41
1787862751.865,gateway,1
1787862751.880,dns,12
1787862751.906,riot,12
1787862752.867,gateway,1
1787862752.880,dns,41
1787862752.934,riot,12
1787862753.869,gateway,1
1787862753.883,dns,16
1787862753.913,riot,11
1787862754.870,gateway,1
1787862754.883,dns,15
1787862754.913,riot,11
1787862755.871,gateway,1
1787862755.885,dns,15
1787862755.914,riot,12
1787862756.872,gateway,1
1787862756.887,dns,13
1787862756.912,riot,11
1787862757.873,gateway,1
1787862757.887,dns,14
1787862757.917,riot,12
1787862758.873,gateway,1
1787862758.888,dns,14
1787862758.914,riot,14
1787862759.874,gateway,1
1787862759.889,dns,16
1787862759.917,riot,12
1787862760.875,gateway,1
1787862760.888,dns,14
1787862760.915,riot,13
1787862761.876,gateway,1
1787862761.890,dns,13
1787862761.917,riot,15
1787862762.876,gateway,1
1787862762.890,dns,15
1787862762.920,riot,13
1787862763.877,gateway,1
1787862763.891,dns,15
1787862763.921,riot,12
1787862764.878,gateway,1
1787862764.891,dns,13
1787862764.920,riot,13
1787862765.879,gateway,1
1787862765.894,dns,14
1787862765.922,riot,13
1787862766.880,gateway,1
1787862766.895,dns,12
1787862766.922,riot,12
1787862767.881,gateway,1
1787862767.896,dns,14
1787862767.923,riot,14
1787862768.882,gateway,1
1787862768.898,dns,16
1787862768.928,riot,13
1787862769.882,gateway,1
1787862769.896,dns,13
1787862769.923,riot,12
1787862770.882,gateway,1
1787862770.897,dns,16
1787862770.927,riot,13
1787862771.883,gateway,1
1787862771.897,dns,17
1787862771.929,riot,12
1787862772.884,gateway,1
1787862772.898,dns,16
1787862772.928,riot,11
1787862773.885,gateway,1
1787862773.900,dns,14
1787862773.928,riot,13
1787862774.886,gateway,1
1787862774.901,dns,13
1787862774.928,riot,13
1787862775.886,gateway,2
1787862775.903,dns,18
1787862775.934,riot,12
1787862776.888,gateway,1
1787862776.902,dns,11
1787862776.927,riot,14
1787862777.888,gateway,1
1787862777.903,dns,11
1787862777.927,riot,13
1787862778.889,gateway,1
1787862778.905,dns,13
1787862778.933,riot,11
1787862779.890,gateway,1
1787862779.903,dns,11
1787862779.929,riot,15
1787862780.891,gateway,1
1787862780.904,dns,14
1787862780.932,riot,12
1787862781.891,gateway,1
1787862781.905,dns,14
1787862781.935,riot,12
1787862782.892,gateway,1
1787862782.910,dns,13
1787862782.937,riot,12
1787862783.892,gateway,1
1787862783.906,dns,14
1787862783.935,riot,9
1787862784.894,gateway,1
1787862784.908,dns,14
1787862784.936,riot,12
1787862785.894,gateway,1
1787862785.909,dns,15
1787862785.937,riot,13
1787862786.895,gateway,1
1787862786.910,dns,13
1787862786.937,riot,8
1787862787.897,gateway,1
1787862787.910,dns,13
1787862787.940,riot,12
1787862788.898,gateway,1
1787862788.914,dns,16
1787862788.943,riot,13
1787862789.898,gateway,1
1787862789.912,dns,14
1787862789.939,riot,15
1787862790.899,gateway,1
1787862790.913,dns,13
1787862790.941,riot,14
1787862791.901,gateway,1
1787862791.917,dns,14
1787862791.945,riot,13
1787862792.902,gateway,1
1787862792.915,dns,16
1787862792.947,riot,11
1787862793.903,gateway,2
1787862793.919,dns,14
1787862793.947,riot,12
1787862794.903,gateway,1
1787862794.918,dns,13
1787862794.945,riot,14
1787862795.904,gateway,1
1787862795.918,dns,15
1787862795.947,riot,12
1787862796.905,gateway,1
1787862796.919,dns,14
1787862796.946,riot,11
1787862797.905,gateway,1
1787862797.920,dns,13
1787862797.947,riot,13
1787862798.906,gateway,2
1787862798.922,dns,14
1787862798.951,riot,13
1787862799.908,gateway,1
1787862799.923,dns,15
1787862799.951,riot,13
1787862800.909,gateway,1
1787862800.923,dns,14
1787862800.951,riot,11
1787862801.909,gateway,1
1787862801.923,dns,15
1787862801.950,riot,12
1787862802.911,gateway,1
1787862802.925,dns,14
1787862802.952,riot,11
1787862803.911,gateway,1
1787862803.925,dns,14
1787862803.953,riot,14
1787862804.912,gateway,1
1787862804.925,dns,14
1787862804.952,riot,11
1787862805.914,gateway,1
1787862805.930,dns,16
1787862805.960,riot,14
1787862806.914,gateway,3
1787862806.930,dns,15
1787862806.959,riot,13
1787862807.914,gateway,10
1787862807.939,dns,14
1787862807.967,riot,39
1787862808.915,gateway,1
1787862808.930,dns,17
1787862808.962,riot,13
1787862809.916,gateway,1
1787862809.931,dns,29
1787862809.973,riot,13
1787862810.917,gateway,1
1787862810.932,dns,17
1787862810.962,riot,12
1787862811.918,gateway,1
1787862811.933,dns,24
1787862811.970,riot,13
1787862812.919,gateway,1
1787862812.933,dns,13
1787862812.960,riot,13
1787862813.919,gateway,2
1787862813.935,dns,12
1787862813.962,riot,22
1787862814.920,gateway,1
1787862814.952,dns,14
1787862814.980,riot,11
1787862815.920,gateway,1
1787862815.934,dns,15
1787862815.963,riot,23
1787862816.921,gateway,1
1787862816.935,dns,13
1787862816.962,riot,16
1787862817.921,gateway,1
1787862817.934,dns,14
1787862817.962,riot,12
1787862818.922,gateway,1
1787862818.936,dns,10
1787862818.960,riot,16
1787862819.923,gateway,1
1787862819.937,dns,14
1787862819.966,riot,12
1787862820.923,gateway,1
1787862820.936,dns,13
1787862820.961,riot,13
1787862821.925,gateway,1
1787862821.940,dns,13
1787862821.967,riot,12
1787862822.926,gateway,1
1787862822.940,dns,12
1787862822.964,riot,9
1787862823.927,gateway,1
1787862823.941,dns,14
1787862823.969,riot,12
1787862824.928,gateway,1
1787862824.942,dns,13
1787862824.968,riot,11
1787862825.929,gateway,1
1787862825.942,dns,15
1787862825.972,riot,14
1787862826.931,gateway,1
1787862826.944,dns,14
1787862826.970,riot,11
1787862827.931,gateway,1
1787862827.945,dns,14
1787862827.973,riot,13
1787862828.932,gateway,1
1787862828.946,dns,17
1787862828.977,riot,11
1787862829.934,gateway,1
1787862829.946,dns,13
1787862829.973,riot,11
1787862830.934,gateway,1
1787862830.948,dns,14
1787862830.976,riot,18
1787862831.935,gateway,1
1787862831.949,dns,13
1787862831.977,riot,12
1787862832.936,gateway,1
1787862832.952,dns,16
1787862832.982,riot,12
1787862833.937,gateway,1
1787862833.950,dns,13
1787862833.976,riot,12
1787862834.938,gateway,3
1787862834.953,dns,15
1787862834.982,riot,14
1787862835.939,gateway,1
1787862835.951,dns,13
1787862835.978,riot,13
1787862836.940,gateway,1
1787862836.954,dns,13
1787862836.981,riot,14
1787862837.941,gateway,1
1787862837.953,dns,14
1787862837.980,riot,12
1787862838.941,gateway,1
1787862838.956,dns,14
1787862838.985,riot,12
1787862839.942,gateway,1
1787862839.956,dns,17
1787862839.986,riot,11
1787862840.942,gateway,1
1787862840.956,dns,17
1787862840.986,riot,12
1787862841.943,gateway,2
1787862841.960,dns,13
1787862841.986,riot,12
1787862842.943,gateway,1
1787862842.956,dns,13
1787862842.982,riot,11
1787862843.944,gateway,1
1787862843.958,dns,13
1787862843.986,riot,12
1787862844.944,gateway,1
1787862844.958,dns,15
1787862844.985,riot,12
1787862845.945,gateway,1
1787862845.958,dns,14
1787862845.984,riot,11
1787862846.945,gateway,1
1787862846.959,dns,15
1787862846.990,riot,12
1787862847.946,gateway,1
1787862847.960,dns,13
1787862847.986,riot,11
1787862848.947,gateway,1
1787862848.962,dns,15
1787862848.991,riot,12
1787862849.948,gateway,2
1787862849.963,dns,16
1787862849.993,riot,15
1787862850.949,gateway,1
1787862850.963,dns,15
1787862850.993,riot,14
1787862851.950,gateway,1
1787862851.964,dns,16
1787862851.994,riot,13
1787862852.951,gateway,1
1787862852.965,dns,16
1787862852.995,riot,13
1787862853.952,gateway,1
1787862853.965,dns,19
1787862853.998,riot,9
1787862854.953,gateway,1
1787862854.967,dns,16
1787862854.999,riot,12
1787862855.954,gateway,1
1787862855.969,dns,14
1787862855.995,riot,12
1787862856.955,gateway,1
1787862856.971,dns,14
1787862856.998,riot,11
1787862857.956,gateway,1
1787862857.970,dns,13
1787862857.996,riot,14
1787862858.957,gateway,1
1787862858.972,dns,13
1787862859.000,riot,8
1787862859.959,gateway,1
1787862859.973,dns,14
1787862860.002,riot,13
1787862860.959,gateway,1
1787862860.976,dns,14
1787862861.003,riot,11
1787862861.961,gateway,1
1787862861.975,dns,26
1787862862.015,riot,14
1787862862.963,gateway,1
1787862862.980,dns,14
1787862863.008,riot,12
1787862863.963,gateway,2
1787862863.978,dns,12
1787862864.003,riot,12
1787862864.964,gateway,1
1787862864.977,dns,13
1787862865.006,riot,9
1787862865.964,gateway,1
1787862865.980,dns,14
1787862866.006,riot,12
1787862866.966,gateway,1
1787862866.980,dns,15
1787862867.010,riot,13
1787862867.967,gateway,1
1787862867.983,dns,18
1787862868.016,riot,17
1787862868.969,gateway,1
1787862868.983,dns,15
1787862869.012,riot,14
1787862869.969,gateway,1
1787862869.984,dns,15
1787862870.012,riot,11
1787862870.970,gateway,1
1787862870.983,dns,15
1787862871.013,riot,12
1787862871.970,gateway,1
1787862871.985,dns,13
1787862872.011,riot,12
1787862872.972,gateway,1
1787862872.987,dns,14
1787862873.015,riot,11
1787862873.972,gateway,1
1787862873.985,dns,14
1787862874.014,riot,12
1787862874.974,gateway,1
1787862874.988,dns,14
1787862875.015,riot,12
1787862875.975,gateway,1
1787862875.989,dns,14
1787862876.016,riot,13
1787862876.976,gateway,1
1787862876.990,dns,15
1787862877.020,riot,12
1787862877.976,gateway,2
1787862877.991,dns,17
1787862878.021,riot,13
1787862878.977,gateway,1
1787862878.991,dns,13
1787862879.018,riot,13
1787862879.978,gateway,1
1787862879.993,dns,14
1787862880.020,riot,12
1787862880.978,gateway,1
1787862880.993,dns,14
1787862881.022,riot,12
1787862881.980,gateway,3
1787862881.999,dns,15
1787862882.029,riot,13
1787862882.981,gateway,1
1787862882.995,dns,14
1787862883.021,riot,12
1787862883.982,gateway,1
1787862883.995,dns,13
1787862884.021,riot,8
1787862884.983,gateway,1
1787862884.997,dns,14
1787862885.024,riot,13
1787862885.984,gateway,1
1787862885.997,dns,17
1787862886.029,riot,10
1787862886.985,gateway,1
1787862887.000,dns,15
1787862887.028,riot,12
1787862887.986,gateway,3
1787862888.002,dns,16
1787862888.032,riot,13
1787862888.987,gateway,1
1787862889.001,dns,13
1787862889.027,riot,15
1787862889.988,gateway,1
1787862890.004,dns,12
1787862890.030,riot,12
1787862890.989,gateway,1
1787862891.003,dns,12
1787862891.028,riot,12
1787862891.990,gateway,1
1787862892.004,dns,14
1787862892.032,riot,12
1787862892.990,gateway,1
1787862893.002,dns,13
1787862893.028,riot,15
1787862893.992,gateway,1
1787862894.004,dns,12
1787862894.029,riot,13
1787862894.993,gateway,1
1787862895.006,dns,14
1787862895.031,riot,12
1787862895.994,gateway,1
1787862896.006,dns,11
1787862896.031,riot,13
1787862896.995,gateway,1
1787862897.010,dns,18
1787862897.040,riot,11
1787862897.996,gateway,1
1787862898.011,dns,14
1787862898.040,riot,13
1787862898.997,gateway,1
1787862899.010,dns,16
1787862899.040,riot,12
1787862899.997,gateway,3
1787862900.013,dns,14
1787862900.041,riot,10
1787862900.999,gateway,1
1787862901.013,dns,14
1787862901.039,riot,13
1787862901.999,gateway,1
1787862902.013,dns,12
1787862902.039,riot,13
1787862903.001,gateway,2
1787862903.015,dns,14
1787862903.043,riot,12
1787862904.002,gateway,1
1787862904.016,dns,13
1787862904.043,riot,13
1787862905.003,gateway,1
1787862905.016,dns,9
1787862905.039,riot,11
1787862906.004,gateway,1
1787862906.017,dns,15
1787862906.050,riot,11
1787862907.005,gateway,1
1787862907.017,dns,15
1787862907.046,riot,13
1787862908.006,gateway,3
1787862908.022,dns,14
1787862908.050,riot,12
1787862909.007,gateway,1
1787862909.020,dns,14
1787862909.047,riot,13
1787862910.007,gateway,1
1787862910.022,dns,13
1787862910.050,riot,11
1787862911.008,gateway,1
1787862911.022,dns,15
1787862911.052,riot,13
1787862912.009,gateway,1
1787862912.024,dns,14
1787862912.051,riot,13
1787862913.010,gateway,1
1787862913.023,dns,15
1787862913.052,riot,11
1787862914.011,gateway,1
1787862914.023,dns,13
1787862914.051,riot,12
1787862915.011,gateway,1
1787862915.027,dns,13
1787862915.054,riot,11
1787862916.013,gateway,1
1787862916.027,dns,14
1787862916.055,riot,12
1787862917.013,gateway,1
1787862917.027,dns,14
1787862917.054,riot,129
1787862918.015,gateway,2
1787862918.030,dns,15
1787862918.060,riot,14
1787862919.016,gateway,5
1787862919.035,dns,42
1787862919.093,riot,71
1787862920.017,gateway,1
1787862920.031,dns,15
1787862920.061,riot,12
1787862921.018,gateway,1
1787862921.032,dns,14
1787862921.060,riot,12
1787862922.019,gateway,1
1787862922.033,dns,13
1787862922.061,riot,13
1787862923.020,gateway,1
1787862923.034,dns,14
1787862923.062,riot,12
1787862924.021,gateway,1
1787862924.034,dns,15
1787862924.064,riot,13
1787862925.022,gateway,1
1787862925.036,dns,14
1787862925.065,riot,14
1787862926.023,gateway,1
1787862926.038,dns,13
1787862926.066,riot,13
1787862927.024,gateway,1
1787862927.039,dns,15
1787862927.069,riot,12
1787862928.024,gateway,1
1787862928.039,dns,14
1787862928.066,riot,12
1787862929.025,gateway,1
1787862929.039,dns,15
1787862929.068,riot,12
1787862930.026,gateway,1
1787862930.040,dns,13
1787862930.066,riot,11
1787862931.027,gateway,1
1787862931.043,dns,22
1787862931.077,riot,12
1787862932.028,gateway,1
1787862932.044,dns,15
1787862932.072,riot,12
1787862933.029,gateway,1
1787862933.043,dns,14
1787862933.072,riot,12
1787862934.030,gateway,1
1787862934.045,dns,15
1787862934.073,riot,12
1787862935.032,gateway,1
1787862935.047,dns,13
1787862935.073,riot,14
1787862936.032,gateway,1
1787862936.046,dns,14
1787862936.076,riot,13
1787862937.033,gateway,1
1787862937.050,dns,14
1787862937.078,riot,12
1787862938.033,gateway,1
1787862938.047,dns,14
1787862938.075,riot,12
1787862939.035,gateway,1
1787862939.050,dns,13
1787862939.076,riot,12
1787862940.036,gateway,1
1787862940.050,dns,14
1787862940.077,riot,11
1787862941.038,gateway,1
1787862941.051,dns,14
1787862941.080,riot,11
1787862942.039,gateway,1
1787862942.052,dns,14
1787862942.081,riot,13
1787862943.040,gateway,1
1787862943.053,dns,15
1787862943.082,riot,12
1787862944.040,gateway,1
1787862944.054,dns,14
1787862944.081,riot,13
1787862945.041,gateway,1
1787862945.057,dns,15
1787862945.084,riot,11
1787862946.043,gateway,1
1787862946.058,dns,14
1787862946.085,riot,12
1787862947.044,gateway,1
1787862947.058,dns,13
1787862947.085,riot,13
1787862948.046,gateway,1
1787862948.060,dns,11
1787862948.085,riot,12
1787862949.046,gateway,1
1787862949.060,dns,13
1787862949.087,riot,13
1787862950.047,gateway,5
1787862950.067,dns,15
1787862950.095,riot,12
1787862951.048,gateway,1
1787862951.062,dns,16
1787862951.093,riot,14
1787862952.049,gateway,1
1787862952.064,dns,19
1787862952.096,riot,12
1787862953.050,gateway,1
1787862953.064,dns,16
1787862953.093,riot,14
1787862954.050,gateway,1
1787862954.065,dns,20
1787862954.098,riot,11
1787862955.052,gateway,1
1787862955.065,dns,16
1787862955.096,riot,17
1787862956.053,gateway,1
1787862956.067,dns,14
1787862956.095,riot,16
1787862957.054,gateway,1
1787862957.068,dns,12
1787862957.095,riot,23
1787862958.055,gateway,1
1787862958.070,dns,17
1787862958.101,riot,19
1787862959.056,gateway,1
1787862959.070,dns,13
1787862959.096,riot,10
1787862960.056,gateway,1
1787862960.070,dns,14
1787862960.098,riot,18
1787862961.058,gateway,1
1787862961.070,dns,14
1787862961.096,riot,13
1787862962.058,gateway,1
1787862962.070,dns,14
1787862962.101,riot,13
1787862963.059,gateway,1
1787862963.083,dns,11
1787862963.104,riot,14
1787862964.060,gateway,1
1787862964.071,dns,12
1787862964.097,riot,12
1787862965.061,gateway,2
1787862965.073,dns,14
1787862965.098,riot,11
1787862966.062,gateway,1
1787862966.073,dns,13
1787862966.097,riot,12
1787862967.062,gateway,1
1787862967.076,dns,14
1787862967.104,riot,12
1787862968.063,gateway,1
1787862968.077,dns,14
1787862968.103,riot,12
1787862969.065,gateway,1
1787862969.080,dns,15
1787862969.106,riot,11
1787862970.067,gateway,1
1787862970.081,dns,13
1787862970.107,riot,12
1787862971.068,gateway,1
1787862971.082,dns,16
1787862971.110,riot,11
1787862972.069,gateway,1
1787862972.084,dns,14
1787862972.111,riot,12
1787862973.070,gateway,1
1787862973.083,dns,15
1787862973.112,riot,11
1787862974.071,gateway,1
1787862974.083,dns,13
1787862974.110,riot,13
1787862975.071,gateway,1
1787862975.084,dns,13
1787862975.110,riot,11
1787862976.071,gateway,1
1787862976.084,dns,13
1787862976.110,riot,12
1787862977.073,gateway,1
1787862977.087,dns,15
1787862977.115,riot,12
1787862978.073,gateway,1
1787862978.086,dns,13
1787862978.113,riot,12
1787862979.074,gateway,1
1787862979.088,dns,16
1787862979.115,riot,12
1787862980.075,gateway,1
1787862980.088,dns,13
1787862980.113,riot,14
1787862981.076,gateway,1
1787862981.088,dns,18
1787862981.116,riot,15
1787862982.077,gateway,1
1787862982.090,dns,16
1787862982.118,riot,13
1787862983.078,gateway,431
1787862983.520,dns,204
1787862983.737,riot,37
1787862984.079,gateway,348
1787862984.440,dns,229
1787862984.690,riot,-1
1787862985.476,gateway,-1
1787862986.485,dns,427
1787862986.925,riot,18
1787862986.961,gateway,3
1787862986.976,dns,19
1787862987.010,riot,15
1787862987.963,gateway,1
1787862987.977,dns,15
1787862988.002,riot,14
1787862988.963,gateway,1
1787862988.976,dns,13
1787862989.002,riot,12
1787862989.963,gateway,1
1787862989.976,dns,15
1787862990.002,riot,12
1787862990.964,gateway,1
1787862990.976,dns,14
1787862991.003,riot,14
1787862991.965,gateway,5
1787862991.981,dns,14
1787862992.008,riot,12
1787862992.965,gateway,1
1787862992.977,dns,15
1787862993.004,riot,11
1787862993.966,gateway,1
1787862993.977,dns,14
1787862994.001,riot,13
1787862994.967,gateway,1
1787862994.976,dns,14
1787862995.000,riot,12
1787862995.967,gateway,1
1787862995.978,dns,13
1787862996.002,riot,11
1787862996.969,gateway,1
1787862996.979,dns,14
1787862997.001,riot,13
1787862997.970,gateway,1
1787862997.980,dns,14
1787862998.004,riot,13
1787862998.971,gateway,1
1787862998.982,dns,18
1787862999.009,riot,12
1787862999.972,gateway,1
1787862999.984,dns,13
1787863000.007,riot,11
1787863000.974,gateway,1
1787863000.985,dns,14
1787863001.010,riot,13
1787863001.975,gateway,1
1787863001.986,dns,14
1787863002.010,riot,11
1787863002.976,gateway,1
1787863002.991,dns,13
1787863003.014,riot,13
1787863003.978,gateway,2
1787863003.990,dns,16
1787863004.016,riot,13
1787863004.978,gateway,1
1787863004.990,dns,15
1787863005.015,riot,14
1787863005.978,gateway,1
1787863005.990,dns,28
1787863006.029,riot,12
1787863006.979,gateway,1
1787863006.990,dns,12
1787863007.013,riot,17
1787863007.981,gateway,1
1787863007.992,dns,14
1787863008.016,riot,11
1787863008.982,gateway,1
1787863008.992,dns,14
1787863009.015,riot,12
1787863009.983,gateway,1
1787863009.994,dns,16
1787863010.020,riot,14
1787863010.984,gateway,1
1787863010.995,dns,14
1787863011.018,riot,14
1787863011.985,gateway,1
1787863011.998,dns,14
1787863012.021,riot,12
1787863012.986,gateway,1
1787863012.996,dns,14
1787863013.020,riot,14
1787863013.987,gateway,1
1787863013.998,dns,15
1787863014.024,riot,11
1787863014.987,gateway,1
1787863014.997,dns,15
1787863015.022,riot,13
1787863015.988,gateway,2
1787863016.000,dns,15
1787863016.027,riot,14
1787863016.989,gateway,3
1787863017.003,dns,14
1787863017.026,riot,14
1787863017.990,gateway,2
1787863018.003,dns,14
1787863018.027,riot,15
1787863018.991,gateway,1
1787863019.000,dns,14
1787863019.025,riot,12
1787863019.992,gateway,1
1787863020.005,dns,14
1787863020.028,riot,12
1787863020.992,gateway,1
1787863021.004,dns,14
1787863021.028,riot,12
1787863021.994,gateway,1
1787863022.004,dns,13
1787863022.027,riot,11
1787863022.994,gateway,1
1787863023.006,dns,14
1787863023.032,riot,13
1787863023.996,gateway,1
1787863024.010,dns,14
1787863024.034,riot,12
1787863024.996,gateway,2
1787863025.009,dns,14
1787863025.033,riot,13
1787863025.997,gateway,1
1787863026.010,dns,14
1787863026.033,riot,13
1787863026.998,gateway,1
1787863027.008,dns,15
1787863027.034,riot,11
1787863027.999,gateway,1
1787863028.010,dns,18
1787863028.038,riot,11
1787863029.000,gateway,1
1787863029.011,dns,15
1787863029.036,riot,13
1787863030.001,gateway,1
1787863030.012,dns,14
1787863030.036,riot,11
1787863031.002,gateway,1
1787863031.019,dns,11
1787863031.040,riot,12
1787863032.004,gateway,1
1787863032.015,dns,15
1787863032.040,riot,12
1787863033.004,gateway,2
1787863033.017,dns,14
1787863033.040,riot,11
1787863034.006,gateway,1
1787863034.016,dns,14
1787863034.040,riot,15
1787863035.007,gateway,1
1787863035.017,dns,14
1787863035.041,riot,13
1787863036.007,gateway,1
1787863036.018,dns,14
1787863036.041,riot,11
1787863037.009,gateway,1
1787863037.020,dns,17
1787863037.046,riot,16
1787863038.010,gateway,1
1787863038.020,dns,13
1787863038.044,riot,13
1787863039.010,gateway,1
1787863039.021,dns,15
1787863039.045,riot,11
1787863040.012,gateway,1
1787863040.023,dns,14
1787863040.046,riot,11
1787863041.013,gateway,1
1787863041.023,dns,13
1787863041.047,riot,13
1787863042.014,gateway,1
1787863042.024,dns,15
1787863042.050,riot,13
1787863043.014,gateway,1
1787863043.028,dns,14
1787863043.054,riot,13
1787863044.015,gateway,1
1787863044.026,dns,14
1787863044.048,riot,12
1787863045.016,gateway,1
1787863045.027,dns,14
1787863045.051,riot,13
1787863046.017,gateway,1
1787863046.028,dns,14
1787863046.051,riot,12
1787863047.018,gateway,1
1787863047.032,dns,13
1787863047.055,riot,12
1787863048.020,gateway,1
1787863048.030,dns,13
1787863048.054,riot,11
1787863049.021,gateway,1
1787863049.033,dns,15
1787863049.058,riot,12
1787863050.021,gateway,1
1787863050.032,dns,14
1787863050.056,riot,11
1787863051.022,gateway,1
1787863051.031,dns,15
1787863051.055,riot,12
1787863052.023,gateway,1
1787863052.035,dns,14
1787863052.058,riot,12
